level,method,coverage,cov_h1,cov_h24,worst_month,best_month,mean_excess
0.5,Split conformal,0.47232329718417043,0.4815068493150685,0.5019691780821918,0.36032706093189965,0.671552979390681,-10.954039070251095
0.5,Adaptive (ACI),0.4995505136986302,0.4998002283105023,0.5001997716894977,0.46532118055555555,0.532496079749104,-9.893108628644004
0.6,Split conformal,0.5751426940639269,0.6043664383561644,0.5966324200913242,0.4335377464157706,0.7665770609318996,-2.2937109292454787
0.6,Adaptive (ACI),0.5986753234398782,0.5997146118721461,0.5989155251141552,0.5653790509259259,0.637642809139785,-1.2755894684016769
0.7,Split conformal,0.6746646689497718,0.7095319634703197,0.6807648401826485,0.5072384632616488,0.8412858422939068,6.813871077611044
0.7,Adaptive (ACI),0.6978631563926939,0.6994577625570776,0.6968607305936074,0.6679967517921147,0.7405633960573477,8.959715170748273
0.8,Split conformal,0.7684087233637747,0.8106164383561644,0.7684931506849315,0.5874215949820788,0.8989415322580645,17.451898666252035
0.8,Adaptive (ACI),0.7975218797564688,0.7996004566210047,0.7963184931506849,0.7735635080645161,0.8360635080645161,23.134803584045976
0.9,Split conformal,0.8579694634703197,0.908390410958904,0.8493436073059359,0.679925515232975,0.94921875,33.77605152809492
0.9,Adaptive (ACI),0.8979345034246574,0.8996575342465754,0.8966038812785389,0.882103587962963,0.9190468189964157,53.78547651678167
