setting,policy,red,gap,late,mig,p
urgent=0.1,ASAP-Local,0.0,170.85342904908597,0.00022256831623721307,0.0,2.9802322387695312e-08
urgent=0.1,Greedy-Spatial,34.03605420886946,74.76981462455814,0.0,76.27577115262577,2.9802322387695312e-08
urgent=0.1,Forecast-Reserve,50.741460003664244,26.312985971587015,0.002391571980278846,78.0877680227602,2.9802322387695312e-08
urgent=0.1,MPC,52.751984497896224,20.860585405582388,0.001074543978778015,50.71307384657114,2.9802322387695312e-08
urgent=0.1,CARMA,56.41827282475994,10.392827961557,0.0,50.19319038944905,
urgent=0.1,Oracle,60.2616701921704,0.0,0.0,50.02476470729689,
urgent=0.5,ASAP-Local,0.0,133.4373149686661,0.4122812747247627,0.0,2.9802322387695312e-08
urgent=0.5,Greedy-Spatial,33.99973947972724,51.112105161878404,0.0,76.29049641816354,2.9802322387695312e-08
urgent=0.5,Forecast-Reserve,44.85890351633175,24.517109105257582,0.08529333817029598,77.77214418922946,2.9802322387695312e-08
urgent=0.5,MPC,46.62137458601065,20.349080409901187,0.15067445255219616,48.988395536160155,2.9802322387695312e-08
urgent=0.5,CARMA,52.553711112681825,5.80604099525931,0.0,50.31579739496067,
urgent=0.5,Oracle,55.02319714215943,0.0,0.0,50.81020883722077,
eta=0.005,ASAP-Local,0.0,172.72705229648813,0.039714905052112136,0.0,2.9802322387695312e-08
eta=0.005,Greedy-Spatial,37.634505172030735,66.15659777575034,0.0,77.41665216166467,2.9802322387695312e-08
eta=0.005,Forecast-Reserve,51.309899880056655,26.60939266537927,0.007881000514306537,79.24116259550551,2.9802322387695312e-08
eta=0.005,MPC,51.85199560514748,25.01300611614653,0.00600089937286,50.633901005448145,2.9802322387695312e-08
eta=0.005,CARMA,57.208522979629535,9.379675872557586,0.0,51.205259872191824,
eta=0.005,Oracle,60.66086590542908,0.0,0.0,51.404670655998096,
eta=0.06,ASAP-Local,0.0,120.11325286379997,0.039714905052112136,0.0,2.9802322387695312e-08
eta=0.06,Greedy-Spatial,25.016948828944916,62.36819215950774,0.0,72.87209292532314,2.9802322387695312e-08
eta=0.06,Forecast-Reserve,39.95324741082848,27.61992387183848,0.012667309689120613,74.51560482562024,2.9802322387695312e-08
eta=0.06,MPC,44.309505135170866,18.105072792913923,0.003495642191638846,48.76952948770874,2.9802322387695312e-08
eta=0.06,CARMA,48.89631518314484,7.4400551846413645,0.0,48.655119452604204,
eta=0.06,Oracle,52.2633103875716,0.0,0.0,48.66660574018392,
"load=0.6, profile=0.5",ASAP-Local,0.0,105.21293072042184,0.21835200068963906,0.0,2.9802322387695312e-08
"load=0.6, profile=0.5",Greedy-Spatial,25.065826731208976,52.15249352357526,0.002099898857069231,74.53191340247064,2.9802322387695312e-08
"load=0.6, profile=0.5",Forecast-Reserve,37.20018942653289,25.720036393048723,0.30966522540291125,75.6370370346011,2.9802322387695312e-08
"load=0.6, profile=0.5",MPC,39.04301029789012,22.111993716613547,0.3421211336470549,39.615018517489716,2.9802322387695312e-08
"load=0.6, profile=0.5",CARMA,45.93467698811263,6.886854656833214,0.009658233456000769,40.044367526307845,
"load=0.6, profile=0.5",Oracle,49.293564118621404,0.0,0.0,39.70313396740901,
"load=0.4, profile=0.5",ASAP-Local,0.0,218.29120538418096,0.011158131235435858,0.0,2.9802322387695312e-08
"load=0.4, profile=0.5",Greedy-Spatial,43.61671581845478,72.84665490232963,0.0,78.56505045029874,2.9802322387695312e-08
"load=0.4, profile=0.5",Forecast-Reserve,57.24548875998991,27.004117788387592,0.0,81.25516511727358,2.9802322387695312e-08
"load=0.4, profile=0.5",MPC,58.97581371390044,21.340569194972073,0.0,60.247992820269005,5.960464477539063e-08
"load=0.4, profile=0.5",CARMA,62.26795332076195,10.836412833177024,0.0,60.4249162294906,
"load=0.4, profile=0.5",Oracle,65.61350507289106,0.0,0.0,61.21740559360259,
