regime,rho,policy,emis,red,red_sd,gap,late,mig,ms,p_vs_carma,carma_better_weeks
Spatio-temporal,0.3,ASAP-Local,3.7250382137012945,0.0,0.0,274.73604818581873,0.0012239716381546029,0.0,0.03856421533266046,2.8030919713666103e-09,52.0
Spatio-temporal,0.3,Greedy-Spatial,1.7673778695426954,53.83789791482661,9.211500941955574,64.56446853346482,0.0,81.56262424694734,0.11631808499155293,2.8030919713666103e-09,51.0
Spatio-temporal,0.3,Forecast-Reserve,1.3980426568348254,63.65551240242105,10.879799366869278,25.737827365285014,0.0,83.71456645350341,0.4023087311396146,2.8030919713666103e-09,52.0
Spatio-temporal,0.3,MPC,1.3363709005154965,65.46226976935017,10.849935875803016,18.937538172153502,0.0,69.16914996020508,2.3599702168746113,2.8030919713666103e-09,51.0
Spatio-temporal,0.3,MPC+conformal,1.288808511504361,66.72110633120404,10.912397650142577,14.204147884538571,0.0,70.04412693972306,2.35463450130465,1.8225756400444536e-08,45.0
Spatio-temporal,0.3,MPC-Perfect,1.3042218340571676,66.37675098122574,10.550643877800606,15.897967455651846,0.0,68.85114863673854,2.358606611509397,1.4246081869729015e-08,46.0
Spatio-temporal,0.3,CARMA,1.2341870874255296,68.13952968820065,11.12568972284811,8.659393404656894,0.0,69.90587103708926,23.52091326423745,,
Spatio-temporal,0.3,CARMA+conformal,1.237538782075161,68.07739385040296,11.148137262637675,8.862906894252081,0.0,70.23987174569643,23.677500224039086,0.12157996631940117,31.0
Spatio-temporal,0.3,CARMA-Perfect,1.1719652113197214,69.99944277719298,10.95093013806509,1.845150120413693,0.0,69.59389065946216,24.21737531545517,2.8030919713666103e-09,0.0
Spatio-temporal,0.3,Oracle,1.1533590096951776,70.4815524799204,10.993805129404176,0.0,0.0,70.00791460268474,,,
Spatio-temporal,0.5,ASAP-Local,6.119085075778487,0.0,0.0,142.68043074439254,0.05165998577008606,0.0,0.0695642238910055,2.8030919713666103e-09,52.0
Spatio-temporal,0.5,Greedy-Spatial,4.1476886671330195,33.333992277693156,6.625751819301818,58.803335119893895,0.0,76.27609535330173,0.22889608003031514,2.8030919713666103e-09,52.0
Spatio-temporal,0.5,Forecast-Reserve,3.3634531306679047,46.61009768837917,9.281732751022847,25.01343266685346,0.015164543314347552,78.16515079109118,0.8691388421325535,2.8030919713666103e-09,52.0
Spatio-temporal,0.5,MPC,3.2712979728220786,48.107686543117055,9.190676804969092,21.449694711199246,0.013308465272128653,49.9616275289186,4.917481508294831,2.8030919713666103e-09,52.0
Spatio-temporal,0.5,MPC+conformal,3.17843644966058,49.739336128867336,9.340413772230534,17.372571750219375,0.00024220945095401869,50.658792364852346,4.942050804154908,2.8030919713666103e-09,50.0
Spatio-temporal,0.5,MPC-Perfect,3.222625657535214,48.949967877509444,9.03081085392406,19.455569980489344,0.01936776945176704,49.358066437371036,4.799593427462002,2.8030919713666103e-09,52.0
Spatio-temporal,0.5,CARMA,2.9627386438330845,53.33579338835263,10.246764547328835,8.174876367345508,0.0,50.26438542141266,36.11458586697915,,
Spatio-temporal,0.5,CARMA+conformal,2.976640116046589,53.18057507945964,10.214310602719927,8.550573294151352,0.0,50.386244063142406,36.28995282214518,0.0010778226353347548,39.0
Spatio-temporal,0.5,CARMA-Perfect,2.8299062826174985,55.7282266266933,10.2552250686004,2.3316993694461647,0.0,49.96693759029125,36.74081487638296,2.8030919713666103e-09,0.0
Spatio-temporal,0.5,Oracle,2.7746514390836543,56.65494096224764,10.395704083117051,0.0,0.0,50.65766895877615,,,
Spatio-temporal,0.7,ASAP-Local,8.317691884698052,0.0,0.0,68.09231373413702,6.501805384613421,0.0,0.09367479992033312,2.8030919713666103e-09,52.0
Spatio-temporal,0.7,Greedy-Spatial,6.791269428256547,19.061052111758983,4.391738545335948,35.25711390069752,0.003064450811296607,73.36300653388493,0.31760816273918563,2.8030919713666103e-09,52.0
Spatio-temporal,0.7,Forecast-Reserve,6.153446633578678,26.868301727429756,6.224115455433398,21.688381393505136,1.1578048744218785,73.62523211703576,1.3030793990849128,2.8030919713666103e-09,52.0
Spatio-temporal,0.7,MPC,5.951478746089715,29.317103422856576,6.159580123066735,17.57772242923898,1.9998720431750143,31.64874939297183,7.407827425038901,2.8030919713666103e-09,52.0
Spatio-temporal,0.7,MPC+conformal,5.84859577048949,30.65028428159983,6.2127885029643455,15.315880346875288,0.7799571369454316,32.06413046378627,7.754046557465227,2.8030919713666103e-09,52.0
Spatio-temporal,0.7,MPC-Perfect,5.888754268443704,30.08373169755377,6.012709774198897,16.30493559232793,2.079972847498903,31.40520965488657,7.5496936405769555,2.8030919713666103e-09,52.0
Spatio-temporal,0.7,CARMA,5.427634858801344,36.11077632316344,7.579108313565003,5.800042042454165,0.047507082773311636,31.4521789424906,46.60889672391275,,
Spatio-temporal,0.7,CARMA+conformal,5.453975836205983,35.8698960002457,7.629112884231688,6.187213147421253,0.02253154151482045,31.56463024165852,46.6227835777364,0.0001214806010586892,39.0
Spatio-temporal,0.7,CARMA-Perfect,5.260966193071975,38.374084698020305,7.997440949008846,1.8795616150004757,0.051576316324059,31.077713225125475,46.50876528987786,2.8030919713666103e-09,0.0
Spatio-temporal,0.7,Oracle,5.1833881911160695,39.45506979444677,8.258565085012268,0.0,0.0,30.69730574671593,,,
Temporal-only,0.3,ASAP-Local,3.7250382137012945,0.0,0.0,21.999655392178585,0.0012239716381546029,0.0,0.04369484754409663,2.8030919713666103e-09,51.0
Temporal-only,0.3,Greedy-Spatial,3.7250382137012945,0.0,0.0,21.999655392178585,0.0012239716381546029,0.0,0.1288484204065952,2.8030919713666103e-09,51.0
Temporal-only,0.3,Forecast-Reserve,3.2986676166357993,11.914441622639167,4.833285947785608,7.134596520505483,0.3637555684600266,0.0,0.4425105173088848,2.8030919713666103e-09,50.0
Temporal-only,0.3,MPC,3.258503190900349,13.090845412683366,5.007924862069589,5.678529683873963,0.006201960347830231,0.0,2.0612378153473268,0.3672774926249832,21.0
Temporal-only,0.3,MPC+conformal,3.3986231017816193,9.242025491712953,4.370053545883327,10.435101518912193,0.0005864448680309614,0.0,1.7398348748027732,2.8030919713666103e-09,51.0
Temporal-only,0.3,MPC-Perfect,3.1117334879649765,17.537973620441385,5.285677552541032,0.20359022951824382,0.02039883983075759,0.0,2.197588493015969,2.8030919713666103e-09,0.0
Temporal-only,0.3,CARMA,3.2585147982862326,13.084379203375544,4.995391078927987,5.687350613383668,0.003723996703985476,0.0,19.862005451769996,,
Temporal-only,0.3,CARMA+conformal,3.2719522488784913,12.878874707235866,5.092706789569384,5.924876963634653,0.003459179645506346,0.0,19.49929323573023,0.02044855035723321,35.0
Temporal-only,0.3,CARMA-Perfect,3.1095240387950787,17.610541473682787,5.291444177799322,0.11458316022876866,0.011339391289517603,0.0,20.623495259508875,2.8030919713666103e-09,0.0
Temporal-only,0.3,Oracle,3.1066308660048225,17.703428678525054,5.308639194564481,0.0,0.0005863615282867307,0.0,,,
Temporal-only,0.5,ASAP-Local,6.119085075778487,0.0,0.0,17.241120713484705,0.05165998577008606,0.0,0.0689942058274588,2.8030919713666103e-09,51.0
Temporal-only,0.5,Greedy-Spatial,6.119085075778487,0.0,0.0,17.241120713484705,0.05165998577008606,0.0,0.2224303028546576,2.8030919713666103e-09,51.0
Temporal-only,0.5,Forecast-Reserve,5.591146851184735,8.903441580317853,4.055887790615642,6.6048085213109005,3.154158027359592,0.0,0.8276785217653327,2.8030919713666103e-09,51.0
Temporal-only,0.5,MPC,5.523314026623522,10.178707010184137,4.243387077594775,5.086299975801036,0.6386804036142515,0.0,3.980065768677172,0.218909220536751,29.0
Temporal-only,0.5,MPC+conformal,5.673936858842808,7.708229631304358,3.4684189962406577,8.033652896494177,0.09857422575009804,0.0,3.3427905968070935,3.149683131492542e-09,50.0
Temporal-only,0.5,MPC-Perfect,5.349331366329562,13.350622081523177,4.326398476851348,1.345011106341943,0.8809659852347702,0.0,4.213845769817419,2.8030919713666103e-09,0.0
Temporal-only,0.5,CARMA,5.515213255248033,10.288850907234366,4.0473585929755975,4.96942158247057,0.19320081601164457,0.0,27.651925543840086,,
Temporal-only,0.5,CARMA+conformal,5.535634699650801,10.09953537091792,4.117551230808498,5.181451341845398,0.10964503426236882,0.0,27.882901676820953,0.003254325768507847,36.0
Temporal-only,0.5,CARMA-Perfect,5.308320668562516,14.139117151525031,4.309828705220023,0.4175919881892274,0.2585632746381098,0.0,28.836419315274284,2.8030919713666103e-09,0.0
Temporal-only,0.5,Oracle,5.289673868210898,14.492154753050377,4.368304002523361,0.0,0.007842142116387781,0.0,,,
Temporal-only,0.7,ASAP-Local,8.317691884698052,0.0,0.0,9.484931399585738,6.501805384613421,0.0,0.09725485035509665,4.921904043822727e-09,51.0
Temporal-only,0.7,Greedy-Spatial,8.317691884698052,0.0,0.0,9.484931399585738,6.501805384613421,0.0,0.37271835279053744,4.921904043822727e-09,51.0
Temporal-only,0.7,Forecast-Reserve,7.962894754350949,4.240953913237683,2.098264535291831,4.818624753441467,8.35005115192588,0.0,1.703208299736802,3.310863479314323e-06,41.0
Temporal-only,0.7,MPC,7.914101689430589,4.885136265130657,2.3859207355688765,4.106458420704718,12.98648201590865,0.0,7.401587454148267,0.24374168987993694,21.0
Temporal-only,0.7,MPC+conformal,8.00342637322497,3.91641161055077,1.6833564484464552,5.169551919354794,8.085747779561142,0.0,6.483229584163933,3.4247743645089565e-07,46.0
Temporal-only,0.7,MPC-Perfect,7.805444518839175,6.28074027080854,2.4058508488213155,2.5781347609000447,15.31212270467193,0.0,7.380339641656703,5.88226823793572e-09,3.0
Temporal-only,0.7,CARMA,7.923545700009187,4.762514393212157,2.0176210602914955,4.241192136212688,6.863928167910373,0.0,38.7032254310802,,
Temporal-only,0.7,CARMA+conformal,7.947206028398905,4.568677827767252,1.9682778196220398,4.4538915889035975,6.722186014854721,0.0,38.03053126249698,0.00404042352947448,36.0
Temporal-only,0.7,CARMA-Perfect,7.776909744400225,6.718140874876189,2.145724082515165,2.0941379701999736,7.850466022707677,0.0,39.110828849262404,2.8030919713666103e-09,0.0
Temporal-only,0.7,Oracle,7.62812450814777,8.608210354013597,2.262662923046135,0.0,0.9630917009744321,0.0,,,
