t0,rho,seed,migrate,policy,cube,kappa,look,emis_t,late_frac,late_jobs,unfinished,mig_frac,work,jobs,ms_per_decision,week
15336,0.3,500,True,CARMA,q30,1.0,12.0,0.5302524756945435,0.0,0.0,0.0,0.6962466136628015,70014.13974734378,928.0,21.304285357430846,2023-10-02
15336,0.3,500,True,MPC,q30,,,0.5401973370505774,0.0,0.0,0.0,0.696164963726198,70014.13974734378,928.0,2.4598782936218995,2023-10-02
15336,0.3,500,True,CARMA,q40,1.0,12.0,0.5112210735975502,0.0,0.0,0.0,0.6986560980399391,70014.13974734378,928.0,22.464935591483,2023-10-02
15336,0.3,500,True,MPC,q40,,,0.5301578666465646,0.0,0.0,0.0,0.6977413399107862,70014.13974734378,928.0,2.642273978737184,2023-10-02
15336,0.3,500,True,CARMA,q50,1.0,12.0,0.5037973473777551,0.0,0.0,0.0,0.7038361532150147,70014.13974734378,928.0,21.931586436665178,2023-10-02
15336,0.3,500,True,MPC,q50,,,0.5156704131353653,0.0,0.0,0.0,0.7029035791120645,70014.13974734378,928.0,2.3107998521758732,2023-10-02
15336,0.3,500,True,CARMA,q60,1.0,12.0,0.5162605280071795,0.0,0.0,0.0,0.6977882617917975,70014.13974734378,928.0,20.601970754397737,2023-10-02
15336,0.3,500,True,MPC,q60,,,0.5073878178060991,0.0,0.0,0.0,0.7086489967003315,70014.13974734378,928.0,1.99496507426319,2023-10-02
15336,0.3,500,True,CARMA,q70,1.0,12.0,0.5377260319546099,0.0,0.0,0.0,0.688823159779964,70014.13974734378,928.0,21.776128742195496,2023-10-02
15336,0.3,500,True,MPC,q70,,,0.5074980038739427,0.0,0.0,0.0,0.7024819326947402,70014.13974734378,928.0,1.7427135418427193,2023-10-02
15336,0.3,500,True,CARMA,q80,1.0,12.0,0.5706995036275829,0.0,0.0,0.0,0.6658342305470232,70014.13974734378,928.0,22.032123852700433,2023-10-02
15336,0.3,500,True,MPC,q80,,,0.5237019069716167,0.0,0.0,0.0,0.6979856120728213,70014.13974734378,928.0,1.7489769734452119,2023-10-02
15504,0.3,501,True,CARMA,q30,1.0,12.0,0.9961705132751794,0.0,0.0,0.0,0.7043776648576284,73719.56346610108,932.0,23.23579078016917,2023-10-09
15504,0.3,501,True,MPC,q30,,,1.1702641000993304,0.0,0.0,0.0,0.6916812594044646,73719.56346610108,932.0,2.2348295215575207,2023-10-09
15504,0.3,501,True,CARMA,q40,1.0,12.0,0.9632775210887672,0.0,0.0,0.0,0.7119766797314135,73719.56346610108,932.0,22.14709264503004,2023-10-09
15504,0.3,501,True,MPC,q40,,,1.131770582927831,0.0,0.0,0.0,0.6938569589250156,73719.56346610108,932.0,2.397386534492649,2023-10-09
15504,0.3,501,True,CARMA,q50,1.0,12.0,0.9418238092693545,0.0,0.0,0.0,0.709456872484357,73719.56346610108,932.0,23.524067300019418,2023-10-09
15504,0.3,501,True,MPC,q50,,,1.0792081891980607,0.0,0.0,0.0,0.7017956772025846,73719.56346610108,932.0,2.462372593064485,2023-10-09
15504,0.3,501,True,CARMA,q60,1.0,12.0,0.9325579658857035,0.0,0.0,0.0,0.7094126598212441,73719.56346610108,932.0,22.818271720522944,2023-10-09
15504,0.3,501,True,MPC,q60,,,1.0270445490904152,0.0,0.0,0.0,0.70803977412946,73719.56346610108,932.0,2.688434701309289,2023-10-09
15504,0.3,501,True,CARMA,q70,1.0,12.0,0.9380654082110068,0.0,0.0,0.0,0.7083422072405534,73719.56346610108,932.0,22.94763205287133,2023-10-09
15504,0.3,501,True,MPC,q70,,,0.9977011682532555,0.0,0.0,0.0,0.7100064371278251,73719.56346610108,932.0,2.301802253276744,2023-10-09
15504,0.3,501,True,CARMA,q80,1.0,12.0,0.9657062448295726,0.0,0.0,0.0,0.7023683792885861,73719.56346610108,932.0,21.84468005335778,2023-10-09
15504,0.3,501,True,MPC,q80,,,0.98601705997112,0.0,0.0,0.0,0.7114252355030989,73719.56346610108,932.0,2.136631137157573,2023-10-09
15672,0.3,502,True,CARMA,q30,1.0,12.0,1.3699588692833264,0.0,0.0,0.0,0.693334910199796,70458.17240169305,915.0,24.03666444535488,2023-10-16
15672,0.3,502,True,MPC,q30,,,1.4192012428105278,0.0,0.0,0.0,0.67869606943589,70458.17240169305,915.0,2.244791285718503,2023-10-16
15672,0.3,502,True,CARMA,q40,1.0,12.0,1.3574678812775969,0.0,0.0,0.0,0.6988127512440889,70458.17240169305,915.0,24.563381871691483,2023-10-16
15672,0.3,502,True,MPC,q40,,,1.3941897760336484,0.0,0.0,0.0,0.684644681652615,70458.17240169305,915.0,2.633145277320923,2023-10-16
15672,0.3,502,True,CARMA,q50,1.0,12.0,1.3660465627991245,0.0,0.0,0.0,0.6942387035780919,70458.17240169305,915.0,23.897687106673402,2023-10-16
15672,0.3,502,True,MPC,q50,,,1.3867331712971875,0.0,0.0,0.0,0.6917394754865465,70458.17240169305,915.0,2.671608163857954,2023-10-16
15672,0.3,502,True,CARMA,q60,1.0,12.0,1.3632751851614897,0.0,0.0,0.0,0.6835861191282824,70458.17240169305,915.0,23.679168736604442,2023-10-16
15672,0.3,502,True,MPC,q60,,,1.3689685010542685,0.0,0.0,0.0,0.69614599983721,70458.17240169305,915.0,2.2319804070763642,2023-10-16
15672,0.3,502,True,CARMA,q70,1.0,12.0,1.374206868514672,0.0,0.0,0.0,0.6772964549203293,70458.17240169305,915.0,22.24486554910397,2023-10-16
15672,0.3,502,True,MPC,q70,,,1.36617421410493,0.0,0.0,0.0,0.694442638980442,70458.17240169305,915.0,2.5563376651689396,2023-10-16
15672,0.3,502,True,CARMA,q80,1.0,12.0,1.3944526128117423,0.0,0.0,0.0,0.6724490527326672,70458.17240169305,915.0,22.055707702721268,2023-10-16
15672,0.3,502,True,MPC,q80,,,1.3535409945168577,0.0,0.0,0.0,0.6900891078612523,70458.17240169305,915.0,1.9328015270324663,2023-10-16
15840,0.3,503,True,CARMA,q30,1.0,12.0,1.5534925997894928,0.0,0.0,0.0,0.6943288250303257,74318.580238708,981.0,22.875453655011594,2023-10-23
15840,0.3,503,True,MPC,q30,,,1.7946654070668826,0.0,0.0,0.0,0.6671046030482244,74318.580238708,981.0,2.5904409653717324,2023-10-23
15840,0.3,503,True,CARMA,q40,1.0,12.0,1.5200748718097497,0.0,0.0,0.0,0.7054549968601326,74318.580238708,981.0,24.00837433187877,2023-10-23
15840,0.3,503,True,MPC,q40,,,1.7627142500537554,0.0,0.0,0.0,0.6746257320050018,74318.580238708,981.0,2.4610434391414184,2023-10-23
15840,0.3,503,True,CARMA,q50,1.0,12.0,1.4939875469772874,0.0,0.0,0.0,0.7094643659967296,74318.580238708,981.0,23.90574736769409,2023-10-23
15840,0.3,503,True,MPC,q50,,,1.7360606302463828,0.0,0.0,0.0,0.6805620076758387,74318.580238708,981.0,2.9443651004299785,2023-10-23
15840,0.3,503,True,CARMA,q60,1.0,12.0,1.499393057732929,0.0,0.0,0.0,0.7112203785605465,74318.580238708,981.0,23.143175571431943,2023-10-23
15840,0.3,503,True,MPC,q60,,,1.6630886541340422,0.0,0.0,0.0,0.6951341489584272,74318.580238708,981.0,2.3749011666639395,2023-10-23
15840,0.3,503,True,CARMA,q70,1.0,12.0,1.5126591553228068,0.0,0.0,0.0,0.7128980837302951,74318.580238708,981.0,22.320983632251497,2023-10-23
15840,0.3,503,True,MPC,q70,,,1.5035122017233673,0.0,0.0,0.0,0.7165264137330879,74318.580238708,981.0,2.874215008907615,2023-10-23
15840,0.3,503,True,CARMA,q80,1.0,12.0,1.5136602285537817,0.0,0.0,0.0,0.7179819553126424,74318.580238708,981.0,24.281140905832256,2023-10-23
15840,0.3,503,True,MPC,q80,,,1.4526679544507342,0.0,0.0,0.0,0.7211295653854434,74318.580238708,981.0,2.575600315546277,2023-10-23
16008,0.3,504,True,CARMA,q30,1.0,12.0,0.8614572860412386,0.0,0.0,0.0,0.7020598840770927,67588.57653298903,898.0,25.210839832608638,2023-10-30
16008,0.3,504,True,MPC,q30,,,1.0098901628898858,0.0,0.0,0.0,0.6866560654779083,67588.57653298903,898.0,2.0399074978366794,2023-10-30
16008,0.3,504,True,CARMA,q40,1.0,12.0,0.8430349765734204,0.0,0.0,0.0,0.7047420556398304,67588.57653298903,898.0,26.10374516744408,2023-10-30
16008,0.3,504,True,MPC,q40,,,0.9723539315209018,0.0,0.0,0.0,0.6875875582803868,67588.57653298903,898.0,2.1312031266477303,2023-10-30
16008,0.3,504,True,CARMA,q50,1.0,12.0,0.8339692454772666,0.0,0.0,0.0,0.7025998092243066,67588.57653298903,898.0,24.120022162871333,2023-10-30
16008,0.3,504,True,MPC,q50,,,0.9471811285834154,0.0,0.0,0.0,0.6910982691064564,67588.57653298903,898.0,2.6084548202035016,2023-10-30
16008,0.3,504,True,CARMA,q60,1.0,12.0,0.8328851525793266,0.0,0.0,0.0,0.7043469799895947,67588.57653298903,898.0,25.44356840000794,2023-10-30
16008,0.3,504,True,MPC,q60,,,0.8873016674313722,0.0,0.0,0.0,0.7078073511638098,67588.57653298903,898.0,2.2017817533551476,2023-10-30
16008,0.3,504,True,CARMA,q70,1.0,12.0,0.8416789504664388,0.0,0.0,0.0,0.710385652254963,67588.57653298903,898.0,20.16142468038575,2023-10-30
16008,0.3,504,True,MPC,q70,,,0.8613931184090025,0.0,0.0,0.0,0.7164450161624664,67588.57653298903,898.0,3.098348579191208,2023-10-30
16008,0.3,504,True,CARMA,q80,1.0,12.0,0.8614046722303818,0.0,0.0,0.0,0.7137098628129879,67588.57653298903,898.0,24.19827882649313,2023-10-30
16008,0.3,504,True,MPC,q80,,,0.8483120964433963,0.0,0.0,0.0,0.7202199210391682,67588.57653298903,898.0,2.3179345927550195,2023-10-30
16176,0.3,505,True,CARMA,q30,1.0,12.0,1.0317248409482729,0.0,0.0,0.0,0.7405567608387442,62579.85648253633,875.0,21.16380451753573,2023-11-06
16176,0.3,505,True,MPC,q30,,,1.2235260208331553,0.0,0.0,0.0,0.7172720555373422,62579.85648253633,875.0,2.360934821278553,2023-11-06
16176,0.3,505,True,CARMA,q40,1.0,12.0,1.0066022155226662,0.0,0.0,0.0,0.734058020424413,62579.85648253633,875.0,22.888939102695563,2023-11-06
16176,0.3,505,True,MPC,q40,,,1.19621345657127,0.0,0.0,0.0,0.7235690351614908,62579.85648253633,875.0,2.353891489340814,2023-11-06
16176,0.3,505,True,CARMA,q50,1.0,12.0,0.98020349939887,0.0,0.0,0.0,0.7388472294635703,62579.85648253633,875.0,22.868461218739153,2023-11-06
16176,0.3,505,True,MPC,q50,,,1.181027205894907,0.0,0.0,0.0,0.7324125132857727,62579.85648253633,875.0,2.077814936177326,2023-11-06
16176,0.3,505,True,CARMA,q60,1.0,12.0,0.9704895082789012,0.0,0.0,0.0,0.7392845277624561,62579.85648253633,875.0,23.82166065179092,2023-11-06
16176,0.3,505,True,MPC,q60,,,1.134729546614054,0.0,0.0,0.0,0.7411950053382844,62579.85648253633,875.0,1.941568888881185,2023-11-06
16176,0.3,505,True,CARMA,q70,1.0,12.0,0.9961397095226914,0.0,0.0,0.0,0.7352771495053557,62579.85648253633,875.0,22.849272166664573,2023-11-06
16176,0.3,505,True,MPC,q70,,,1.096512068120052,0.0,0.0,0.0,0.742215135591667,62579.85648253633,875.0,2.325730278263781,2023-11-06
16176,0.3,505,True,CARMA,q80,1.0,12.0,1.0218837571875679,0.0,0.0,0.0,0.7322703091391203,62579.85648253633,875.0,21.388780468480757,2023-11-06
16176,0.3,505,True,MPC,q80,,,1.0671480385749723,0.0,0.0,0.0,0.748783992589865,62579.85648253633,875.0,2.4571098289343034,2023-11-06
16344,0.3,506,True,CARMA,q30,1.0,12.0,2.1158256101506816,0.0,0.0,0.0,0.7164587552851492,69689.04399031839,945.0,24.573724309435917,2023-11-13
16344,0.3,506,True,MPC,q30,,,2.304147797821979,0.0,0.0,0.0,0.7018199663460643,69689.04399031839,945.0,2.439295969572967,2023-11-13
16344,0.3,506,True,CARMA,q40,1.0,12.0,2.0831948321348506,0.0,0.0,0.0,0.7121886385430728,69689.04399031839,945.0,22.24773087947694,2023-11-13
16344,0.3,506,True,MPC,q40,,,2.282693069966143,0.0,0.0,0.0,0.706669892621131,69689.04399031839,945.0,2.783992130428922,2023-11-13
16344,0.3,506,True,CARMA,q50,1.0,12.0,2.052169942572259,0.0,0.0,0.0,0.7135561304805257,69689.04399031839,945.0,23.616676852015853,2023-11-13
16344,0.3,506,True,MPC,q50,,,2.243328445757082,0.0,0.0,0.0,0.7201067066770452,69689.04399031839,945.0,2.643162226088506,2023-11-13
16344,0.3,506,True,CARMA,q60,1.0,12.0,2.0753242844331115,0.0,0.0,0.0,0.7208112998535572,69689.04399031839,945.0,23.84940106758386,2023-11-13
16344,0.3,506,True,MPC,q60,,,2.194569084608556,0.0,0.0,0.0,0.7242170575193866,69689.04399031839,945.0,2.3443860130753267,2023-11-13
16344,0.3,506,True,CARMA,q70,1.0,12.0,2.1196110996369777,0.0,0.0,0.0,0.723416506164128,69689.04399031839,945.0,22.943672067572766,2023-11-13
16344,0.3,506,True,MPC,q70,,,2.154437331959977,0.0,0.0,0.0,0.7188823201940575,69689.04399031839,945.0,2.4792148608748508,2023-11-13
16344,0.3,506,True,CARMA,q80,1.0,12.0,2.2223216509039383,0.0,0.0,0.0,0.720009385515139,69689.04399031839,945.0,24.624843886878676,2023-11-13
16344,0.3,506,True,MPC,q80,,,2.0915928497554996,0.0,0.0,0.0,0.7176916191784025,69689.04399031839,945.0,2.29446956694598,2023-11-13
16512,0.3,507,True,CARMA,q30,1.0,12.0,1.2628936688524457,0.0,0.0,0.0,0.6590561203578905,67659.11521947458,904.0,22.190983539832686,2023-11-20
16512,0.3,507,True,MPC,q30,,,1.4585214333884657,0.0,0.0,0.0,0.636603799983751,67659.11521947458,904.0,1.9695143474714545,2023-11-20
16512,0.3,507,True,CARMA,q40,1.0,12.0,1.2340110753949052,0.0,0.0,0.0,0.66560836737038,67659.11521947458,904.0,22.363496391115202,2023-11-20
16512,0.3,507,True,MPC,q40,,,1.4424049102283603,0.0,0.0,0.0,0.6420805562338355,67659.11521947458,904.0,2.1658393686720956,2023-11-20
16512,0.3,507,True,CARMA,q50,1.0,12.0,1.2153173293161605,0.0,0.0,0.0,0.678725310247437,67659.11521947458,904.0,26.583682337770572,2023-11-20
16512,0.3,507,True,MPC,q50,,,1.4187545292131798,0.0,0.0,0.0,0.6502165070800463,67659.11521947458,904.0,2.6967719788090263,2023-11-20
16512,0.3,507,True,CARMA,q60,1.0,12.0,1.1963137344262893,0.0,0.0,0.0,0.6724546798189293,67659.11521947458,904.0,24.01032291555667,2023-11-20
16512,0.3,507,True,MPC,q60,,,1.3995487554537134,0.0,0.0,0.0,0.6666749297041012,67659.11521947458,904.0,2.1066182212807494,2023-11-20
16512,0.3,507,True,CARMA,q70,1.0,12.0,1.2195309921169348,0.0,0.0,0.0,0.6801961080741767,67659.11521947458,904.0,26.00882766366764,2023-11-20
16512,0.3,507,True,MPC,q70,,,1.3577534311376234,0.0,0.0,0.0,0.6749911948399104,67659.11521947458,904.0,2.1911420521697123,2023-11-20
16512,0.3,507,True,CARMA,q80,1.0,12.0,1.2953182449515719,0.0,0.0,0.0,0.6735291030693581,67659.11521947458,904.0,28.094500927933566,2023-11-20
16512,0.3,507,True,MPC,q80,,,1.3244706569343647,0.0,0.0,0.0,0.6775820759251265,67659.11521947458,904.0,2.4442865088547205,2023-11-20
16680,0.3,508,True,CARMA,q30,1.0,12.0,3.3213098287816094,0.0,0.0,0.0,0.6818577130213807,64864.36282189725,893.0,26.742329216114925,2023-11-27
16680,0.3,508,True,MPC,q30,,,3.4902157310533077,0.0,0.0,0.0,0.6697091697204707,64864.36282189725,893.0,2.0413108050769226,2023-11-27
16680,0.3,508,True,CARMA,q40,1.0,12.0,3.296498347102326,0.0,0.0,0.0,0.6800002441520747,64864.36282189725,893.0,28.21738261434093,2023-11-27
16680,0.3,508,True,MPC,q40,,,3.4570916247914765,0.0,0.0,0.0,0.6750317983221505,64864.36282189725,893.0,2.4982895296569936,2023-11-27
16680,0.3,508,True,CARMA,q50,1.0,12.0,3.282443570924811,0.0,0.0,0.0,0.6773441451656335,64864.36282189725,893.0,25.46572700000709,2023-11-27
16680,0.3,508,True,MPC,q50,,,3.436463703439259,0.0,0.0,0.0,0.6786324281243402,64864.36282189725,893.0,2.8356960847497126,2023-11-27
16680,0.3,508,True,CARMA,q60,1.0,12.0,3.2825415234409707,0.0,0.0,0.0,0.687678990372672,64864.36282189725,893.0,23.212982477487557,2023-11-27
16680,0.3,508,True,MPC,q60,,,3.3949847937714357,0.0,0.0,0.0,0.6872929964734894,64864.36282189725,893.0,2.4334892556047465,2023-11-27
16680,0.3,508,True,CARMA,q70,1.0,12.0,3.2941780980656947,0.0,0.0,0.0,0.6919372002075559,64864.36282189725,893.0,23.41464740724059,2023-11-27
16680,0.3,508,True,MPC,q70,,,3.362305570504598,0.0,0.0,0.0,0.6896814140501096,64864.36282189725,893.0,2.0410125765949063,2023-11-27
16680,0.3,508,True,CARMA,q80,1.0,12.0,3.3728124576283425,0.0,0.0,0.0,0.6922588638706125,64864.36282189725,893.0,23.260217755652025,2023-11-27
16680,0.3,508,True,MPC,q80,,,3.2985632066662824,0.0,0.0,0.0,0.7019385096166496,64864.36282189725,893.0,2.269465626136275,2023-11-27
16848,0.3,509,True,CARMA,q30,1.0,12.0,1.508346609582391,0.0,0.0,0.0,0.7178987055184557,69667.54122002251,885.0,24.057290235825395,2023-12-04
16848,0.3,509,True,MPC,q30,,,1.6724564914311446,0.0,0.0,0.0,0.7065949533692942,69667.54122002251,885.0,2.1110206896635426,2023-12-04
16848,0.3,509,True,CARMA,q40,1.0,12.0,1.501931574639453,0.0,0.0,0.0,0.7170798435883102,69667.54122002251,885.0,24.205670366790912,2023-12-04
16848,0.3,509,True,MPC,q40,,,1.6384099754325183,0.0,0.0,0.0,0.7094650046065171,69667.54122002251,885.0,2.0484162241269464,2023-12-04
16848,0.3,509,True,CARMA,q50,1.0,12.0,1.4901130231756066,0.0,0.0,0.0,0.7287089929791072,69667.54122002251,885.0,24.318682695051017,2023-12-04
16848,0.3,509,True,MPC,q50,,,1.593510929657501,0.0,0.0,0.0,0.710436544890054,69667.54122002251,885.0,1.945534913786638,2023-12-04
16848,0.3,509,True,CARMA,q60,1.0,12.0,1.5220157190775145,0.0,0.0,0.0,0.7274315340423274,69667.54122002251,885.0,22.549709053802033,2023-12-04
16848,0.3,509,True,MPC,q60,,,1.5319023912090497,0.0,0.0,0.0,0.7195553802612888,69667.54122002251,885.0,2.240213287617397,2023-12-04
16848,0.3,509,True,CARMA,q70,1.0,12.0,1.5894310829695704,0.0,0.0,0.0,0.7302121294574253,69667.54122002251,885.0,23.039064892386317,2023-12-04
16848,0.3,509,True,MPC,q70,,,1.509690043992953,0.0,0.0,0.0,0.7231989228815847,69667.54122002251,885.0,2.581470413341675,2023-12-04
16848,0.3,509,True,CARMA,q80,1.0,12.0,1.6451410124378685,0.0,0.0,0.0,0.7299199265150682,69667.54122002251,885.0,22.092482680165205,2023-12-04
16848,0.3,509,True,MPC,q80,,,1.5610427477888777,0.0,0.0,0.0,0.7274109366323289,69667.54122002251,885.0,2.016344370529412,2023-12-04
17016,0.3,510,True,CARMA,q30,1.0,12.0,1.310515540101651,0.0,0.0,0.0,0.69063370245163,70788.37691020197,930.0,27.417132016864556,2023-12-11
17016,0.3,510,True,MPC,q30,,,1.5397994612347472,0.0,0.0,0.0,0.6822632357341675,70788.37691020197,930.0,2.388002215196787,2023-12-11
17016,0.3,510,True,CARMA,q40,1.0,12.0,1.2615800421747934,0.0,0.0,0.0,0.6854370247798329,70788.37691020197,930.0,25.364592938867208,2023-12-11
17016,0.3,510,True,MPC,q40,,,1.4987221651508176,0.0,0.0,0.0,0.6869153650594217,70788.37691020197,930.0,2.1355391730116646,2023-12-11
17016,0.3,510,True,CARMA,q50,1.0,12.0,1.2491005663978563,0.0,0.0,0.0,0.6860924177544676,70788.37691020197,930.0,27.09537479823036,2023-12-11
17016,0.3,510,True,MPC,q50,,,1.4224530826165989,0.0,0.0,0.0,0.6931647754535242,70788.37691020197,930.0,2.1003623248749284,2023-12-11
17016,0.3,510,True,CARMA,q60,1.0,12.0,1.2518538078854462,0.0,0.0,0.0,0.6894596737632869,70788.37691020197,930.0,27.15879324336354,2023-12-11
17016,0.3,510,True,MPC,q60,,,1.3625821432600147,0.0,0.0,0.0,0.701617083226548,70788.37691020197,930.0,2.2883166450247656,2023-12-11
17016,0.3,510,True,CARMA,q70,1.0,12.0,1.2982593883690146,0.0,0.0,0.0,0.6930529568425889,70788.37691020197,930.0,25.21788367858286,2023-12-11
17016,0.3,510,True,MPC,q70,,,1.3249314927332179,0.0,0.0,0.0,0.7203799798689948,70788.37691020197,930.0,2.3729341834065236,2023-12-11
17016,0.3,510,True,CARMA,q80,1.0,12.0,1.3333818958549226,0.0,0.0,0.0,0.6991665452854345,70788.37691020197,930.0,24.026631295982707,2023-12-11
17016,0.3,510,True,MPC,q80,,,1.3098386427761277,0.0,0.0,0.0,0.7172920451326497,70788.37691020197,930.0,1.9908932345261963,2023-12-11
17184,0.3,511,True,CARMA,q30,1.0,12.0,0.3316927865115514,0.0,0.0,0.0,0.7035828849552496,71042.65994867557,945.0,27.626356218879977,2023-12-18
17184,0.3,511,True,MPC,q30,,,0.3699123788566877,0.0,0.0,0.0,0.6990570296245657,71042.65994867557,945.0,2.591169905996046,2023-12-18
17184,0.3,511,True,CARMA,q40,1.0,12.0,0.3232364466159067,0.0,0.0,0.0,0.7022713103020843,71042.65994867557,945.0,26.21848566952176,2023-12-18
17184,0.3,511,True,MPC,q40,,,0.3627122214157735,0.0,0.0,0.0,0.7014953636917131,71042.65994867557,945.0,2.3565202307831625,2023-12-18
17184,0.3,511,True,CARMA,q50,1.0,12.0,0.313552429424443,0.0,0.0,0.0,0.7075570939137373,71042.65994867557,945.0,23.641385278752967,2023-12-18
17184,0.3,511,True,MPC,q50,,,0.34878735155322477,0.0,0.0,0.0,0.716434688894774,71042.65994867557,945.0,2.3593471367340912,2023-12-18
17184,0.3,511,True,CARMA,q60,1.0,12.0,0.31396070445327284,0.0,0.0,0.0,0.71592585184659,71042.65994867557,945.0,24.055983564420686,2023-12-18
17184,0.3,511,True,MPC,q60,,,0.33184767285347366,0.0,0.0,0.0,0.7242653984810278,71042.65994867557,945.0,2.3703509569157113,2023-12-18
17184,0.3,511,True,CARMA,q70,1.0,12.0,0.32258911152471126,0.0,0.0,0.0,0.7126932772581136,71042.65994867557,945.0,22.100166306278002,2023-12-18
17184,0.3,511,True,MPC,q70,,,0.31639565447999696,0.0,0.0,0.0,0.7213107701570053,71042.65994867557,945.0,2.393727779213978,2023-12-18
17184,0.3,511,True,CARMA,q80,1.0,12.0,0.3432269763891962,0.0,0.0,0.0,0.7082766390214784,71042.65994867557,945.0,21.464213404537574,2023-12-18
17184,0.3,511,True,MPC,q80,,,0.31901021397112206,0.0,0.0,0.0,0.716374464106724,71042.65994867557,945.0,1.958965820639169,2023-12-18
17352,0.3,512,True,CARMA,q30,1.0,12.0,0.48080105156996605,0.0,0.0,0.0,0.6742487853616816,75758.69303508809,958.0,25.142539953180567,2023-12-25
17352,0.3,512,True,MPC,q30,,,0.5547405633096053,0.0,0.0,0.0,0.6474495805955377,75758.69303508809,958.0,2.455858889357416,2023-12-25
17352,0.3,512,True,CARMA,q40,1.0,12.0,0.46655068038130454,0.0,0.0,0.0,0.6885040194994891,75758.69303508809,958.0,23.161737369100358,2023-12-25
17352,0.3,512,True,MPC,q40,,,0.542199447008023,0.0,0.0,0.0,0.6560173442363324,75758.69303508809,958.0,3.1369490382975855,2023-12-25
17352,0.3,512,True,CARMA,q50,1.0,12.0,0.4397362872886283,0.0,0.0,0.0,0.695165366144566,75758.69303508809,958.0,25.172626051681256,2023-12-25
17352,0.3,512,True,MPC,q50,,,0.5233523462873785,0.0,0.0,0.0,0.6690654275227046,75758.69303508809,958.0,2.6499114255475047,2023-12-25
17352,0.3,512,True,CARMA,q60,1.0,12.0,0.41796857539492027,0.0,0.0,0.0,0.6939047390176916,75758.69303508809,958.0,24.906037508779328,2023-12-25
17352,0.3,512,True,MPC,q60,,,0.5127276050367938,0.0,0.0,0.0,0.6718962657763844,75758.69303508809,958.0,3.0517692991421255,2023-12-25
17352,0.3,512,True,CARMA,q70,1.0,12.0,0.41642747931297414,0.0,0.0,0.0,0.6928674646038346,75758.69303508809,958.0,23.31520912775686,2023-12-25
17352,0.3,512,True,MPC,q70,,,0.47572978336502536,0.0,0.0,0.0,0.6833257664242441,75758.69303508809,958.0,2.749777826836113,2023-12-25
17352,0.3,512,True,CARMA,q80,1.0,12.0,0.4264625266630573,0.0,0.0,0.0,0.6749390523980648,75758.69303508809,958.0,20.412130111106105,2023-12-25
17352,0.3,512,True,MPC,q80,,,0.43352017517349023,0.0,0.0,0.0,0.6935011988785946,75758.69303508809,958.0,2.3191385541013085,2023-12-25
15336,0.5,500,True,CARMA,q30,1.0,12.0,1.3555537870855985,0.0,0.0,0.0,0.526254994421236,113898.46651379707,1490.0,39.34731217646195,2023-10-02
15336,0.5,500,True,MPC,q30,,,1.6710259860282757,0.0,0.0,0.0,0.508289504689923,113898.46651379707,1490.0,4.833542697489608,2023-10-02
15336,0.5,500,True,CARMA,q40,1.0,12.0,1.3043528047925732,0.0,0.0,0.0,0.5212703605220512,113898.46651379707,1490.0,36.85910361738894,2023-10-02
15336,0.5,500,True,MPC,q40,,,1.6358028965209364,0.0,0.0,0.0,0.5091715327509844,113898.46651379707,1490.0,5.029247365546555,2023-10-02
15336,0.5,500,True,CARMA,q50,1.0,12.0,1.2590594389925442,0.0,0.0,0.0,0.527614870488815,113898.46651379707,1490.0,36.13370620524028,2023-10-02
15336,0.5,500,True,MPC,q50,,,1.5856493007657173,0.0,0.0,0.0,0.5168487917252593,113898.46651379707,1490.0,4.820007138656335,2023-10-02
15336,0.5,500,True,CARMA,q60,1.0,12.0,1.2220983779890775,0.0,0.0,0.0,0.5315609385182238,113898.46651379707,1490.0,32.634618903527645,2023-10-02
15336,0.5,500,True,MPC,q60,,,1.5341859438270018,0.0,0.0,0.0,0.5222921247150503,113898.46651379707,1490.0,4.2345048655346655,2023-10-02
15336,0.5,500,True,CARMA,q70,1.0,12.0,1.2388455866995198,0.0,0.0,0.0,0.5308932751851689,113898.46651379707,1490.0,34.96129487666221,2023-10-02
15336,0.5,500,True,MPC,q70,,,1.456991192601387,0.0,0.0,0.0,0.5290822397030273,113898.46651379707,1490.0,5.089328405168889,2023-10-02
15336,0.5,500,True,CARMA,q80,1.0,12.0,1.2906970446736796,0.0,0.0,0.0,0.5256541454368344,113898.46651379707,1490.0,33.32026165044548,2023-10-02
15336,0.5,500,True,MPC,q80,,,1.3322020789758182,0.0,0.0,0.0,0.5336854338798113,113898.46651379707,1490.0,5.309520383605104,2023-10-02
15504,0.5,501,True,CARMA,q30,1.0,12.0,2.3579549726318176,0.0,0.0,0.0,0.5399643617682123,116114.4954149879,1494.0,34.734354394742155,2023-10-09
15504,0.5,501,True,MPC,q30,,,2.781786182065843,0.0,0.0,0.0,0.5308373937112694,116114.4954149879,1494.0,4.035095239318346,2023-10-09
15504,0.5,501,True,CARMA,q40,1.0,12.0,2.324769291391006,0.0,0.0,0.0,0.5364208062428504,116114.4954149879,1494.0,32.569788893797764,2023-10-09
15504,0.5,501,True,MPC,q40,,,2.757371964328711,0.0,0.0,0.0,0.5314839264618951,116114.4954149879,1494.0,4.24863743591558,2023-10-09
15504,0.5,501,True,CARMA,q50,1.0,12.0,2.3397081587796587,0.0,0.0,0.0,0.5327421592410208,116114.4954149879,1494.0,35.634309278768455,2023-10-09
15504,0.5,501,True,MPC,q50,,,2.745080900650974,0.0,0.0,0.0,0.5351762829263949,116114.4954149879,1494.0,4.579549799150572,2023-10-09
15504,0.5,501,True,CARMA,q60,1.0,12.0,2.4205467120800335,0.0,0.0,0.0,0.5228975520403355,116114.4954149879,1494.0,34.21759042479591,2023-10-09
15504,0.5,501,True,MPC,q60,,,2.6709300123338156,0.0,0.0,0.0,0.5391618727157104,116114.4954149879,1494.0,4.557468175969393,2023-10-09
15504,0.5,501,True,CARMA,q70,1.0,12.0,2.5545740211086674,0.0,0.0,0.0,0.5211812818350268,116114.4954149879,1494.0,32.36936893805991,2023-10-09
15504,0.5,501,True,MPC,q70,,,2.6016610485377063,0.0,0.0,0.0,0.5422914455370971,116114.4954149879,1494.0,3.861104125511804,2023-10-09
15504,0.5,501,True,CARMA,q80,1.0,12.0,2.584735747803448,0.0,0.0,0.0,0.5250619057073758,116114.4954149879,1494.0,32.857992825110784,2023-10-09
15504,0.5,501,True,MPC,q80,,,2.495729554206279,0.0,0.0,0.0,0.5472159652100353,116114.4954149879,1494.0,4.413431362446997,2023-10-09
15672,0.5,502,True,CARMA,q30,1.0,12.0,3.1311120930872,0.0,0.0,0.0,0.4842301918020415,117710.60274682064,1534.0,35.74846948455794,2023-10-16
15672,0.5,502,True,MPC,q30,,,3.4364691727266723,0.0,0.0,0.0,0.4667376226651503,117710.60274682064,1534.0,4.539170046024524,2023-10-16
15672,0.5,502,True,CARMA,q40,1.0,12.0,3.095515491630696,0.0,0.0,0.0,0.4916182983047756,117710.60274682064,1534.0,37.16168107522747,2023-10-16
15672,0.5,502,True,MPC,q40,,,3.424074393604209,0.0,0.0,0.0,0.4675587848824274,117710.60274682064,1534.0,4.68731731797976,2023-10-16
15672,0.5,502,True,CARMA,q50,1.0,12.0,3.124752873557157,0.0,0.0,0.0,0.49718772203147893,117710.60274682064,1534.0,37.50846631998987,2023-10-16
15672,0.5,502,True,MPC,q50,,,3.386857786211973,0.0,0.0,0.0,0.4735798117563976,117710.60274682064,1534.0,4.980084159015102,2023-10-16
15672,0.5,502,True,CARMA,q60,1.0,12.0,3.1796493559896963,0.0,0.0,0.0,0.5019073007770773,117710.60274682064,1534.0,37.916774716802294,2023-10-16
15672,0.5,502,True,MPC,q60,,,3.35708356207655,0.0,0.0,0.0,0.4784636253657048,117710.60274682064,1534.0,5.248711589989002,2023-10-16
15672,0.5,502,True,CARMA,q70,1.0,12.0,3.2755876780431956,0.0,0.0,0.0,0.49295536268827506,117710.60274682064,1534.0,35.80190174334629,2023-10-16
15672,0.5,502,True,MPC,q70,,,3.319161853221657,0.0,0.0,0.0,0.48200118538925285,117710.60274682064,1534.0,4.961364305446033,2023-10-16
15672,0.5,502,True,CARMA,q80,1.0,12.0,3.3558930722596934,0.0,0.0,0.0,0.49187482559977497,117710.60274682064,1534.0,36.827661786664976,2023-10-16
15672,0.5,502,True,MPC,q80,,,3.236178270874642,0.0,0.0,0.0,0.49225955797630283,117710.60274682064,1534.0,5.304237432896612,2023-10-16
15840,0.5,503,True,CARMA,q30,1.0,12.0,4.546706208060438,0.0,0.0,0.0,0.43297144399125076,125927.17619749843,1638.0,33.69074472889729,2023-10-23
15840,0.5,503,True,MPC,q30,,,4.983596876338407,6.873402502434777e-05,0.002442002442002442,0.0,0.420951579147462,125927.17619749843,1638.0,5.3450700692676305,2023-10-23
15840,0.5,503,True,CARMA,q40,1.0,12.0,4.416920955869438,0.0,0.0,0.0,0.44272914628238036,125927.17619749843,1638.0,36.31861215556354,2023-10-23
15840,0.5,503,True,MPC,q40,,,4.931094924964376,0.0,0.0,0.0,0.42752328454155253,125927.17619749843,1638.0,4.456869869581288,2023-10-23
15840,0.5,503,True,CARMA,q50,1.0,12.0,4.360988977755345,0.0,0.0,0.0,0.4387308924459141,125927.17619749843,1638.0,38.168601093329926,2023-10-23
15840,0.5,503,True,MPC,q50,,,4.883158338675797,0.0,0.0,0.0,0.4329254765623831,125927.17619749843,1638.0,5.4903638209466665,2023-10-23
15840,0.5,503,True,CARMA,q60,1.0,12.0,4.352791630913274,0.0,0.0,0.0,0.43780267849752175,125927.17619749843,1638.0,38.029982280010394,2023-10-23
15840,0.5,503,True,MPC,q60,,,4.836908442791396,0.0,0.0,0.0,0.43034622238220793,125927.17619749843,1638.0,5.047564615733592,2023-10-23
15840,0.5,503,True,CARMA,q70,1.0,12.0,4.449489922841048,0.0,0.0,0.0,0.43992971906083983,125927.17619749843,1638.0,36.03154416887466,2023-10-23
15840,0.5,503,True,MPC,q70,,,4.822813157304555,0.0,0.0,0.0,0.4349765735131827,125927.17619749843,1638.0,5.610154288206104,2023-10-23
15840,0.5,503,True,CARMA,q80,1.0,12.0,4.521372328039283,0.0,0.0,0.0,0.4446385516272521,125927.17619749843,1638.0,40.35348591962621,2023-10-23
15840,0.5,503,True,MPC,q80,,,4.813453506418698,0.0,0.0,0.0,0.43756190340171713,125927.17619749843,1638.0,5.471353359654897,2023-10-23
16008,0.5,504,True,CARMA,q30,1.0,12.0,2.3532668765666074,0.0,0.0,0.0,0.5185457343423098,114743.37890450687,1520.0,36.85876843496262,2023-10-30
16008,0.5,504,True,MPC,q30,,,3.0300816862231925,3.932646338803996e-05,0.0006578947368421052,0.0,0.49273295543345913,114743.37890450687,1520.0,4.725113623938644,2023-10-30
16008,0.5,504,True,CARMA,q40,1.0,12.0,2.300105933785711,0.0,0.0,0.0,0.5117068335022705,114743.37890450687,1520.0,33.49235670401513,2023-10-30
16008,0.5,504,True,MPC,q40,,,2.968253394113629,0.0,0.0,0.0,0.4961674437875517,114743.37890450687,1520.0,4.334085480509419,2023-10-30
16008,0.5,504,True,CARMA,q50,1.0,12.0,2.2847963814033614,0.0,0.0,0.0,0.5145418566486203,114743.37890450687,1520.0,37.5545614349479,2023-10-30
16008,0.5,504,True,MPC,q50,,,2.930118517419818,0.0,0.0,0.0,0.501991356546687,114743.37890450687,1520.0,5.0074602719285775,2023-10-30
16008,0.5,504,True,CARMA,q60,1.0,12.0,2.2907069638649205,0.0,0.0,0.0,0.5213404642467017,114743.37890450687,1520.0,32.256290161443545,2023-10-30
16008,0.5,504,True,MPC,q60,,,2.909662638141703,0.0,0.0,0.0,0.5030789647011622,114743.37890450687,1520.0,4.096280327428001,2023-10-30
16008,0.5,504,True,CARMA,q70,1.0,12.0,2.3269862116333897,0.0,0.0,0.0,0.5200310753699924,114743.37890450687,1520.0,39.47054841176589,2023-10-30
16008,0.5,504,True,MPC,q70,,,2.8468674455615295,0.0,0.0,0.0,0.5080046311395006,114743.37890450687,1520.0,4.662067239995748,2023-10-30
16008,0.5,504,True,CARMA,q80,1.0,12.0,2.3681006314642663,0.0,0.0,0.0,0.5190528297803625,114743.37890450687,1520.0,39.37271347060265,2023-10-30
16008,0.5,504,True,MPC,q80,,,2.7769781019461064,0.0,0.0,0.0,0.5136617644616089,114743.37890450687,1520.0,4.94412328124026,2023-10-30
16176,0.5,505,True,CARMA,q30,1.0,12.0,2.901952757598114,0.0,0.0,0.0,0.521897789618058,113797.0354469592,1521.0,36.68709410176355,2023-11-06
16176,0.5,505,True,MPC,q30,,,3.714056638863527,0.0020860267461812764,0.014464168310322156,0.0,0.49165146684125566,113797.0354469592,1521.0,4.2899384142055395,2023-11-06
16176,0.5,505,True,CARMA,q40,1.0,12.0,2.845558223066858,0.0,0.0,0.0,0.5238810801990372,113797.0354469592,1521.0,36.098650129468574,2023-11-06
16176,0.5,505,True,MPC,q40,,,3.6533609700969607,0.0014926556285684615,0.01051939513477975,0.0,0.4981713293572633,113797.0354469592,1521.0,4.60128298743664,2023-11-06
16176,0.5,505,True,CARMA,q50,1.0,12.0,2.836518658018329,0.0,0.0,0.0,0.5227634185618099,113797.0354469592,1521.0,36.106061571451114,2023-11-06
16176,0.5,505,True,MPC,q50,,,3.5597101622466645,0.0,0.0,0.0,0.5033229463369251,113797.0354469592,1521.0,4.508283815906694,2023-11-06
16176,0.5,505,True,CARMA,q60,1.0,12.0,2.8254034312674654,0.0,0.0,0.0,0.5159824025699615,113797.0354469592,1521.0,34.7248711255681,2023-11-06
16176,0.5,505,True,MPC,q60,,,3.442044054436858,0.0,0.0,0.0,0.5117998575458088,113797.0354469592,1521.0,4.250046728007478,2023-11-06
16176,0.5,505,True,CARMA,q70,1.0,12.0,2.8553204752800916,0.0,0.0,0.0,0.5086782969483395,113797.0354469592,1521.0,35.7173742466293,2023-11-06
16176,0.5,505,True,MPC,q70,,,3.366738985122351,0.0,0.0,0.0,0.5204778147623847,113797.0354469592,1521.0,4.2510932222250215,2023-11-06
16176,0.5,505,True,CARMA,q80,1.0,12.0,2.9517125822083017,0.0,0.0,0.0,0.5026894339434318,113797.0354469592,1521.0,36.57750382884031,2023-11-06
16176,0.5,505,True,MPC,q80,,,3.3119556817078037,0.0,0.0,0.0,0.5280022584263716,113797.0354469592,1521.0,4.711479776836395,2023-11-06
16344,0.5,506,True,CARMA,q30,1.0,12.0,4.4522289259489805,0.0,0.0,0.0,0.543980076969077,114535.07617219127,1534.0,39.206642711093686,2023-11-13
16344,0.5,506,True,MPC,q30,,,4.979224346490039,0.0,0.0,0.0,0.5093533773832445,114535.07617219127,1534.0,4.092671204245485,2023-11-13
16344,0.5,506,True,CARMA,q40,1.0,12.0,4.398029901612788,0.0,0.0,0.0,0.5423198483865138,114535.07617219127,1534.0,36.23798350666928,2023-11-13
16344,0.5,506,True,MPC,q40,,,4.91119647268583,0.0,0.0,0.0,0.5113124804766599,114535.07617219127,1534.0,5.21035349785497,2023-11-13
16344,0.5,506,True,CARMA,q50,1.0,12.0,4.376222545200984,0.0,0.0,0.0,0.5522014376969876,114535.07617219127,1534.0,37.77184984302149,2023-11-13
16344,0.5,506,True,MPC,q50,,,4.821422120879778,0.0,0.0,0.0,0.517387434974838,114535.07617219127,1534.0,5.076941127659434,2023-11-13
16344,0.5,506,True,CARMA,q60,1.0,12.0,4.349326124707759,0.0,0.0,0.0,0.5479989408600321,114535.07617219127,1534.0,35.61714204035745,2023-11-13
16344,0.5,506,True,MPC,q60,,,4.744431066152438,0.0,0.0,0.0,0.5268186133983866,114535.07617219127,1534.0,4.667736242531936,2023-11-13
16344,0.5,506,True,CARMA,q70,1.0,12.0,4.42913539103957,0.0,0.0,0.0,0.5334177193580264,114535.07617219127,1534.0,39.20441904506333,2023-11-13
16344,0.5,506,True,MPC,q70,,,4.677723145118551,0.0,0.0,0.0,0.5408498873104162,114535.07617219127,1534.0,4.624999387232628,2023-11-13
16344,0.5,506,True,CARMA,q80,1.0,12.0,4.497161521239035,0.0,0.0,0.0,0.5228331737847015,114535.07617219127,1534.0,33.746805382890244,2023-11-13
16344,0.5,506,True,MPC,q80,,,4.613796235654397,0.0,0.0,0.0,0.5442917008397128,114535.07617219127,1534.0,4.116813452585261,2023-11-13
16512,0.5,507,True,CARMA,q30,1.0,12.0,3.47523376087889,0.0,0.0,0.0,0.52342943785295,115267.9624331729,1500.0,37.78510775553312,2023-11-20
16512,0.5,507,True,MPC,q30,,,3.998639898738579,0.0,0.0,0.0,0.4968427237592758,115267.9624331729,1500.0,4.7898485128231325,2023-11-20
16512,0.5,507,True,CARMA,q40,1.0,12.0,3.4129322158667876,0.0,0.0,0.0,0.5250850573888096,115267.9624331729,1500.0,38.375548768882354,2023-11-20
16512,0.5,507,True,MPC,q40,,,3.9259646110149276,0.0,0.0,0.0,0.5001649450918924,115267.9624331729,1500.0,5.925122350435363,2023-11-20
16512,0.5,507,True,CARMA,q50,1.0,12.0,3.35900307217457,0.0,0.0,0.0,0.5346460122330731,115267.9624331729,1500.0,35.829890999967674,2023-11-20
16512,0.5,507,True,MPC,q50,,,3.858020395645666,0.0,0.0,0.0,0.5064891934402982,115267.9624331729,1500.0,4.764609465800642,2023-11-20
16512,0.5,507,True,CARMA,q60,1.0,12.0,3.3490502632319568,0.0,0.0,0.0,0.536998643136981,115267.9624331729,1500.0,32.72453580629812,2023-11-20
16512,0.5,507,True,MPC,q60,,,3.8010181286408518,0.0,0.0,0.0,0.5188970138874917,115267.9624331729,1500.0,4.530997260695181,2023-11-20
16512,0.5,507,True,CARMA,q70,1.0,12.0,3.4106256782580875,0.0,0.0,0.0,0.5328969233607068,115267.9624331729,1500.0,33.45167793243179,2023-11-20
16512,0.5,507,True,MPC,q70,,,3.715339749795438,0.0,0.0,0.0,0.5273950107368067,115267.9624331729,1500.0,5.076073682413883,2023-11-20
16512,0.5,507,True,CARMA,q80,1.0,12.0,3.623915889921206,0.0,0.0,0.0,0.5193757557658685,115267.9624331729,1500.0,33.17130029279782,2023-11-20
16512,0.5,507,True,MPC,q80,,,3.6733975531458345,0.0,0.0,0.0,0.5311945495794798,115267.9624331729,1500.0,4.166926426080903,2023-11-20
16680,0.5,508,True,CARMA,q30,1.0,12.0,7.699568116720462,0.0,0.0,0.0,0.4911384150678668,117195.14939128078,1567.0,36.468257875557256,2023-11-27
16680,0.5,508,True,MPC,q30,,,8.154992745453892,0.0005131625037352534,0.0025526483726866626,0.0,0.47141562146926147,117195.14939128078,1567.0,3.808394438828863,2023-11-27
16680,0.5,508,True,CARMA,q40,1.0,12.0,7.653485561599857,0.0,0.0,0.0,0.4873193705257928,117195.14939128078,1567.0,34.35443964001024,2023-11-27
16680,0.5,508,True,MPC,q40,,,8.107540256979728,4.8655943820406664e-05,0.003190810465858328,0.0,0.472301347634437,117195.14939128078,1567.0,4.192957037948373,2023-11-27
16680,0.5,508,True,CARMA,q50,1.0,12.0,7.6888431550896055,0.0,0.0,0.0,0.48531012836902787,117195.14939128078,1567.0,40.19786286667214,2023-11-27
16680,0.5,508,True,MPC,q50,,,8.055430333158421,0.0,0.0,0.0,0.4741155887251187,117195.14939128078,1567.0,3.8337730548493543,2023-11-27
16680,0.5,508,True,CARMA,q60,1.0,12.0,7.728296827511961,0.0,0.0,0.0,0.4845758565676497,117195.14939128078,1567.0,38.650951595552925,2023-11-27
16680,0.5,508,True,MPC,q60,,,8.010744012806613,0.0,0.0,0.0,0.4752406388360887,117195.14939128078,1567.0,4.512376008447658,2023-11-27
16680,0.5,508,True,CARMA,q70,1.0,12.0,7.8029478897166475,0.0,0.0,0.0,0.4852993548107094,117195.14939128078,1567.0,36.933785721968825,2023-11-27
16680,0.5,508,True,MPC,q70,,,7.963287107684036,0.0,0.0,0.0,0.47731386235057693,117195.14939128078,1567.0,4.693661639478514,2023-11-27
16680,0.5,508,True,CARMA,q80,1.0,12.0,7.9392424329578715,0.0,0.0,0.0,0.4933153313037073,117195.14939128078,1567.0,32.79450459457588,2023-11-27
16680,0.5,508,True,MPC,q80,,,7.934859410664204,0.0,0.0,0.0,0.47748325352221965,117195.14939128078,1567.0,5.871030038804292,2023-11-27
16848,0.5,509,True,CARMA,q30,1.0,12.0,3.7062753522856466,0.0,0.0,0.0,0.5451632359440862,113168.7626501414,1455.0,37.91713371555589,2023-12-04
16848,0.5,509,True,MPC,q30,,,4.239798086195311,0.0002630657800057371,0.002061855670103093,0.0,0.5287476531477922,113168.7626501414,1455.0,5.19750241175047,2023-12-04
16848,0.5,509,True,CARMA,q40,1.0,12.0,3.7226450392565864,0.0,0.0,0.0,0.5413986835382812,113168.7626501414,1455.0,36.25233157776771,2023-12-04
16848,0.5,509,True,MPC,q40,,,4.166951207567769,2.253374129299225e-05,0.0013745704467353953,0.0,0.5310093079382174,113168.7626501414,1455.0,4.728745155476003,2023-12-04
16848,0.5,509,True,CARMA,q50,1.0,12.0,3.7064365964986172,0.0,0.0,0.0,0.5467679704354721,113168.7626501414,1455.0,37.67743259641881,2023-12-04
16848,0.5,509,True,MPC,q50,,,4.092557283361032,0.0,0.0,0.0,0.5368322093190431,113168.7626501414,1455.0,4.352243261589525,2023-12-04
16848,0.5,509,True,CARMA,q60,1.0,12.0,3.7792398943804213,0.0,0.0,0.0,0.5465700027529448,113168.7626501414,1455.0,38.0788483648573,2023-12-04
16848,0.5,509,True,MPC,q60,,,4.037582421620338,0.0,0.0,0.0,0.5373431209429529,113168.7626501414,1455.0,5.351069838285339,2023-12-04
16848,0.5,509,True,CARMA,q70,1.0,12.0,3.845680498787587,0.0,0.0,0.0,0.5453825384186981,113168.7626501414,1455.0,35.29895742344542,2023-12-04
16848,0.5,509,True,MPC,q70,,,3.9843553564984595,0.0,0.0,0.0,0.5390287936560509,113168.7626501414,1455.0,4.23448893421034,2023-12-04
16848,0.5,509,True,CARMA,q80,1.0,12.0,3.908574770260524,0.0,0.0,0.0,0.5439514864954124,113168.7626501414,1455.0,36.08317923528696,2023-12-04
16848,0.5,509,True,MPC,q80,,,3.882722292699163,0.0,0.0,0.0,0.5434872619559951,113168.7626501414,1455.0,3.7501919468882763,2023-12-04
17016,0.5,510,True,CARMA,q30,1.0,12.0,2.973339073670005,0.0,0.0,0.0,0.5345952950044722,113082.6955013234,1510.0,36.45167613717805,2023-12-11
17016,0.5,510,True,MPC,q30,,,3.495790997045071,0.0,0.0,0.0,0.5118946723950085,113082.6955013234,1510.0,4.8048676850912475,2023-12-11
17016,0.5,510,True,CARMA,q40,1.0,12.0,2.9145974366587373,0.0,0.0,0.0,0.5408076931795297,113082.6955013234,1510.0,34.40347172566974,2023-12-11
17016,0.5,510,True,MPC,q40,,,3.41948252789622,0.0,0.0,0.0,0.5204340225098613,113082.6955013234,1510.0,4.553242965971065,2023-12-11
17016,0.5,510,True,CARMA,q50,1.0,12.0,2.9160231832543175,0.0,0.0,0.0,0.5329858330409498,113082.6955013234,1510.0,37.104726831110185,2023-12-11
17016,0.5,510,True,MPC,q50,,,3.325886883440933,0.0,0.0,0.0,0.5295143283904902,113082.6955013234,1510.0,4.796835068104206,2023-12-11
17016,0.5,510,True,CARMA,q60,1.0,12.0,2.9563264423718576,0.0,0.0,0.0,0.5261122269908516,113082.6955013234,1510.0,34.546191451341755,2023-12-11
17016,0.5,510,True,MPC,q60,,,3.213692155676137,0.0,0.0,0.0,0.532400469003463,113082.6955013234,1510.0,4.607708852164132,2023-12-11
17016,0.5,510,True,CARMA,q70,1.0,12.0,3.0287434599129717,0.0,0.0,0.0,0.5231271445516849,113082.6955013234,1510.0,34.824520318589805,2023-12-11
17016,0.5,510,True,MPC,q70,,,3.145181267395688,0.0,0.0,0.0,0.5320766629174952,113082.6955013234,1510.0,4.848128771908577,2023-12-11
17016,0.5,510,True,CARMA,q80,1.0,12.0,3.0996177604302697,0.0,0.0,0.0,0.524249317883026,113082.6955013234,1510.0,33.961932844457706,2023-12-11
17016,0.5,510,True,MPC,q80,,,3.0701515261347367,0.0,0.0,0.0,0.5333181833530378,113082.6955013234,1510.0,4.908976118402183,2023-12-11
17184,0.5,511,True,CARMA,q30,1.0,12.0,0.852725753938712,0.0,0.0,0.0,0.5635106190451741,118184.13952197897,1551.0,38.345604399101,2023-12-18
17184,0.5,511,True,MPC,q30,,,1.0598731693336587,4.934237428954699e-05,0.0012894906511927789,0.0,0.526604288909203,118184.13952197897,1551.0,5.1236580514892145,2023-12-18
17184,0.5,511,True,CARMA,q40,1.0,12.0,0.8420899844756365,0.0,0.0,0.0,0.5666726838263102,118184.13952197897,1551.0,41.16650559649315,2023-12-18
17184,0.5,511,True,MPC,q40,,,1.0237446030990172,3.908961187300729e-05,0.0012894906511927789,0.0,0.5343748194781542,118184.13952197897,1551.0,3.9458424205964517,2023-12-18
17184,0.5,511,True,CARMA,q50,1.0,12.0,0.8128949597070313,0.0,0.0,0.0,0.5611844180905355,118184.13952197897,1551.0,35.993448929507856,2023-12-18
17184,0.5,511,True,MPC,q50,,,0.9982469010610715,0.0,0.0,0.0,0.5434161356618885,118184.13952197897,1551.0,4.304996387925884,2023-12-18
17184,0.5,511,True,CARMA,q60,1.0,12.0,0.8005394988490853,0.0,0.0,0.0,0.569325642072815,118184.13952197897,1551.0,38.017201353972894,2023-12-18
17184,0.5,511,True,MPC,q60,,,0.9439128465262,0.0,0.0,0.0,0.5597722698575012,118184.13952197897,1551.0,4.55896253248142,2023-12-18
17184,0.5,511,True,CARMA,q70,1.0,12.0,0.7971616354220242,0.0,0.0,0.0,0.572892571290635,118184.13952197897,1551.0,35.55471550666981,2023-12-18
17184,0.5,511,True,MPC,q70,,,0.9196533106023166,0.0,0.0,0.0,0.563301687552033,118184.13952197897,1551.0,5.067659246778379,2023-12-18
17184,0.5,511,True,CARMA,q80,1.0,12.0,0.830146880180419,0.0,0.0,0.0,0.5605714204019557,118184.13952197897,1551.0,36.95724849337138,2023-12-18
17184,0.5,511,True,MPC,q80,,,0.8858946144986234,0.0,0.0,0.0,0.5603498500099788,118184.13952197897,1551.0,5.731901391321947,2023-12-18
17352,0.5,512,True,CARMA,q30,1.0,12.0,1.024518123344895,0.0,0.0,0.0,0.4895929968647317,120237.69722299729,1561.0,38.1022580555688,2023-12-25
17352,0.5,512,True,MPC,q30,,,1.1406992995242622,0.00043522882770143464,0.004484304932735426,0.0,0.4618118414258697,120237.69722299729,1561.0,4.051931238274769,2023-12-25
17352,0.5,512,True,CARMA,q40,1.0,12.0,0.9914418867195848,0.0,0.0,0.0,0.4971177026092516,120237.69722299729,1561.0,35.46132995594467,2023-12-25
17352,0.5,512,True,MPC,q40,,,1.127676376396662,0.0003239483631569829,0.0032030749519538757,0.0,0.46347309082948485,120237.69722299729,1561.0,4.268981119142328,2023-12-25
17352,0.5,512,True,CARMA,q50,1.0,12.0,0.9346227796891835,0.0,0.0,0.0,0.4985147024506567,120237.69722299729,1561.0,34.54162029514126,2023-12-25
17352,0.5,512,True,MPC,q50,,,1.118673373026573,0.00043480551447505107,0.0032030749519538757,0.0,0.46331066643310664,120237.69722299729,1561.0,5.010068778719482,2023-12-25
17352,0.5,512,True,CARMA,q60,1.0,12.0,0.8767464802567176,0.0,0.0,0.0,0.5097137275953391,120237.69722299729,1561.0,37.83446663716247,2023-12-25
17352,0.5,512,True,MPC,q60,,,1.1038463367842581,0.0,0.0,0.0,0.4658804999524779,120237.69722299729,1561.0,5.879571982892526,2023-12-25
17352,0.5,512,True,CARMA,q70,1.0,12.0,0.8669971229127149,0.0,0.0,0.0,0.5160288587430617,120237.69722299729,1561.0,31.840554544248086,2023-12-25
17352,0.5,512,True,MPC,q70,,,1.0675423546826335,0.0,0.0,0.0,0.47786614673408845,120237.69722299729,1561.0,5.714644641028648,2023-12-25
17352,0.5,512,True,CARMA,q80,1.0,12.0,0.8855990839746476,0.0,0.0,0.0,0.5073587025649435,120237.69722299729,1561.0,35.526575639998754,2023-12-25
17352,0.5,512,True,MPC,q80,,,1.0520054663649474,0.0,0.0,0.0,0.48211817807422874,120237.69722299729,1561.0,4.145846829054339,2023-12-25
15336,0.7,500,True,CARMA,q30,1.0,12.0,3.57392160549348,0.0009325820988636865,0.01237396883593034,0.0,0.3205600969164521,166463.55983189825,2182.0,45.76845846256945,2023-10-02
15336,0.7,500,True,MPC,q30,,,3.98859443529147,0.0220531685521879,0.08524289642529789,0.0,0.3222803198086269,166463.55983189825,2182.0,7.829847602559887,2023-10-02
15336,0.7,500,True,CARMA,q40,1.0,12.0,3.5366107420785164,2.258507012459857e-05,0.0009165902841429881,0.0,0.3156007156489228,166463.55983189825,2182.0,47.59548496915784,2023-10-02
15336,0.7,500,True,MPC,q40,,,3.9784610493709884,0.016658354132556185,0.06691109074243813,0.0,0.3227958527098476,166463.55983189825,2182.0,7.049693226482638,2023-10-02
15336,0.7,500,True,CARMA,q50,1.0,12.0,3.469646717421548,0.0,0.0,0.0,0.3190805625914074,166463.55983189825,2182.0,50.7267478938027,2023-10-02
15336,0.7,500,True,MPC,q50,,,3.9953868584860937,0.010393337085297919,0.045829514207149404,0.0,0.3225336212843695,166463.55983189825,2182.0,7.878879215515303,2023-10-02
15336,0.7,500,True,CARMA,q60,1.0,12.0,3.439387869855144,0.0,0.0,0.0,0.3232534601013452,166463.55983189825,2182.0,50.74243397345639,2023-10-02
15336,0.7,500,True,MPC,q60,,,3.947209603390827,0.008821136742339463,0.05087076076993584,0.0,0.3258656253207186,166463.55983189825,2182.0,7.714053330443241,2023-10-02
15336,0.7,500,True,CARMA,q70,1.0,12.0,3.4443391668072323,0.0,0.0,0.0,0.3262932569513075,166463.55983189825,2182.0,46.387250156243454,2023-10-02
15336,0.7,500,True,MPC,q70,,,3.925783290692402,0.008594631164179146,0.043538038496791935,0.0,0.33006706874375724,166463.55983189825,2182.0,8.10835487337543,2023-10-02
15336,0.7,500,True,CARMA,q80,1.0,12.0,3.405418354688047,0.0,0.0,0.0,0.3309242193459907,166463.55983189825,2182.0,43.74333940359677,2023-10-02
15336,0.7,500,True,MPC,q80,,,3.900536946699612,0.009432701047671478,0.04032997250229148,0.0,0.33284182459885575,166463.55983189825,2182.0,7.71940497815508,2023-10-02
15504,0.7,501,True,CARMA,q30,1.0,12.0,5.367104343439355,0.011498275016220267,0.04863362667901806,0.0,0.31725085790171154,165587.5406092412,2159.0,48.233547930138776,2023-10-09
15504,0.7,501,True,MPC,q30,,,5.929468888621979,0.026101987919602058,0.10884668828161186,0.0,0.3077815872407379,165587.5406092412,2159.0,6.4267543574366774,2023-10-09
15504,0.7,501,True,CARMA,q40,1.0,12.0,5.358244725394661,0.0007393701497935753,0.009263547938860583,0.0,0.3174925630842536,165587.5406092412,2159.0,48.135750189434845,2023-10-09
15504,0.7,501,True,MPC,q40,,,5.878307803795115,0.020272032654415257,0.08800370541917554,0.0,0.30740089375205387,165587.5406092412,2159.0,7.865438374460125,2023-10-09
15504,0.7,501,True,CARMA,q50,1.0,12.0,5.401790719151324,0.0007167823686208892,0.006947660954145438,0.0,0.3144390584162484,165587.5406092412,2159.0,49.09287106636283,2023-10-09
15504,0.7,501,True,MPC,q50,,,5.892982722685125,0.01929620058478232,0.08846688281611857,0.0,0.3060667093243744,165587.5406092412,2159.0,6.532206825526605,2023-10-09
15504,0.7,501,True,CARMA,q60,1.0,12.0,5.3482000607385185,1.9807217998044596e-05,0.0018527095877721167,0.0,0.31322543347573306,165587.5406092412,2159.0,46.97981613717436,2023-10-09
15504,0.7,501,True,MPC,q60,,,5.8698178339772005,0.015756562341789494,0.06577119036591014,0.0,0.30754864119821207,165587.5406092412,2159.0,8.430290063852032,2023-10-09
15504,0.7,501,True,CARMA,q70,1.0,12.0,5.348360149587243,0.0,0.0,0.0,0.315353584901245,165587.5406092412,2159.0,48.22549333036769,2023-10-09
15504,0.7,501,True,MPC,q70,,,5.834657658203769,0.013497630345143235,0.05419175544233441,0.0,0.31589525208665203,165587.5406092412,2159.0,7.503213136165637,2023-10-09
15504,0.7,501,True,CARMA,q80,1.0,12.0,5.60368445915083,0.0,0.0,0.0,0.31751813440604515,165587.5406092412,2159.0,43.53363129281116,2023-10-09
15504,0.7,501,True,MPC,q80,,,5.880489593978254,0.008621467496800447,0.047244094488188976,0.0,0.3149649278611947,165587.5406092412,2159.0,7.752010629786689,2023-10-09
15672,0.7,502,True,CARMA,q30,1.0,12.0,6.079385790657169,0.0019877063201423936,0.015808491418247517,0.0,0.2922062468718558,168860.153127672,2214.0,50.19816972728096,2023-10-16
15672,0.7,502,True,MPC,q30,,,6.303359246665834,0.03337081196387158,0.12420957542908763,0.0,0.2964969717180585,168860.153127672,2214.0,7.902127432790629,2023-10-16
15672,0.7,502,True,CARMA,q40,1.0,12.0,6.012578811495313,7.285907740867648e-05,0.0027100271002710027,0.0,0.2964348972033977,168860.153127672,2214.0,49.08918794349713,2023-10-16
15672,0.7,502,True,MPC,q40,,,6.289870575507105,0.030568676948468626,0.11246612466124661,0.0,0.294191042417141,168860.153127672,2214.0,7.325988054613661,2023-10-16
15672,0.7,502,True,CARMA,q50,1.0,12.0,6.04312329722504,6.986217176639406e-06,0.0018066847335140017,0.0,0.3021137585109475,168860.153127672,2214.0,44.84453254386417,2023-10-16
15672,0.7,502,True,MPC,q50,,,6.2808151676236745,0.02669746798995015,0.11382113821138211,0.0,0.2962067804546128,168860.153127672,2214.0,7.252209239500151,2023-10-16
15672,0.7,502,True,CARMA,q60,1.0,12.0,6.084900098929295,0.0,0.0,0.0,0.3060578848562283,168860.153127672,2214.0,45.81971184512617,2023-10-16
15672,0.7,502,True,MPC,q60,,,6.261403965155051,0.024753114737937745,0.10659439927732611,0.0,0.29787224591512934,168860.153127672,2214.0,6.702237668045613,2023-10-16
15672,0.7,502,True,CARMA,q70,1.0,12.0,6.1322606707184555,0.0,0.0,0.0,0.3099272654209644,168860.153127672,2214.0,42.3680160133295,2023-10-16
15672,0.7,502,True,MPC,q70,,,6.286833106769366,0.02286047908252471,0.1007226738934056,0.0,0.30271173237634996,168860.153127672,2214.0,7.5520362680997115,2023-10-16
15672,0.7,502,True,CARMA,q80,1.0,12.0,6.376242430522899,0.0,0.0,0.0,0.29313452009464136,168860.153127672,2214.0,46.85265962497657,2023-10-16
15672,0.7,502,True,MPC,q80,,,6.250803506622408,0.016738829451759526,0.08310749774164408,0.0,0.30985439306575346,168860.153127672,2214.0,6.64789172338676,2023-10-16
15840,0.7,503,True,CARMA,q30,1.0,12.0,8.37216951071268,0.0005373006442955204,0.007339449541284404,0.0,0.26277730064082466,168786.09957749603,2180.0,43.82992079557678,2023-10-23
15840,0.7,503,True,MPC,q30,,,8.952399862067377,0.035657930477216694,0.17293577981651376,0.0,0.2693986043929814,168786.09957749603,2180.0,6.49660667365603,2023-10-23
15840,0.7,503,True,CARMA,q40,1.0,12.0,8.220311676996014,0.00039927798267265713,0.004128440366972477,0.0,0.2597514127524021,168786.09957749603,2180.0,45.42560337056045,2023-10-23
15840,0.7,503,True,MPC,q40,,,8.886370885728159,0.03799430548100663,0.16788990825688074,0.0,0.2679076101505018,168786.09957749603,2180.0,7.79165572383242,2023-10-23
15840,0.7,503,True,CARMA,q50,1.0,12.0,8.175358751287845,0.00039953549884698056,0.005963302752293578,0.0,0.26425063003927696,168786.09957749603,2180.0,42.83251175448908,2023-10-23
15840,0.7,503,True,MPC,q50,,,8.864326891902007,0.03529448452631671,0.16559633027522935,0.0,0.2671703806302368,168786.09957749603,2180.0,6.908548610877443,2023-10-23
15840,0.7,503,True,CARMA,q60,1.0,12.0,8.15623430592922,0.0,0.0,0.0,0.27362501163045755,168786.09957749603,2180.0,46.50726870851631,2023-10-23
15840,0.7,503,True,MPC,q60,,,8.849234394981641,0.030746576712705666,0.1591743119266055,0.0,0.2685847456837277,168786.09957749603,2180.0,6.396641263601706,2023-10-23
15840,0.7,503,True,CARMA,q70,1.0,12.0,8.120410501506713,0.0,0.0,0.0,0.27700330488130187,168786.09957749603,2180.0,48.752595995524906,2023-10-23
15840,0.7,503,True,MPC,q70,,,8.816482285120525,0.022867024619652516,0.12568807339449542,0.0,0.2732393473292578,168786.09957749603,2180.0,7.596644292374996,2023-10-23
15840,0.7,503,True,CARMA,q80,1.0,12.0,8.151007760990693,0.0,0.0,0.0,0.2697895907546221,168786.09957749603,2180.0,46.73026238565949,2023-10-23
15840,0.7,503,True,MPC,q80,,,8.758955980830178,0.017754880405686256,0.09908256880733946,0.0,0.2686089188058027,168786.09957749603,2180.0,7.907770326181394,2023-10-23
16008,0.7,504,True,CARMA,q30,1.0,12.0,4.816308028855701,0.0,0.0,0.0,0.2854562772277071,164554.64009634324,2170.0,46.89679894714685,2023-10-30
16008,0.7,504,True,MPC,q30,,,5.656324958170764,0.025841564957152327,0.1055299539170507,0.0,0.2960564695831511,164554.64009634324,2170.0,8.172415289920092,2023-10-30
16008,0.7,504,True,CARMA,q40,1.0,12.0,4.753474804995649,0.0,0.0,0.0,0.28513727004140654,164554.64009634324,2170.0,49.667611608896955,2023-10-30
16008,0.7,504,True,MPC,q40,,,5.633842734342004,0.01788666073477593,0.08248847926267282,0.0,0.3014775906569929,164554.64009634324,2170.0,6.188506147037599,2023-10-30
16008,0.7,504,True,CARMA,q50,1.0,12.0,4.753881986435484,0.0,0.0,0.0,0.282921143082257,164554.64009634324,2170.0,44.68888345740801,2023-10-30
16008,0.7,504,True,MPC,q50,,,5.635933637245526,0.01623631957987268,0.07142857142857142,0.0,0.30361283120250865,164554.64009634324,2170.0,7.500311487400027,2023-10-30
16008,0.7,504,True,CARMA,q60,1.0,12.0,4.770503633138312,0.0,0.0,0.0,0.28680104100050824,164554.64009634324,2170.0,41.35959185650219,2023-10-30
16008,0.7,504,True,MPC,q60,,,5.640299797926256,0.012903949256920608,0.05161290322580645,0.0,0.30361783716909146,164554.64009634324,2170.0,7.042051544674982,2023-10-30
16008,0.7,504,True,CARMA,q70,1.0,12.0,4.822276670113605,0.0,0.0,0.0,0.2905138058303138,164554.64009634324,2170.0,40.926215735432905,2023-10-30
16008,0.7,504,True,MPC,q70,,,5.568220604371594,0.00950717498708443,0.047004608294930875,0.0,0.30936754233225894,164554.64009634324,2170.0,7.454050082619886,2023-10-30
16008,0.7,504,True,CARMA,q80,1.0,12.0,4.92228101536672,0.0,0.0,0.0,0.2929309920510527,164554.64009634324,2170.0,46.32097166365747,2023-10-30
16008,0.7,504,True,MPC,q80,,,5.580593809431083,0.003394390489643653,0.020737327188940093,0.0,0.30944262294789643,164554.64009634324,2170.0,7.626458912271342,2023-10-30
16176,0.7,505,True,CARMA,q30,1.0,12.0,5.321085211570319,0.0,0.0,0.0,0.34526687897780695,151580.28519375168,2052.0,49.680507986540924,2023-11-06
16176,0.7,505,True,MPC,q30,,,6.168328494358547,0.007442903714527375,0.06042884990253411,0.0,0.3575893215320549,151580.28519375168,2052.0,7.267963961393446,2023-11-06
16176,0.7,505,True,CARMA,q40,1.0,12.0,5.1863017230968245,0.0,0.0,0.0,0.340675964886191,151580.28519375168,2052.0,49.96153554707989,2023-11-06
16176,0.7,505,True,MPC,q40,,,6.1513435285440705,0.004950382738448617,0.047270955165692005,0.0,0.35758278992567966,151580.28519375168,2052.0,7.158711321902987,2023-11-06
16176,0.7,505,True,CARMA,q50,1.0,12.0,5.142741066364429,0.0,0.0,0.0,0.33336867709721585,151580.28519375168,2052.0,45.62558771300703,2023-11-06
16176,0.7,505,True,MPC,q50,,,6.108646555863717,0.0013084988037579625,0.012670565302144249,0.0,0.3590498211943745,151580.28519375168,2052.0,7.733932231751614,2023-11-06
16176,0.7,505,True,CARMA,q60,1.0,12.0,5.126520396828366,0.0,0.0,0.0,0.32965838335956027,151580.28519375168,2052.0,45.95822774438443,2023-11-06
16176,0.7,505,True,MPC,q60,,,6.0184262169824025,0.0008201987661905915,0.004873294346978557,0.0,0.35436588389368046,151580.28519375168,2052.0,5.688000824027401,2023-11-06
16176,0.7,505,True,CARMA,q70,1.0,12.0,5.2072518135212125,0.0,0.0,0.0,0.3298217733057629,151580.28519375168,2052.0,47.35449809909205,2023-11-06
16176,0.7,505,True,MPC,q70,,,5.95322971112609,0.0008638837366351103,0.009259259259259259,0.0,0.3573315566604067,151580.28519375168,2052.0,6.1953595407766535,2023-11-06
16176,0.7,505,True,CARMA,q80,1.0,12.0,5.4080680279304945,0.0,0.0,0.0,0.3323080411672988,151580.28519375168,2052.0,43.79629127149049,2023-11-06
16176,0.7,505,True,MPC,q80,,,5.907159031787515,0.00043051193795681385,0.0024366471734892786,0.0,0.35543910735761897,151580.28519375168,2052.0,6.100642802578793,2023-11-06
16344,0.7,506,True,CARMA,q30,1.0,12.0,8.107772574706427,0.00026781716313035753,0.0027624309392265192,0.0,0.3296454889423181,164038.17798385496,2172.0,47.64563927111036,2023-11-13
16344,0.7,506,True,MPC,q30,,,9.348470708977477,0.032811683264268546,0.12384898710865562,0.0,0.3230633000309027,164038.17798385496,2172.0,7.943561080493302,2023-11-13
16344,0.7,506,True,CARMA,q40,1.0,12.0,7.961141053504768,0.0,0.0,0.0,0.32035264074873193,164038.17798385496,2172.0,47.17101609376836,2023-11-13
16344,0.7,506,True,MPC,q40,,,9.252728806007042,0.029853105851323003,0.11694290976058933,0.0,0.3266579277582172,164038.17798385496,2172.0,7.791848665267596,2023-11-13
16344,0.7,506,True,CARMA,q50,1.0,12.0,7.955200540041719,0.0,0.0,0.0,0.31948892890846603,164038.17798385496,2172.0,46.287583026894474,2023-11-13
16344,0.7,506,True,MPC,q50,,,9.186948447803783,0.02325178134435921,0.08885819521178637,0.0,0.32788100537564724,164038.17798385496,2172.0,7.857332423716767,2023-11-13
16344,0.7,506,True,CARMA,q60,1.0,12.0,8.000194924275329,0.0,0.0,0.0,0.3189632146465735,164038.17798385496,2172.0,44.42606860536905,2023-11-13
16344,0.7,506,True,MPC,q60,,,9.03040492832348,0.019895292262941847,0.07504604051565378,0.0,0.33034375196082183,164038.17798385496,2172.0,6.979171745758892,2023-11-13
16344,0.7,506,True,CARMA,q70,1.0,12.0,8.160243915544443,0.0,0.0,0.0,0.31832551946330045,164038.17798385496,2172.0,48.32767150672821,2023-11-13
16344,0.7,506,True,MPC,q70,,,8.88286256699659,0.01594823703546238,0.06721915285451197,0.0,0.3310625899100398,164038.17798385496,2172.0,8.494359233043077,2023-11-13
16344,0.7,506,True,CARMA,q80,1.0,12.0,8.280993680058662,0.0,0.0,0.0,0.3183704141149941,164038.17798385496,2172.0,52.319952810833186,2023-11-13
16344,0.7,506,True,MPC,q80,,,8.757629228444562,0.011682240917395774,0.05202578268876611,0.0,0.32882459625409544,164038.17798385496,2172.0,7.615949596574201,2023-11-13
16512,0.7,507,True,CARMA,q30,1.0,12.0,7.215401612863287,0.0007810400308432936,0.008011310084825637,0.0,0.2899258670122832,168956.68822873302,2122.0,45.84933098237147,2023-11-20
16512,0.7,507,True,MPC,q30,,,7.966786946130328,0.04494927495690563,0.15174363807728558,0.0,0.301071182791022,168956.68822873302,2122.0,7.794726055318336,2023-11-20
16512,0.7,507,True,CARMA,q40,1.0,12.0,7.113334623225906,0.0001256189562972162,0.001885014137606032,0.0,0.2910618424393537,168956.68822873302,2122.0,43.59191589379302,2023-11-20
16512,0.7,507,True,MPC,q40,,,7.913290202590064,0.03709296408834505,0.13242224316682374,0.0,0.29924323345902093,168956.68822873302,2122.0,8.19058433190026,2023-11-20
16512,0.7,507,True,CARMA,q50,1.0,12.0,7.047047400906739,0.0,0.0,0.0,0.2976905216682814,168956.68822873302,2122.0,43.372542115049626,2023-11-20
16512,0.7,507,True,MPC,q50,,,7.881212277591493,0.029607028373852328,0.10273327049952875,0.0,0.29848494088927024,168956.68822873302,2122.0,6.708940021291439,2023-11-20
16512,0.7,507,True,CARMA,q60,1.0,12.0,7.021107876745232,0.0,0.0,0.0,0.29608226809382027,168956.68822873302,2122.0,46.90843187999336,2023-11-20
16512,0.7,507,True,MPC,q60,,,7.837187882613269,0.029182621050929423,0.09330819981149858,0.0,0.3014275589923863,168956.68822873302,2122.0,6.323514361684693,2023-11-20
16512,0.7,507,True,CARMA,q70,1.0,12.0,7.110876148460786,0.0,0.0,0.0,0.294538889678578,168956.68822873302,2122.0,43.5182745605507,2023-11-20
16512,0.7,507,True,MPC,q70,,,7.764804777670864,0.024132894145285255,0.07869934024505183,0.0,0.30291861281408317,168956.68822873302,2122.0,8.902983459561352,2023-11-20
16512,0.7,507,True,CARMA,q80,1.0,12.0,7.259749860968089,0.0,0.0,0.0,0.2993065848141323,168956.68822873302,2122.0,45.165731752258004,2023-11-20
16512,0.7,507,True,MPC,q80,,,7.650292433395201,0.01802079052410157,0.06786050895381715,0.0,0.3040140722304455,168956.68822873302,2122.0,8.302047778724567,2023-11-20
16680,0.7,508,True,CARMA,q30,1.0,12.0,12.895038209403301,0.004536875661750678,0.030971374941342094,0.0,0.2948963574168296,162106.97118644227,2131.0,44.51536347999637,2023-11-27
16680,0.7,508,True,MPC,q30,,,13.497360339869804,0.03339937411086182,0.12247770999530737,0.0,0.29064429909112205,162106.97118644227,2131.0,6.5719696624580255,2023-11-27
16680,0.7,508,True,CARMA,q40,1.0,12.0,12.86883026426375,0.0027033375017577314,0.017362740497419052,0.0,0.29374123209822495,162106.97118644227,2131.0,51.28945322667076,2023-11-27
16680,0.7,508,True,MPC,q40,,,13.466112167210147,0.03215403657855363,0.12294697325199437,0.0,0.2915955399280702,162106.97118644227,2131.0,5.961398016891888,2023-11-27
16680,0.7,508,True,CARMA,q50,1.0,12.0,12.790708179097377,0.0011903402132711328,0.007508212106992022,0.0,0.2908804250792818,162106.97118644227,2131.0,49.74591489333761,2023-11-27
16680,0.7,508,True,MPC,q50,,,13.44544082984553,0.02559516380794189,0.10980760206475833,0.0,0.29475746490757077,162106.97118644227,2131.0,7.103799278474635,2023-11-27
16680,0.7,508,True,CARMA,q60,1.0,12.0,12.809696707887873,0.0,0.0,0.0,0.29352794978900726,162106.97118644227,2131.0,45.931944288913655,2023-11-27
16680,0.7,508,True,MPC,q60,,,13.37085602628579,0.02471838209235029,0.10511496949788832,0.0,0.29477220782210145,162106.97118644227,2131.0,7.128678510554569,2023-11-27
16680,0.7,508,True,CARMA,q70,1.0,12.0,12.8535212662462,0.0,0.0,0.0,0.2951903065805831,162106.97118644227,2131.0,49.310436674115216,2023-11-27
16680,0.7,508,True,MPC,q70,,,13.341871204711751,0.021638228645169743,0.09338338808071328,0.0,0.29506276487537186,162106.97118644227,2131.0,7.673939770228707,2023-11-27
16680,0.7,508,True,CARMA,q80,1.0,12.0,13.031590004045231,0.0,0.0,0.0,0.30039430720121385,162106.97118644227,2131.0,44.2955040717574,2023-11-27
16680,0.7,508,True,MPC,q80,,,13.306710936642986,0.023867135668480744,0.09009854528390428,0.0,0.29426725068689946,162106.97118644227,2131.0,7.428798717935731,2023-11-27
16848,0.7,509,True,CARMA,q30,1.0,12.0,6.391049492409378,0.0,0.0,0.0,0.32515819045382355,160840.7205518153,2053.0,50.664647343477476,2023-12-04
16848,0.7,509,True,MPC,q30,,,7.239245703153512,0.017323647450138747,0.07014125669751584,0.0,0.3257238769094554,160840.7205518153,2053.0,7.901411102131456,2023-12-04
16848,0.7,509,True,CARMA,q40,1.0,12.0,6.376438979452871,0.0,0.0,0.0,0.3303887848099273,160840.7205518153,2053.0,47.725137495574856,2023-12-04
16848,0.7,509,True,MPC,q40,,,7.1909393443810155,0.013479216860226746,0.05893813930832927,0.0,0.32655262389052675,160840.7205518153,2053.0,7.000504178718752,2023-12-04
16848,0.7,509,True,CARMA,q50,1.0,12.0,6.413652824601741,0.0,0.0,0.0,0.3316952625298626,160840.7205518153,2053.0,47.6203293928482,2023-12-04
16848,0.7,509,True,MPC,q50,,,7.115251010886692,0.006796667580757438,0.04822211397954213,0.0,0.32531598922224925,160840.7205518153,2053.0,6.75119577872078,2023-12-04
16848,0.7,509,True,CARMA,q60,1.0,12.0,6.5360548996109165,0.0,0.0,0.0,0.33292237149605103,160840.7205518153,2053.0,43.78909828571409,2023-12-04
16848,0.7,509,True,MPC,q60,,,7.036969302330277,0.0038186114746275907,0.03019970774476376,0.0,0.3244178852047259,160840.7205518153,2053.0,7.412518770209491,2023-12-04
16848,0.7,509,True,CARMA,q70,1.0,12.0,6.718377452090801,0.0,0.0,0.0,0.3287656104855327,160840.7205518153,2053.0,46.46083828124453,2023-12-04
16848,0.7,509,True,MPC,q70,,,6.912686262425949,0.001058031975197342,0.008280565026790063,0.0,0.32789662265518166,160840.7205518153,2053.0,7.85136472340263,2023-12-04
16848,0.7,509,True,CARMA,q80,1.0,12.0,6.929799535675669,0.0,0.0,0.0,0.32057102968911155,160840.7205518153,2053.0,44.53944992374009,2023-12-04
16848,0.7,509,True,MPC,q80,,,6.851924239031666,9.06075813901712e-05,0.0029225523623964927,0.0,0.3264440661435546,160840.7205518153,2053.0,8.006060348946042,2023-12-04
17016,0.7,510,True,CARMA,q30,1.0,12.0,6.516402162756021,0.00020217389585719958,0.004547521600727604,0.0,0.32797279836425225,164594.1368183523,2199.0,48.43584570534582,2023-12-11
17016,0.7,510,True,MPC,q30,,,7.2722375533772405,0.028649966153945085,0.14006366530241018,0.0,0.31367561774205593,164594.1368183523,2199.0,7.978840149590747,2023-12-11
17016,0.7,510,True,CARMA,q40,1.0,12.0,6.39061680268291,0.00020080946587969271,0.004547521600727604,0.0,0.3280093935597243,164594.1368183523,2199.0,52.06641320983302,2023-12-11
17016,0.7,510,True,MPC,q40,,,7.246580470371728,0.022559332087687452,0.1123237835379718,0.0,0.31842356536465743,164594.1368183523,2199.0,8.365687944448922,2023-12-11
17016,0.7,510,True,CARMA,q50,1.0,12.0,6.219307601025446,0.0,0.0,0.0,0.32215611568050434,164594.1368183523,2199.0,49.61569625446113,2023-12-11
17016,0.7,510,True,MPC,q50,,,7.192236447048079,0.015224142549089194,0.09231468849477036,0.0,0.3308797889743213,164594.1368183523,2199.0,7.127773611125673,2023-12-11
17016,0.7,510,True,CARMA,q60,1.0,12.0,6.197231567794666,0.0,0.0,0.0,0.32521752270013643,164594.1368183523,2199.0,46.87523492376006,2023-12-11
17016,0.7,510,True,MPC,q60,,,7.107836067248003,0.01233386196647198,0.07639836289222374,0.0,0.33953458632876965,164594.1368183523,2199.0,8.020912999996716,2023-12-11
17016,0.7,510,True,CARMA,q70,1.0,12.0,6.249106044058904,0.0,0.0,0.0,0.3239607385040235,164594.1368183523,2199.0,45.87843165471785,2023-12-11
17016,0.7,510,True,MPC,q70,,,7.032832625020726,0.00724039146382313,0.04456571168713051,0.0,0.34629904039445303,164594.1368183523,2199.0,7.5290579700652644,2023-12-11
17016,0.7,510,True,CARMA,q80,1.0,12.0,6.359051109607875,0.0,0.0,0.0,0.3223354761153081,164594.1368183523,2199.0,47.83524131982779,2023-12-11
17016,0.7,510,True,MPC,q80,,,6.916156631599553,0.0014917756182474349,0.011368804001819008,0.0,0.34080681130924984,164594.1368183523,2199.0,7.818832188027395,2023-12-11
17184,0.7,511,True,CARMA,q30,1.0,12.0,1.8520264520402812,0.005238302061380737,0.02532790592492085,0.0,0.350943354777995,163002.22221512708,2211.0,44.6428492599074,2023-12-18
17184,0.7,511,True,MPC,q30,,,2.1674225130457563,0.032255225808626393,0.13568521031207598,0.0,0.3335223840851666,163002.22221512708,2211.0,6.961576219821539,2023-12-18
17184,0.7,511,True,CARMA,q40,1.0,12.0,1.8379982851899759,0.0012903755563471902,0.010402532790592492,0.0,0.34843727303969063,163002.22221512708,2211.0,45.42438440090248,2023-12-18
17184,0.7,511,True,MPC,q40,,,2.1521109345923874,0.026875777715051615,0.10402532790592492,0.0,0.3357145531683822,163002.22221512708,2211.0,7.653815961216894,2023-12-18
17184,0.7,511,True,CARMA,q50,1.0,12.0,1.828856403835179,0.0010135136509144909,0.011307100859339666,0.0,0.34532880522837184,163002.22221512708,2211.0,42.767013013356824,2023-12-18
17184,0.7,511,True,MPC,q50,,,2.1582714707679354,0.0207938483758901,0.09588421528720036,0.0,0.33608799377257803,163002.22221512708,2211.0,7.942834267241543,2023-12-18
17184,0.7,511,True,CARMA,q60,1.0,12.0,1.8433833503161752,0.0,0.0,0.0,0.34274864389723314,163002.22221512708,2211.0,44.54701895981422,2023-12-18
17184,0.7,511,True,MPC,q60,,,2.1368206279192754,0.016420285532592904,0.06919945725915876,0.0,0.34064315581613996,163002.22221512708,2211.0,5.987298599118981,2023-12-18
17184,0.7,511,True,CARMA,q70,1.0,12.0,1.8862546226931316,0.0,0.0,0.0,0.32966887653202337,163002.22221512708,2211.0,41.89274018300182,2023-12-18
17184,0.7,511,True,MPC,q70,,,2.127094258951042,0.012915656888119641,0.045228403437358664,0.0,0.3436213663351575,163002.22221512708,2211.0,6.270670719814085,2023-12-18
17184,0.7,511,True,CARMA,q80,1.0,12.0,1.913001708944703,0.0,0.0,0.0,0.3293044176162669,163002.22221512708,2211.0,43.82506947533101,2023-12-18
17184,0.7,511,True,MPC,q80,,,2.095684897696015,0.012211089345209232,0.04568068747173225,0.0,0.3454036986291731,163002.22221512708,2211.0,8.126269767246711,2023-12-18
17352,0.7,512,True,CARMA,q30,1.0,12.0,2.2246050202467815,0.018528157683451167,0.07587822014051522,0.0,0.29377840673723116,167924.7651880073,2135.0,53.01594863437903,2023-12-25
17352,0.7,512,True,MPC,q30,,,2.3035585169964357,0.04702906443773567,0.15456674473067916,0.0,0.30387613172102335,167924.7651880073,2135.0,6.505390295351313,2023-12-25
17352,0.7,512,True,CARMA,q40,1.0,12.0,2.109178869540419,0.009364256866546499,0.034660421545667446,0.0,0.2885066169372839,167924.7651880073,2135.0,50.99872698676961,2023-12-25
17352,0.7,512,True,MPC,q40,,,2.300012511920132,0.04327113717471358,0.13817330210772832,0.0,0.30167789936108597,167924.7651880073,2135.0,7.179711708869047,2023-12-25
17352,0.7,512,True,CARMA,q50,1.0,12.0,2.057388917817888,0.003962305234379257,0.02622950819672131,0.0,0.2913918141442458,167924.7651880073,2135.0,48.8957050088416,2023-12-25
17352,0.7,512,True,MPC,q50,,,2.2779977296017,0.03936646226299096,0.13161592505854802,0.0,0.301447289515735,167924.7651880073,2135.0,8.45722203797286,2023-12-25
17352,0.7,512,True,CARMA,q60,1.0,12.0,1.9758091944257752,0.0017199315201664406,0.008430913348946136,0.0,0.29888947563468976,167924.7651880073,2135.0,46.742119969020216,2023-12-25
17352,0.7,512,True,MPC,q60,,,2.25667742634637,0.02755825219708979,0.09508196721311475,0.0,0.30166184461679624,167924.7651880073,2135.0,7.835747400842769,2023-12-25
17352,0.7,512,True,CARMA,q70,1.0,12.0,1.972782289834916,0.0,0.0,0.0,0.30272217077067587,167924.7651880073,2135.0,40.900162747806284,2023-12-25
17352,0.7,512,True,MPC,q70,,,2.252505632528136,0.018380346168527087,0.06651053864168618,0.0,0.3020037267809521,167924.7651880073,2135.0,7.576719589748721,2023-12-25
17352,0.7,512,True,CARMA,q80,1.0,12.0,2.0245450398089715,0.0,0.0,0.0,0.3028601123514887,167924.7651880073,2135.0,38.803044808876926,2023-12-25
17352,0.7,512,True,MPC,q80,,,2.2405582828005053,0.014443015202951418,0.06370023419203748,0.0,0.3058692408288956,167924.7651880073,2135.0,6.55206728326112,2023-12-25
