t0,rho,seed,migrate,policy,cube,kappa,look,label,sid,emis_t,late_frac,emis_adj_t,late_jobs,unfinished,mig_frac,work,jobs,ms_per_decision,week,r,tight
15336,0.5,500,True,CARMA,pred,0.75,12.0,CARMA|0.75,cube=pred|kappa=0.75|label=CARMA|0.75|look=12|migrate=True|policy=CARMA|rho=0.5|seed=500|t0=15336,9.680030177367328,0.0,9.680030177367328,0.0,0.0,0.4813169377661589,118825.09371853326,1541.0,31.06205497368221,2023-10-02,,
15336,0.5,500,True,CARMA,pred,1.0,12.0,CARMA|1.0,cube=pred|kappa=1.0|label=CARMA|1.0|look=12|migrate=True|policy=CARMA|rho=0.5|seed=500|t0=15336,9.563089309696192,0.0,9.563089309696192,0.0,0.0,0.48647568470885627,118825.09371853326,1541.0,35.76828113158439,2023-10-02,,
15504,0.5,501,True,CARMA,pred,1.0,12.0,CARMA|1.0,cube=pred|kappa=1.0|label=CARMA|1.0|look=12|migrate=True|policy=CARMA|rho=0.5|seed=501|t0=15504,10.795575868074572,0.0,10.795575868074572,0.0,0.0,0.4857546917722055,119487.55107270402,1535.0,36.53760189333803,2023-10-09,,
15504,0.5,501,True,CARMA,pred,1.25,12.0,CARMA|1.25,cube=pred|kappa=1.25|label=CARMA|1.25|look=12|migrate=True|policy=CARMA|rho=0.5|seed=501|t0=15504,10.885142580303837,0.0,10.885142580303837,0.0,0.0,0.49514165959902695,119487.55107270402,1535.0,34.9452877857185,2023-10-09,,
15672,0.5,502,True,CARMA,pred,0.75,12.0,CARMA|0.75,cube=pred|kappa=0.75|label=CARMA|0.75|look=12|migrate=True|policy=CARMA|rho=0.5|seed=502|t0=15672,8.816110377175484,0.0,8.816110377175484,0.0,0.0,0.4577879207846621,119201.7667571654,1521.0,35.73433957895408,2023-10-16,,
15672,0.5,502,True,CARMA,pred,1.0,12.0,CARMA|1.0,cube=pred|kappa=1.0|label=CARMA|1.0|look=12|migrate=True|policy=CARMA|rho=0.5|seed=502|t0=15672,8.50004192588517,0.0,8.50004192588517,0.0,0.0,0.47030444797179516,119201.7667571654,1521.0,36.62865303110872,2023-10-16,,
15336,0.5,500,True,CARMA,pred,1.25,12.0,CARMA|1.25,cube=pred|kappa=1.25|label=CARMA|1.25|look=12|migrate=True|policy=CARMA|rho=0.5|seed=500|t0=15336,9.705268518276311,0.0,9.705268518276311,0.0,0.0,0.47665780595401064,118825.09371853326,1541.0,37.30067138221784,2023-10-02,,
15504,0.5,501,True,CARMA,pred,0.75,12.0,CARMA|0.75,cube=pred|kappa=0.75|label=CARMA|0.75|look=12|migrate=True|policy=CARMA|rho=0.5|seed=501|t0=15504,11.02534446223712,0.0,11.02534446223712,0.0,0.0,0.48320696294872756,119487.55107270402,1535.0,35.52607630973173,2023-10-09,,
16008,0.5,504,True,CARMA,pred,1.25,12.0,CARMA|1.25,cube=pred|kappa=1.25|label=CARMA|1.25|look=12|migrate=True|policy=CARMA|rho=0.5|seed=504|t0=16008,5.7039567464276235,0.0,5.7039567464276235,0.0,0.0,0.534891822553849,111950.30232689864,1496.0,36.49562742600104,2023-10-30,,
16176,0.5,505,True,CARMA,pred,0.75,12.0,CARMA|0.75,cube=pred|kappa=0.75|label=CARMA|0.75|look=12|migrate=True|policy=CARMA|rho=0.5|seed=505|t0=16176,6.998900031510813,0.0,6.998900031510813,0.0,0.0,0.5368173569338615,112733.30743960424,1511.0,31.76921477777291,2023-11-06,,
16008,0.5,504,True,CARMA,pred,0.75,12.0,CARMA|0.75,cube=pred|kappa=0.75|label=CARMA|0.75|look=12|migrate=True|policy=CARMA|rho=0.5|seed=504|t0=16008,5.509908004930345,0.0,5.509908004930345,0.0,0.0,0.551761128521474,111950.30232689864,1496.0,32.80926854867541,2023-10-30,,
16008,0.5,504,True,CARMA,pred,1.0,12.0,CARMA|1.0,cube=pred|kappa=1.0|label=CARMA|1.0|look=12|migrate=True|policy=CARMA|rho=0.5|seed=504|t0=16008,5.552767680021802,0.0,5.552767680021802,0.0,0.0,0.554605823710945,111950.30232689864,1496.0,36.25595568303603,2023-10-30,,
15840,0.5,503,True,CARMA,pred,1.0,12.0,CARMA|1.0,cube=pred|kappa=1.0|label=CARMA|1.0|look=12|migrate=True|policy=CARMA|rho=0.5|seed=503|t0=15840,10.05211997721766,0.0,10.05211997721766,0.0,0.0,0.5238220697841451,123274.06507574281,1582.0,34.53397499557786,2023-10-23,,
15840,0.5,503,True,CARMA,pred,1.25,12.0,CARMA|1.25,cube=pred|kappa=1.25|label=CARMA|1.25|look=12|migrate=True|policy=CARMA|rho=0.5|seed=503|t0=15840,10.051508778899425,0.0,10.051508778899425,0.0,0.0,0.5217036238911049,123274.06507574281,1582.0,37.01267225892074,2023-10-23,,
15672,0.5,502,True,CARMA,pred,1.25,12.0,CARMA|1.25,cube=pred|kappa=1.25|label=CARMA|1.25|look=12|migrate=True|policy=CARMA|rho=0.5|seed=502|t0=15672,8.498170437478032,0.0,8.498170437478032,0.0,0.0,0.4740982937456569,119201.7667571654,1521.0,38.24085845291843,2023-10-16,,
15840,0.5,503,True,CARMA,pred,0.75,12.0,CARMA|0.75,cube=pred|kappa=0.75|label=CARMA|0.75|look=12|migrate=True|policy=CARMA|rho=0.5|seed=503|t0=15840,10.2523923115671,0.0,10.2523923115671,0.0,0.0,0.5206216940545695,123274.06507574281,1582.0,37.80967055702109,2023-10-23,,
16344,0.5,506,True,CARMA,pred,0.75,12.0,CARMA|0.75,cube=pred|kappa=0.75|label=CARMA|0.75|look=12|migrate=True|policy=CARMA|rho=0.5|seed=506|t0=16344,8.828746569062915,0.0,8.828746569062915,0.0,0.0,0.5088352733517917,117698.38326670484,1576.0,28.2284855394736,2023-11-13,,
16344,0.5,506,True,CARMA,pred,1.0,12.0,CARMA|1.0,cube=pred|kappa=1.0|label=CARMA|1.0|look=12|migrate=True|policy=CARMA|rho=0.5|seed=506|t0=16344,8.700148029109076,0.0,8.700148029109076,0.0,0.0,0.5136360496697692,117698.38326670484,1576.0,32.040936862210096,2023-11-13,,
16176,0.5,505,True,CARMA,pred,1.0,12.0,CARMA|1.0,cube=pred|kappa=1.0|label=CARMA|1.0|look=12|migrate=True|policy=CARMA|rho=0.5|seed=505|t0=16176,6.752133933463713,0.0,6.752133933463713,0.0,0.0,0.5391720708282797,112733.30743960424,1511.0,32.74219108071508,2023-11-06,,
16176,0.5,505,True,CARMA,pred,1.25,12.0,CARMA|1.25,cube=pred|kappa=1.25|label=CARMA|1.25|look=12|migrate=True|policy=CARMA|rho=0.5|seed=505|t0=16176,6.794358583742486,0.0,6.794358583742486,0.0,0.0,0.54371619826849,112733.30743960424,1511.0,35.92908637726437,2023-11-06,,
16344,0.5,506,True,CARMA,pred,1.25,12.0,CARMA|1.25,cube=pred|kappa=1.25|label=CARMA|1.25|look=12|migrate=True|policy=CARMA|rho=0.5|seed=506|t0=16344,8.677782388924227,0.0,8.677782388924227,0.0,0.0,0.517020225587735,117698.38326670484,1576.0,33.53803786159964,2023-11-13,,
16512,0.5,507,True,CARMA,pred,0.75,12.0,CARMA|0.75,cube=pred|kappa=0.75|label=CARMA|0.75|look=12|migrate=True|policy=CARMA|rho=0.5|seed=507|t0=16512,8.815842543236824,0.0,8.815842543236824,0.0,0.0,0.538859859874144,117534.78471025368,1533.0,33.09867303965554,2023-11-20,,
16512,0.5,507,True,CARMA,pred,1.0,12.0,CARMA|1.0,cube=pred|kappa=1.0|label=CARMA|1.0|look=12|migrate=True|policy=CARMA|rho=0.5|seed=507|t0=16512,8.598932516923945,0.0,8.598932516923945,0.0,0.0,0.5375520377772658,117534.78471025368,1533.0,34.85116642222743,2023-11-20,,
16512,0.5,507,True,CARMA,pred,1.25,12.0,CARMA|1.25,cube=pred|kappa=1.25|label=CARMA|1.25|look=12|migrate=True|policy=CARMA|rho=0.5|seed=507|t0=16512,8.685116987632663,0.0,8.685116987632663,0.0,0.0,0.5380875035376991,117534.78471025368,1533.0,38.169300504466925,2023-11-20,,
16680,0.5,508,True,CARMA,pred,0.75,12.0,CARMA|0.75,cube=pred|kappa=0.75|label=CARMA|0.75|look=12|migrate=True|policy=CARMA|rho=0.5|seed=508|t0=16680,9.447341600472253,0.0,9.447341600472253,0.0,0.0,0.5455240662562569,108130.3524812505,1522.0,30.959054044049257,2023-11-27,,
16680,0.5,508,True,CARMA,pred,1.0,12.0,CARMA|1.0,cube=pred|kappa=1.0|label=CARMA|1.0|look=12|migrate=True|policy=CARMA|rho=0.5|seed=508|t0=16680,9.243947249741248,0.0,9.243947249741248,0.0,0.0,0.5330887780848359,108130.3524812505,1522.0,33.64253580088515,2023-11-27,,
16680,0.5,508,True,CARMA,pred,1.25,12.0,CARMA|1.25,cube=pred|kappa=1.25|label=CARMA|1.25|look=12|migrate=True|policy=CARMA|rho=0.5|seed=508|t0=16680,9.194616391910813,0.0,9.194616391910813,0.0,0.0,0.543588230816656,108130.3524812505,1522.0,35.00001958035881,2023-11-27,,
16848,0.5,509,True,CARMA,pred,0.75,12.0,CARMA|0.75,cube=pred|kappa=0.75|label=CARMA|0.75|look=12|migrate=True|policy=CARMA|rho=0.5|seed=509|t0=16848,10.682575269487229,0.0,10.682575269487229,0.0,0.0,0.5322062715941794,120707.09570961281,1542.0,31.63800292070301,2023-12-04,,
16848,0.5,509,True,CARMA,pred,1.0,12.0,CARMA|1.0,cube=pred|kappa=1.0|label=CARMA|1.0|look=12|migrate=True|policy=CARMA|rho=0.5|seed=509|t0=16848,10.591257504735957,0.0,10.591257504735957,0.0,0.0,0.5248991363812052,120707.09570961281,1542.0,35.12492885333308,2023-12-04,,
16848,0.5,509,True,CARMA,pred,1.25,12.0,CARMA|1.25,cube=pred|kappa=1.25|label=CARMA|1.25|look=12|migrate=True|policy=CARMA|rho=0.5|seed=509|t0=16848,10.73341902388297,0.0,10.73341902388297,0.0,0.0,0.5189559027366362,120707.09570961281,1542.0,32.8731254504554,2023-12-04,,
17016,0.5,510,True,CARMA,pred,0.75,12.0,CARMA|0.75,cube=pred|kappa=0.75|label=CARMA|0.75|look=12|migrate=True|policy=CARMA|rho=0.5|seed=510|t0=17016,9.965974589966386,0.0,9.965974589966386,0.0,0.0,0.5036626382558878,118586.96118392173,1564.0,31.733634881062237,2023-12-11,,
17016,0.5,510,True,CARMA,pred,1.0,12.0,CARMA|1.0,cube=pred|kappa=1.0|label=CARMA|1.0|look=12|migrate=True|policy=CARMA|rho=0.5|seed=510|t0=17016,9.659044836500744,0.0,9.659044836500744,0.0,0.0,0.5141710810819224,118586.96118392173,1564.0,33.250763839293185,2023-12-11,,
17352,0.5,512,True,CARMA,pred,1.25,12.0,CARMA|1.25,cube=pred|kappa=1.25|label=CARMA|1.25|look=12|migrate=True|policy=CARMA|rho=0.5|seed=512|t0=17352,7.152206874756372,0.0,7.152206874756372,0.0,0.0,0.5020741704858338,121930.23277248698,1582.0,37.117566560529276,2023-12-25,,
15336,0.5,500,True,MPC,pred,,,MPC,cube=pred|label=MPC|migrate=True|policy=MPC|rho=0.5|seed=500|t0=15336,10.482783348963322,0.0,10.482783348963322,0.0,0.0,0.4552011044085301,118825.09371853326,1541.0,3.7934153362039855,2023-10-02,,
15336,0.5,500,True,Oracle,truth,,,Oracle,cube=truth|label=Oracle|migrate=True|policy=Oracle|rho=0.5|seed=500|t0=15336,9.091230551239999,0.0,9.09123039266,0.0,0.0,0.49404985229011145,118825.09371853326,1541.0,,2023-10-02,,
15336,0.5,500,True,MPC,q60,,,MPC|q60,cube=q60|label=MPC|q60|migrate=True|policy=MPC|rho=0.5|seed=500|t0=15336,10.448961391126845,0.0,10.448961391126845,0.0,0.0,0.4580489941291894,118825.09371853326,1541.0,4.796363237082052,2023-10-02,,
17016,0.5,510,True,CARMA,pred,1.25,12.0,CARMA|1.25,cube=pred|kappa=1.25|label=CARMA|1.25|look=12|migrate=True|policy=CARMA|rho=0.5|seed=510|t0=17016,9.577659204329734,0.0,9.577659204329734,0.0,0.0,0.51452757936612,118586.96118392173,1564.0,34.69624639189312,2023-12-11,,
17184,0.5,511,True,CARMA,pred,0.75,12.0,CARMA|0.75,cube=pred|kappa=0.75|label=CARMA|0.75|look=12|migrate=True|policy=CARMA|rho=0.5|seed=511|t0=17184,7.239793421574929,0.0,7.239793421574929,0.0,0.0,0.47370903998012276,121881.21926226545,1571.0,31.79708835555478,2023-12-18,,
17352,0.5,512,True,CARMA,pred,0.75,12.0,CARMA|0.75,cube=pred|kappa=0.75|label=CARMA|0.75|look=12|migrate=True|policy=CARMA|rho=0.5|seed=512|t0=17352,7.349676414320009,0.0,7.349676414320009,0.0,0.0,0.47855096037127565,121930.23277248698,1582.0,32.30072517698845,2023-12-25,,
17352,0.5,512,True,CARMA,pred,1.0,12.0,CARMA|1.0,cube=pred|kappa=1.0|label=CARMA|1.0|look=12|migrate=True|policy=CARMA|rho=0.5|seed=512|t0=17352,7.152356004976024,0.0,7.152356004976024,0.0,0.0,0.4934986413031277,121930.23277248698,1582.0,31.59382916070744,2023-12-25,,
15336,0.5,500,True,MPC,q80,,,MPC|q80,cube=q80|label=MPC|q80|migrate=True|policy=MPC|rho=0.5|seed=500|t0=15336,10.344271545932685,0.0,10.344271545932685,0.0,0.0,0.46174081734460287,118825.09371853326,1541.0,4.063099637932055,2023-10-02,,
15336,0.5,500,True,MPC,q90,,,MPC|q90,cube=q90|label=MPC|q90|migrate=True|policy=MPC|rho=0.5|seed=500|t0=15336,10.324342964716648,0.0,10.324342964716648,0.0,0.0,0.4594247832583593,118825.09371853326,1541.0,4.817431435349096,2023-10-02,,
17184,0.5,511,True,CARMA,pred,1.0,12.0,CARMA|1.0,cube=pred|kappa=1.0|label=CARMA|1.0|look=12|migrate=True|policy=CARMA|rho=0.5|seed=511|t0=17184,7.103174313173416,0.0,7.103174313173416,0.0,0.0,0.49095359714327363,121881.21926226545,1571.0,32.41757409374202,2023-12-18,,
17184,0.5,511,True,CARMA,pred,1.25,12.0,CARMA|1.25,cube=pred|kappa=1.25|label=CARMA|1.25|look=12|migrate=True|policy=CARMA|rho=0.5|seed=511|t0=17184,7.222059203941632,0.0,7.222059203941632,0.0,0.0,0.49424636224219065,121881.21926226545,1571.0,36.96517825225377,2023-12-18,,
15336,0.5,500,True,MPC-Protect,pred,,,Protect|0.2,cube=pred|label=Protect|0.2|migrate=True|policy=MPC-Protect|r=0.2|rho=0.5|seed=500|t0=15336|tight=1,10.065388046567762,0.0,10.065388046567762,0.0,0.0,0.5776508793630701,118825.09371853326,1541.0,4.936505004380115,2023-10-02,0.2,1.0
15336,0.5,500,True,MPC-Protect,pred,,,Protect|0.3,cube=pred|label=Protect|0.3|migrate=True|policy=MPC-Protect|r=0.3|rho=0.5|seed=500|t0=15336|tight=1,9.999883238572156,0.0,9.999883238572156,0.0,0.0,0.5949362220391382,118825.09371853326,1541.0,4.820431872801373,2023-10-02,0.3,1.0
15336,0.5,500,True,MPC-Protect,pred,,,Protect|0.5,cube=pred|label=Protect|0.5|migrate=True|policy=MPC-Protect|r=0.5|rho=0.5|seed=500|t0=15336|tight=1,9.983070600431844,0.0,9.983070600431844,0.0,0.0,0.634349749314914,118825.09371853326,1541.0,4.606322229071863,2023-10-02,0.5,1.0
15504,0.5,501,True,MPC,pred,,,MPC,cube=pred|label=MPC|migrate=True|policy=MPC|rho=0.5|seed=501|t0=15504,11.784608144569471,0.0,11.784608144569471,0.0,0.0,0.45428242612691216,119487.55107270402,1535.0,4.023680237070031,2023-10-09,,
15504,0.5,501,True,Oracle,truth,,,Oracle,cube=truth|label=Oracle|migrate=True|policy=Oracle|rho=0.5|seed=501|t0=15504,10.092174852260001,0.0,10.092175063160001,0.0,0.0,0.5166706443120251,119487.55107270402,1535.0,,2023-10-09,,
15504,0.5,501,True,MPC,q60,,,MPC|q60,cube=q60|label=MPC|q60|migrate=True|policy=MPC|rho=0.5|seed=501|t0=15504,11.776753464583784,0.0,11.776753464583784,0.0,0.0,0.4544189741196928,119487.55107270402,1535.0,4.388141330463921,2023-10-09,,
15504,0.5,501,True,MPC,q80,,,MPC|q80,cube=q80|label=MPC|q80|migrate=True|policy=MPC|rho=0.5|seed=501|t0=15504,11.659912176208353,0.0,11.659912176208353,0.0,0.0,0.4579572533179639,119487.55107270402,1535.0,4.671052969691225,2023-10-09,,
15504,0.5,501,True,MPC,q90,,,MPC|q90,cube=q90|label=MPC|q90|migrate=True|policy=MPC|rho=0.5|seed=501|t0=15504,11.676579884945001,0.0,11.676579884945001,0.0,0.0,0.46059325445557614,119487.55107270402,1535.0,3.978371575761612,2023-10-09,,
15504,0.5,501,True,MPC-Protect,pred,,,Protect|0.2,cube=pred|label=Protect|0.2|migrate=True|policy=MPC-Protect|r=0.2|rho=0.5|seed=501|t0=15504|tight=1,11.46214190328249,0.0,11.46214190328249,0.0,0.0,0.5684530070688907,119487.55107270402,1535.0,4.494279721244971,2023-10-09,0.2,1.0
15504,0.5,501,True,MPC-Protect,pred,,,Protect|0.3,cube=pred|label=Protect|0.3|migrate=True|policy=MPC-Protect|r=0.3|rho=0.5|seed=501|t0=15504|tight=1,11.435480195205493,0.0,11.435480195205493,0.0,0.0,0.5859661125971075,119487.55107270402,1535.0,5.389774690260576,2023-10-09,0.3,1.0
15504,0.5,501,True,MPC-Protect,pred,,,Protect|0.5,cube=pred|label=Protect|0.5|migrate=True|policy=MPC-Protect|r=0.5|rho=0.5|seed=501|t0=15504|tight=1,11.377994566501245,0.0,11.377994566501245,0.0,0.0,0.623770767785699,119487.55107270402,1535.0,5.210632893324348,2023-10-09,0.5,1.0
15672,0.5,502,True,MPC,pred,,,MPC,cube=pred|label=MPC|migrate=True|policy=MPC|rho=0.5|seed=502|t0=15672,9.480644818428509,0.005976414123383829,9.7358432816439,0.02695595003287311,0.0,0.44839900420182593,119201.7667571654,1521.0,4.461418124461184,2023-10-16,,
15672,0.5,502,True,Oracle,truth,,,Oracle,cube=truth|label=Oracle|migrate=True|policy=Oracle|rho=0.5|seed=502|t0=15672,8.02168681748,0.0,8.02168668336,0.0,0.0,0.48143254551678316,119201.7667571654,1521.0,,2023-10-16,,
15672,0.5,502,True,MPC,q60,,,MPC|q60,cube=q60|label=MPC|q60|migrate=True|policy=MPC|rho=0.5|seed=502|t0=15672,9.492474305054184,0.005801256602210416,9.740193378571801,0.03353057199211045,0.0,0.4478474349312774,119201.7667571654,1521.0,4.760904974253309,2023-10-16,,
15672,0.5,502,True,MPC,q80,,,MPC|q80,cube=q80|label=MPC|q80|migrate=True|policy=MPC|rho=0.5|seed=502|t0=15672,9.433866952012552,0.0033817180575531195,9.578269470562699,0.02695595003287311,0.0,0.44848113816430546,119201.7667571654,1521.0,4.008783206892264,2023-10-16,,
15672,0.5,502,True,MPC,q90,,,MPC|q90,cube=q90|label=MPC|q90|migrate=True|policy=MPC|rho=0.5|seed=502|t0=15672,9.40564167374254,0.003048891799959457,9.535832200335287,0.02695595003287311,0.0,0.4494564903692828,119201.7667571654,1521.0,4.052263824040631,2023-10-16,,
15672,0.5,502,True,MPC-Protect,pred,,,Protect|0.2,cube=pred|label=Protect|0.2|migrate=True|policy=MPC-Protect|r=0.2|rho=0.5|seed=502|t0=15672|tight=1,9.14360266305904,0.0035962527257235376,9.297166012249972,0.020381328073635765,0.0,0.5260349817718544,119201.7667571654,1521.0,5.216413775339271,2023-10-16,0.2,1.0
15672,0.5,502,True,MPC-Protect,pred,,,Protect|0.3,cube=pred|label=Protect|0.3|migrate=True|policy=MPC-Protect|r=0.3|rho=0.5|seed=502|t0=15672|tight=1,9.091708775592958,0.0010460651381592693,9.136376733697956,0.009861932938856016,0.0,0.5507519196714614,119201.7667571654,1521.0,4.526172841404549,2023-10-16,0.3,1.0
15672,0.5,502,True,MPC-Protect,pred,,,Protect|0.5,cube=pred|label=Protect|0.5|migrate=True|policy=MPC-Protect|r=0.5|rho=0.5|seed=502|t0=15672|tight=1,9.006406699815974,0.0,9.006406699815974,0.0,0.0,0.5902601812643014,119201.7667571654,1521.0,6.136448442466684,2023-10-16,0.5,1.0
15840,0.5,503,True,MPC,pred,,,MPC,cube=pred|label=MPC|migrate=True|policy=MPC|rho=0.5|seed=503|t0=15840,11.14406892255163,0.00021611240723984316,11.153646914628606,0.0037926675094816687,0.0,0.5031911823739642,123274.06507574281,1582.0,4.297987733902657,2023-10-23,,
15840,0.5,503,True,MPC,q80,,,MPC|q80,cube=q80|label=MPC|q80|migrate=True|policy=MPC|rho=0.5|seed=503|t0=15840,11.027840707224804,0.0,11.027840707224804,0.0,0.0,0.5029756805232903,123274.06507574281,1582.0,4.279238673825798,2023-10-23,,
15840,0.5,503,True,MPC,q90,,,MPC|q90,cube=q90|label=MPC|q90|migrate=True|policy=MPC|rho=0.5|seed=503|t0=15840,10.927142550312482,0.0,10.927142550312482,0.0,0.0,0.5063193514224945,123274.06507574281,1582.0,4.823587120175194,2023-10-23,,
15840,0.5,503,True,Oracle,truth,,,Oracle,cube=truth|label=Oracle|migrate=True|policy=Oracle|rho=0.5|seed=503|t0=15840,9.554493534,0.0,9.554493539760001,0.0,0.0,0.5413839477021714,123274.06507574281,1582.0,,2023-10-23,,
15840,0.5,503,True,MPC,q60,,,MPC|q60,cube=q60|label=MPC|q60|migrate=True|policy=MPC|rho=0.5|seed=503|t0=15840,11.154538640246384,0.0,11.154538640246384,0.0,0.0,0.5022009550845933,123274.06507574281,1582.0,4.527521008582603,2023-10-23,,
15840,0.5,503,True,MPC-Protect,pred,,,Protect|0.2,cube=pred|label=Protect|0.2|migrate=True|policy=MPC-Protect|r=0.2|rho=0.5|seed=503|t0=15840|tight=1,10.69074408760637,0.0,10.69074408760637,0.0,0.0,0.5670046728847575,123274.06507574281,1582.0,5.062464627191307,2023-10-23,0.2,1.0
15840,0.5,503,True,MPC-Protect,pred,,,Protect|0.3,cube=pred|label=Protect|0.3|migrate=True|policy=MPC-Protect|r=0.3|rho=0.5|seed=503|t0=15840|tight=1,10.6341592047112,0.0,10.6341592047112,0.0,0.0,0.5789927739481221,123274.06507574281,1582.0,6.450861320188962,2023-10-23,0.3,1.0
15840,0.5,503,True,MPC-Protect,pred,,,Protect|0.5,cube=pred|label=Protect|0.5|migrate=True|policy=MPC-Protect|r=0.5|rho=0.5|seed=503|t0=15840|tight=1,10.497622518656149,0.0,10.497622518656149,0.0,0.0,0.6175017381770181,123274.06507574281,1582.0,4.453054700437227,2023-10-23,0.5,1.0
16008,0.5,504,True,MPC,pred,,,MPC,cube=pred|label=MPC|migrate=True|policy=MPC|rho=0.5|seed=504|t0=16008,6.365291080999882,0.0,6.365291080999882,0.0,0.0,0.5258247674225107,111950.30232689864,1496.0,3.524114124471148,2023-10-30,,
16008,0.5,504,True,Oracle,truth,,,Oracle,cube=truth|label=Oracle|migrate=True|policy=Oracle|rho=0.5|seed=504|t0=16008,5.30256930726,0.0,5.30256900852,0.0,0.0,0.5659090568152741,111950.30232689864,1496.0,,2023-10-30,,
16008,0.5,504,True,MPC,q60,,,MPC|q60,cube=q60|label=MPC|q60|migrate=True|policy=MPC|rho=0.5|seed=504|t0=16008,6.361213305555519,0.0,6.361213305555519,0.0,0.0,0.5257706275823156,111950.30232689864,1496.0,3.4970852160964663,2023-10-30,,
16008,0.5,504,True,MPC,q80,,,MPC|q80,cube=q80|label=MPC|q80|migrate=True|policy=MPC|rho=0.5|seed=504|t0=16008,6.245375506904473,0.0,6.245375506904473,0.0,0.0,0.5339608101874358,111950.30232689864,1496.0,3.9397751029970065,2023-10-30,,
16008,0.5,504,True,MPC,q90,,,MPC|q90,cube=q90|label=MPC|q90|migrate=True|policy=MPC|rho=0.5|seed=504|t0=16008,6.20798816632058,0.0,6.20798816632058,0.0,0.0,0.5376169907131637,111950.30232689864,1496.0,4.654239068673641,2023-10-30,,
16008,0.5,504,True,MPC-Protect,pred,,,Protect|0.2,cube=pred|label=Protect|0.2|migrate=True|policy=MPC-Protect|r=0.2|rho=0.5|seed=504|t0=16008|tight=1,5.845454108551253,0.0,5.845454108551253,0.0,0.0,0.6077961924219928,111950.30232689864,1496.0,4.9869886916425985,2023-10-30,0.2,1.0
16008,0.5,504,True,MPC-Protect,pred,,,Protect|0.3,cube=pred|label=Protect|0.3|migrate=True|policy=MPC-Protect|r=0.3|rho=0.5|seed=504|t0=16008|tight=1,5.8423834100777565,0.0,5.8423834100777565,0.0,0.0,0.6220538798892158,111950.30232689864,1496.0,4.833476537457063,2023-10-30,0.3,1.0
16176,0.5,505,True,Oracle,truth,,,Oracle,cube=truth|label=Oracle|migrate=True|policy=Oracle|rho=0.5|seed=505|t0=16176,6.32576575352,0.0,6.32576587474,0.0,0.0,0.5530403694879731,112733.30743960424,1511.0,,2023-11-06,,
16176,0.5,505,True,MPC,q60,,,MPC|q60,cube=q60|label=MPC|q60|migrate=True|policy=MPC|rho=0.5|seed=505|t0=16176,7.844310196431912,0.0,7.844310196431912,0.0,0.0,0.5114237066971145,112733.30743960424,1511.0,3.9728163160204386,2023-11-06,,
16008,0.5,504,True,MPC-Protect,pred,,,Protect|0.5,cube=pred|label=Protect|0.5|migrate=True|policy=MPC-Protect|r=0.5|rho=0.5|seed=504|t0=16008|tight=1,5.843901525871783,0.0,5.843901525871783,0.0,0.0,0.6557638281666403,111950.30232689864,1496.0,5.093289823024564,2023-10-30,0.5,1.0
16176,0.5,505,True,MPC,pred,,,MPC,cube=pred|label=MPC|migrate=True|policy=MPC|rho=0.5|seed=505|t0=16176,7.851948780404547,0.0,7.851948780404547,0.0,0.0,0.5112999093614436,112733.30743960424,1511.0,3.9912053809611048,2023-11-06,,
16176,0.5,505,True,MPC,q80,,,MPC|q80,cube=q80|label=MPC|q80|migrate=True|policy=MPC|rho=0.5|seed=505|t0=16176,7.8007358027614,0.0,7.8007358027614,0.0,0.0,0.5157263346716213,112733.30743960424,1511.0,3.571209497846267,2023-11-06,,
16176,0.5,505,True,MPC,q90,,,MPC|q90,cube=q90|label=MPC|q90|migrate=True|policy=MPC|rho=0.5|seed=505|t0=16176,7.675089848179927,0.0,7.675089848179927,0.0,0.0,0.5212182378251442,112733.30743960424,1511.0,4.644039142855642,2023-11-06,,
16176,0.5,505,True,MPC-Protect,pred,,,Protect|0.2,cube=pred|label=Protect|0.2|migrate=True|policy=MPC-Protect|r=0.2|rho=0.5|seed=505|t0=16176|tight=1,7.257374862601946,0.0,7.257374862601946,0.0,0.0,0.5949629559454754,112733.30743960424,1511.0,4.577977955752423,2023-11-06,0.2,1.0
16176,0.5,505,True,MPC-Protect,pred,,,Protect|0.3,cube=pred|label=Protect|0.3|migrate=True|policy=MPC-Protect|r=0.3|rho=0.5|seed=505|t0=16176|tight=1,7.252569456911193,0.0,7.252569456911193,0.0,0.0,0.6101971602471818,112733.30743960424,1511.0,5.268150626671842,2023-11-06,0.3,1.0
16176,0.5,505,True,MPC-Protect,pred,,,Protect|0.5,cube=pred|label=Protect|0.5|migrate=True|policy=MPC-Protect|r=0.5|rho=0.5|seed=505|t0=16176|tight=1,7.27291193405817,0.0,7.27291193405817,0.0,0.0,0.6467573650390713,112733.30743960424,1511.0,5.130472803567646,2023-11-06,0.5,1.0
16344,0.5,506,True,MPC,pred,,,MPC,cube=pred|label=MPC|migrate=True|policy=MPC|rho=0.5|seed=506|t0=16344,9.56600687890507,0.0,9.56600687890507,0.0,0.0,0.48661975823317205,117698.38326670484,1576.0,4.4661730510684485,2023-11-13,,
16344,0.5,506,True,Oracle,truth,,,Oracle,cube=truth|label=Oracle|migrate=True|policy=Oracle|rho=0.5|seed=506|t0=16344,8.2336189185,0.0,8.2336189274,0.0,0.0,0.5321560777778179,117698.38326670484,1576.0,,2023-11-13,,
16344,0.5,506,True,MPC,q60,,,MPC|q60,cube=q60|label=MPC|q60|migrate=True|policy=MPC|rho=0.5|seed=506|t0=16344,9.563017835265729,0.0,9.563017835265729,0.0,0.0,0.4878955074517568,117698.38326670484,1576.0,4.771489607757781,2023-11-13,,
16344,0.5,506,True,MPC,q80,,,MPC|q80,cube=q80|label=MPC|q80|migrate=True|policy=MPC|rho=0.5|seed=506|t0=16344,9.441494933044547,0.0,9.441494933044547,0.0,0.0,0.49479338562236874,117698.38326670484,1576.0,4.64906301297391,2023-11-13,,
16344,0.5,506,True,MPC,q90,,,MPC|q90,cube=q90|label=MPC|q90|migrate=True|policy=MPC|rho=0.5|seed=506|t0=16344,9.407351997722957,0.0,9.407351997722957,0.0,0.0,0.500846310251926,117698.38326670484,1576.0,4.613448991298078,2023-11-13,,
16344,0.5,506,True,MPC-Protect,pred,,,Protect|0.5,cube=pred|label=Protect|0.5|migrate=True|policy=MPC-Protect|r=0.5|rho=0.5|seed=506|t0=16344|tight=1,9.003872105103484,0.0,9.003872105103484,0.0,0.0,0.6329307766917998,117698.38326670484,1576.0,3.924078466673867,2023-11-13,0.5,1.0
16512,0.5,507,True,MPC,pred,,,MPC,cube=pred|label=MPC|migrate=True|policy=MPC|rho=0.5|seed=507|t0=16512,9.720372806588003,0.0,9.720372806588003,0.0,0.0,0.5268696161686394,117534.78471025368,1533.0,4.313845299585114,2023-11-20,,
16344,0.5,506,True,MPC-Protect,pred,,,Protect|0.2,cube=pred|label=Protect|0.2|migrate=True|policy=MPC-Protect|r=0.2|rho=0.5|seed=506|t0=16344|tight=1,9.100883153847757,0.0,9.100883153847757,0.0,0.0,0.5727132712789769,117698.38326670484,1576.0,4.633568548678767,2023-11-13,0.2,1.0
16344,0.5,506,True,MPC-Protect,pred,,,Protect|0.3,cube=pred|label=Protect|0.3|migrate=True|policy=MPC-Protect|r=0.3|rho=0.5|seed=506|t0=16344|tight=1,9.051699948730588,0.0,9.051699948730588,0.0,0.0,0.5978899662042666,117698.38326670484,1576.0,5.475512371672025,2023-11-13,0.3,1.0
16512,0.5,507,True,Oracle,truth,,,Oracle,cube=truth|label=Oracle|migrate=True|policy=Oracle|rho=0.5|seed=507|t0=16512,8.07419755408,0.0,8.07419760108,0.0,0.0,0.5631499658860195,117534.78471025368,1533.0,,2023-11-20,,
16512,0.5,507,True,MPC,q60,,,MPC|q60,cube=q60|label=MPC|q60|migrate=True|policy=MPC|rho=0.5|seed=507|t0=16512,9.684860451344631,0.0,9.684860451344631,0.0,0.0,0.5285626910466946,117534.78471025368,1533.0,5.045103438826832,2023-11-20,,
16512,0.5,507,True,MPC,q80,,,MPC|q80,cube=q80|label=MPC|q80|migrate=True|policy=MPC|rho=0.5|seed=507|t0=16512,9.57147414235723,0.0,9.57147414235723,0.0,0.0,0.5326657031408933,117534.78471025368,1533.0,5.378344708857139,2023-11-20,,
16512,0.5,507,True,MPC,q90,,,MPC|q90,cube=q90|label=MPC|q90|migrate=True|policy=MPC|rho=0.5|seed=507|t0=16512,9.483607144455608,0.0,9.483607144455608,0.0,0.0,0.5373887825088471,117534.78471025368,1533.0,5.174702059319208,2023-11-20,,
16512,0.5,507,True,MPC-Protect,pred,,,Protect|0.2,cube=pred|label=Protect|0.2|migrate=True|policy=MPC-Protect|r=0.2|rho=0.5|seed=507|t0=16512|tight=1,9.053051056319095,0.0,9.053051056319095,0.0,0.0,0.6002046409253119,117534.78471025368,1533.0,4.955788865211853,2023-11-20,0.2,1.0
16512,0.5,507,True,MPC-Protect,pred,,,Protect|0.3,cube=pred|label=Protect|0.3|migrate=True|policy=MPC-Protect|r=0.3|rho=0.5|seed=507|t0=16512|tight=1,8.996708124329306,0.0,8.996708124329306,0.0,0.0,0.6220617431732243,117534.78471025368,1533.0,5.018907423586884,2023-11-20,0.3,1.0
16512,0.5,507,True,MPC-Protect,pred,,,Protect|0.5,cube=pred|label=Protect|0.5|migrate=True|policy=MPC-Protect|r=0.5|rho=0.5|seed=507|t0=16512|tight=1,8.936339509172361,0.0,8.936339509172361,0.0,0.0,0.6444639391421216,117534.78471025368,1533.0,5.924129644753114,2023-11-20,0.5,1.0
16680,0.5,508,True,MPC,pred,,,MPC,cube=pred|label=MPC|migrate=True|policy=MPC|rho=0.5|seed=508|t0=16680,10.108832307414772,0.0,10.108832307414772,0.0,0.0,0.5319465242940187,108130.3524812505,1522.0,4.006099034188246,2023-11-27,,
16680,0.5,508,True,Oracle,truth,,,Oracle,cube=truth|label=Oracle|migrate=True|policy=Oracle|rho=0.5|seed=508|t0=16680,8.722281919739999,0.0,8.7222823632,0.0,0.0,0.5542219055504455,108130.3524812505,1522.0,,2023-11-27,,
16680,0.5,508,True,MPC,q60,,,MPC|q60,cube=q60|label=MPC|q60|migrate=True|policy=MPC|rho=0.5|seed=508|t0=16680,10.07536218509639,0.0,10.07536218509639,0.0,0.0,0.5320444158539297,108130.3524812505,1522.0,5.033554090141674,2023-11-27,,
16680,0.5,508,True,MPC,q80,,,MPC|q80,cube=q80|label=MPC|q80|migrate=True|policy=MPC|rho=0.5|seed=508|t0=16680,9.907860841097875,0.0,9.907860841097875,0.0,0.0,0.5406330868503879,108130.3524812505,1522.0,4.994587231754272,2023-11-27,,
16680,0.5,508,True,MPC,q90,,,MPC|q90,cube=q90|label=MPC|q90|migrate=True|policy=MPC|rho=0.5|seed=508|t0=16680,9.817808347192786,0.0,9.817808347192786,0.0,0.0,0.5438704559893415,108130.3524812505,1522.0,5.277716489276261,2023-11-27,,
16680,0.5,508,True,MPC-Protect,pred,,,Protect|0.2,cube=pred|label=Protect|0.2|migrate=True|policy=MPC-Protect|r=0.2|rho=0.5|seed=508|t0=16680|tight=1,9.490482108583867,0.0,9.490482108583867,0.0,0.0,0.6315451148379921,108130.3524812505,1522.0,3.870636938866852,2023-11-27,0.2,1.0
16680,0.5,508,True,MPC-Protect,pred,,,Protect|0.3,cube=pred|label=Protect|0.3|migrate=True|policy=MPC-Protect|r=0.3|rho=0.5|seed=508|t0=16680|tight=1,9.47469736004825,0.0,9.47469736004825,0.0,0.0,0.6395156700897966,108130.3524812505,1522.0,5.569995640345488,2023-11-27,0.3,1.0
16680,0.5,508,True,MPC-Protect,pred,,,Protect|0.5,cube=pred|label=Protect|0.5|migrate=True|policy=MPC-Protect|r=0.5|rho=0.5|seed=508|t0=16680|tight=1,9.468547743002823,0.0,9.468547743002823,0.0,0.0,0.6651343986900562,108130.3524812505,1522.0,4.526654668134988,2023-11-27,0.5,1.0
16848,0.5,509,True,MPC,pred,,,MPC,cube=pred|label=MPC|migrate=True|policy=MPC|rho=0.5|seed=509|t0=16848,11.682470555932056,0.00016621369400415508,11.689608551109734,0.0025940337224383916,0.0,0.5109796652411391,120707.09570961281,1542.0,4.870829605929969,2023-12-04,,
16848,0.5,509,True,Oracle,truth,,,Oracle,cube=truth|label=Oracle|migrate=True|policy=Oracle|rho=0.5|seed=509|t0=16848,10.23857236614,0.0,10.23857265044,0.0,0.0,0.5357345367298907,120707.09570961281,1542.0,,2023-12-04,,
16848,0.5,509,True,MPC,q60,,,MPC|q60,cube=q60|label=MPC|q60|migrate=True|policy=MPC|rho=0.5|seed=509|t0=16848,11.636587054385945,0.0,11.636587054385945,0.0,0.0,0.5117716991827931,120707.09570961281,1542.0,4.527226457639699,2023-12-04,,
16848,0.5,509,True,MPC,q80,,,MPC|q80,cube=q80|label=MPC|q80|migrate=True|policy=MPC|rho=0.5|seed=509|t0=16848,11.459960322300764,0.0,11.459960322300764,0.0,0.0,0.5186947713411877,120707.09570961281,1542.0,4.823063046812441,2023-12-04,,
16848,0.5,509,True,MPC,q90,,,MPC|q90,cube=q90|label=MPC|q90|migrate=True|policy=MPC|rho=0.5|seed=509|t0=16848,11.3582165633467,0.0,11.3582165633467,0.0,0.0,0.5246345284597103,120707.09570961281,1542.0,3.910034965801231,2023-12-04,,
16848,0.5,509,True,MPC-Protect,pred,,,Protect|0.5,cube=pred|label=Protect|0.5|migrate=True|policy=MPC-Protect|r=0.5|rho=0.5|seed=509|t0=16848|tight=1,11.04878468495354,0.0,11.04878468495354,0.0,0.0,0.6242444602906061,120707.09570961281,1542.0,4.793010902654207,2023-12-04,0.5,1.0
17016,0.5,510,True,MPC,pred,,,MPC,cube=pred|label=MPC|migrate=True|policy=MPC|rho=0.5|seed=510|t0=17016,10.899996717101384,0.0,10.899996717101384,0.0,0.0,0.49021325609148536,118586.96118392173,1564.0,4.370921567226656,2023-12-11,,
16848,0.5,509,True,MPC-Protect,pred,,,Protect|0.2,cube=pred|label=Protect|0.2|migrate=True|policy=MPC-Protect|r=0.2|rho=0.5|seed=509|t0=16848|tight=1,11.069622444002501,0.0,11.069622444002501,0.0,0.0,0.588102662424917,120707.09570961281,1542.0,5.585639327504332,2023-12-04,0.2,1.0
16848,0.5,509,True,MPC-Protect,pred,,,Protect|0.3,cube=pred|label=Protect|0.3|migrate=True|policy=MPC-Protect|r=0.3|rho=0.5|seed=509|t0=16848|tight=1,11.088429900334738,0.0,11.088429900334738,0.0,0.0,0.6035106553767978,120707.09570961281,1542.0,6.109737315791351,2023-12-04,0.3,1.0
17016,0.5,510,True,Oracle,truth,,,Oracle,cube=truth|label=Oracle|migrate=True|policy=Oracle|rho=0.5|seed=510|t0=17016,9.2065994846,0.0,9.20659952316,0.0,0.0,0.5323016912634952,118586.96118392173,1564.0,,2023-12-11,,
17016,0.5,510,True,MPC,q60,,,MPC|q60,cube=q60|label=MPC|q60|migrate=True|policy=MPC|rho=0.5|seed=510|t0=17016,10.863062718636025,0.0,10.863062718636025,0.0,0.0,0.4897486427413481,118586.96118392173,1564.0,4.115817231091118,2023-12-11,,
17016,0.5,510,True,MPC,q80,,,MPC|q80,cube=q80|label=MPC|q80|migrate=True|policy=MPC|rho=0.5|seed=510|t0=17016,10.725868588846392,0.0,10.725868588846392,0.0,0.0,0.49931066901871085,118586.96118392173,1564.0,3.2804899999842387,2023-12-11,,
17016,0.5,510,True,MPC,q90,,,MPC|q90,cube=q90|label=MPC|q90|migrate=True|policy=MPC|rho=0.5|seed=510|t0=17016,10.583648433645866,0.0,10.583648433645866,0.0,0.0,0.5079092142414382,118586.96118392173,1564.0,3.8742679612026083,2023-12-11,,
17184,0.5,511,True,Oracle,truth,,,Oracle,cube=truth|label=Oracle|migrate=True|policy=Oracle|rho=0.5|seed=511|t0=17184,6.80656454768,0.0,6.806564864299999,0.0,0.0,0.4918720075403821,121881.21926226545,1571.0,,2023-12-18,,
17184,0.5,511,True,MPC,q60,,,MPC|q60,cube=q60|label=MPC|q60|migrate=True|policy=MPC|rho=0.5|seed=511|t0=17184,8.278225090199427,0.0,8.278225090199427,0.0,0.0,0.4594239356901799,121881.21926226545,1571.0,3.5721872553156264,2023-12-18,,
17016,0.5,510,True,MPC-Protect,pred,,,Protect|0.5,cube=pred|label=Protect|0.5|migrate=True|policy=MPC-Protect|r=0.5|rho=0.5|seed=510|t0=17016|tight=1,10.13264831977677,0.0,10.13264831977677,0.0,0.0,0.6035442500842702,118586.96118392173,1564.0,4.655570107139795,2023-12-11,0.5,1.0
17184,0.5,511,True,MPC,pred,,,MPC,cube=pred|label=MPC|migrate=True|policy=MPC|rho=0.5|seed=511|t0=17184,8.319658107216478,0.0,8.319658107216478,0.0,0.0,0.4571081823747437,121881.21926226545,1571.0,4.255936127661853,2023-12-18,,
17016,0.5,510,True,MPC-Protect,pred,,,Protect|0.2,cube=pred|label=Protect|0.2|migrate=True|policy=MPC-Protect|r=0.2|rho=0.5|seed=510|t0=17016|tight=1,10.264202796889048,0.0,10.264202796889048,0.0,0.0,0.5641420575468626,118586.96118392173,1564.0,5.484595213342295,2023-12-11,0.2,1.0
17016,0.5,510,True,MPC-Protect,pred,,,Protect|0.3,cube=pred|label=Protect|0.3|migrate=True|policy=MPC-Protect|r=0.3|rho=0.5|seed=510|t0=17016|tight=1,10.226588164128769,0.0,10.226588164128769,0.0,0.0,0.5816544228557199,118586.96118392173,1564.0,5.594871191111047,2023-12-11,0.3,1.0
17184,0.5,511,True,MPC,q80,,,MPC|q80,cube=q80|label=MPC|q80|migrate=True|policy=MPC|rho=0.5|seed=511|t0=17184,8.142409951257807,0.0,8.142409951257807,0.0,0.0,0.46661808053995996,121881.21926226545,1571.0,5.114742387224319,2023-12-18,,
17184,0.5,511,True,MPC,q90,,,MPC|q90,cube=q90|label=MPC|q90|migrate=True|policy=MPC|rho=0.5|seed=511|t0=17184,8.08755267839491,0.0,8.08755267839491,0.0,0.0,0.4680878284239722,121881.21926226545,1571.0,4.6458398255302376,2023-12-18,,
17184,0.5,511,True,MPC-Protect,pred,,,Protect|0.2,cube=pred|label=Protect|0.2|migrate=True|policy=MPC-Protect|r=0.2|rho=0.5|seed=511|t0=17184|tight=1,8.113733252253764,0.0,8.113733252253764,0.0,0.0,0.5331409591376226,121881.21926226545,1571.0,4.613638742212061,2023-12-18,0.2,1.0
17184,0.5,511,True,MPC-Protect,pred,,,Protect|0.3,cube=pred|label=Protect|0.3|migrate=True|policy=MPC-Protect|r=0.3|rho=0.5|seed=511|t0=17184|tight=1,7.943738488806534,0.0,7.943738488806534,0.0,0.0,0.5547675411710673,121881.21926226545,1571.0,5.498842071418153,2023-12-18,0.3,1.0
17352,0.5,512,True,Oracle,truth,,,Oracle,cube=truth|label=Oracle|migrate=True|policy=Oracle|rho=0.5|seed=512|t0=17352,6.70275790034,0.0,6.7027578639000005,0.0,0.0,0.5121303271561559,121930.23277248698,1582.0,,2023-12-25,,
17352,0.5,512,True,MPC,q60,,,MPC|q60,cube=q60|label=MPC|q60|migrate=True|policy=MPC|rho=0.5|seed=512|t0=17352,7.968254594985755,0.0003557032197509031,7.982396309028824,0.0012642225031605564,0.0,0.4713810125658342,121930.23277248698,1582.0,5.0865151864348075,2023-12-25,,
17184,0.5,511,True,MPC-Protect,pred,,,Protect|0.5,cube=pred|label=Protect|0.5|migrate=True|policy=MPC-Protect|r=0.5|rho=0.5|seed=511|t0=17184|tight=1,7.59217669768689,0.0,7.59217669768689,0.0,0.0,0.6108588375985929,121881.21926226545,1571.0,5.396030254461591,2023-12-18,0.5,1.0
17352,0.5,512,True,MPC,pred,,,MPC,cube=pred|label=MPC|migrate=True|policy=MPC|rho=0.5|seed=512|t0=17352,7.980201788193192,0.0008162633720730234,8.012654019578031,0.007585335018963337,0.0,0.4698553820880064,121930.23277248698,1582.0,4.719935911025151,2023-12-25,,
17352,0.5,512,True,MPC,q80,,,MPC|q80,cube=q80|label=MPC|q80|migrate=True|policy=MPC|rho=0.5|seed=512|t0=17352,7.8578578555522025,0.0,7.8578578555522025,0.0,0.0,0.4729979454554394,121930.23277248698,1582.0,4.252179681038836,2023-12-25,,
17352,0.5,512,True,MPC,q90,,,MPC|q90,cube=q90|label=MPC|q90|migrate=True|policy=MPC|rho=0.5|seed=512|t0=17352,7.803484315346636,0.0,7.803484315346636,0.0,0.0,0.47673505375948094,121930.23277248698,1582.0,4.779415538793869,2023-12-25,,
17352,0.5,512,True,MPC-Protect,pred,,,Protect|0.5,cube=pred|label=Protect|0.5|migrate=True|policy=MPC-Protect|r=0.5|rho=0.5|seed=512|t0=17352|tight=1,7.47581748689222,0.0,7.47581748689222,0.0,0.0,0.644875088076899,121930.23277248698,1582.0,4.8087425866702285,2023-12-25,0.5,1.0
17352,0.5,512,True,MPC-Protect,pred,,,Protect|0.2,cube=pred|label=Protect|0.2|migrate=True|policy=MPC-Protect|r=0.2|rho=0.5|seed=512|t0=17352|tight=1,7.624616273764967,0.0,7.624616273764967,0.0,0.0,0.6013951703100481,121930.23277248698,1582.0,4.8631194008761955,2023-12-25,0.2,1.0
17352,0.5,512,True,MPC-Protect,pred,,,Protect|0.3,cube=pred|label=Protect|0.3|migrate=True|policy=MPC-Protect|r=0.3|rho=0.5|seed=512|t0=17352|tight=1,7.580050947597368,0.0,7.580050947597368,0.0,0.0,0.6188929445196802,121930.23277248698,1582.0,4.710799762116572,2023-12-25,0.3,1.0
