level,period,site,mean_offset,offset_h1,offset_h24,sd_offset
0.6,validation,South Scotland,-1.445512840285451,0.3219348731170963,-1.1112255861072795,7.608171482748878
0.6,validation,North West England,0.3567358615521823,0.6219455189503361,1.748435421705542,9.654652065068174
0.6,validation,West Midlands,14.542228777758968,2.091929985466737,17.514182091602855,24.798321173999103
0.6,validation,London,3.8733730388684675,1.5581053120370327,7.037744146076813,8.55864658442767
0.6,test,South Scotland,-2.8008163655111407,0.3712123938210575,-4.475940040461198,8.79127953069902
0.6,test,North West England,0.22485609817094518,0.9582907865053728,-1.1680458878724445,9.552272305534464
0.6,test,West Midlands,-0.6493567142810747,1.772253310897158,-5.057175750617864,21.011993902814726
0.6,test,London,-3.5250059775214098,1.4715619389176908,-7.037091130766231,15.94929754271674
0.8,validation,South Scotland,14.69584502985077,2.9268054089865103,22.845682686561958,22.170274003061394
0.8,validation,North West England,20.182028615050214,3.3891547692902604,29.00785465372297,23.257382656381257
0.8,validation,West Midlands,70.75419994615335,9.637438828063775,95.01535387717819,63.2581638801596
0.8,validation,London,36.956965719561886,8.125764640788281,56.44131110418756,27.83736116877295
0.8,test,South Scotland,10.377212023022832,2.2901790011097414,17.73102264733408,22.439629612779253
0.8,test,North West England,18.22946871939704,4.251749161352115,24.06516810704738,17.214390025425224
0.8,test,West Midlands,38.38108598018123,7.908226593819264,51.196149725371285,35.9339550397497
0.8,test,London,25.25951256111503,7.35017977930648,33.42510019352779,23.09180356122943
