week,grand,grand_emis,sum_single,sum_single_emis,max_single_slack,carma_grand,carma_single,carma_late_max
0,6.088667001192998,6.088667001192999,7.891881715533712,7.8918817155336995,1.1368683772161605e-13,6.308477131227687,8.136449668112,0.0423858196438823
1,10.390458186248258,10.390458186248296,14.566827301700183,14.56682730170019,4.263256414560601e-14,10.614603049295877,14.997419641199514,0.0196758603538686
2,6.230321285263636,6.230321285263623,10.665247855646097,10.665247855646108,1.4210854715202006e-13,6.569047906431257,11.027533021524443,0.0262295918955738
3,2.3970543759575405,2.3970543759575387,6.772334566395972,5.033884606865758,173.84499595302125,2.670045130269449,5.3417416192957266,0.0109236960061917
4,1.983072116502174,1.983072116502164,4.857456884643844,4.857456884643847,1.5276668818842157e-13,2.144998140049271,5.1057913083778095,0.0081114536076944
5,2.8207298444064444,2.820729844406443,6.399406654215044,6.39940665421504,1.3145040611561853e-13,3.1653993812900767,6.760602418947872,0.0163433778518004
6,3.269030075672907,3.26903007567289,7.480248666055939,7.480248666055926,2.664535259100376e-13,3.47340933800807,7.743385306267387,0.0180396645663879
7,3.4053838704910184,3.4053838704910184,9.729134034492944,7.172179688700824,255.69543457921247,3.651335135584192,7.455939986672773,0.0205343998215123
8,4.668440847278718,4.668440847278726,8.969422212511034,8.969422212511056,9.947598300641405e-14,5.021824276185559,9.290069537229304,0.0034570913096766
9,3.816883534219156,3.8168835342191514,8.93873396642134,8.93873396642134,1.1013412404281553e-13,4.2861993169869,9.242440684251427,0.0081672765047577
10,2.4314953282797664,2.4314953282797647,6.185751274680591,6.185751274680593,6.039613253960853e-14,2.7498613080120684,6.47062853091788,0.0048154571971916
11,2.9078579764653805,2.907857976465379,6.473910973310993,6.4739109733109945,1.4566126083082056e-13,3.286387662042727,6.81946809591066,0.0191722296174482
12,2.0395705541563145,2.039570554156317,5.079797468062509,5.079797468062511,3.907985046680551e-14,2.310563309675086,5.375899930871946,0.0011464956718029
13,1.7003016019575543,1.7003016019575503,3.8958831672561973,3.8958831672562,1.3145040611561853e-13,1.8930642281373784,4.131438514680408,0.0
14,0.8326740814914174,0.8326740814914193,2.5814958567185937,2.5814958567185933,0.0,0.9887734623977484,2.8312900549705775,0.0035469012202154
15,2.0030090024909484,2.003009002490946,5.026538755152994,4.859908838156488,16.66299169965067,2.274864569308153,5.165923658255675,0.024213683714133
16,3.915415020049882,3.9154150200498794,8.124096831765293,8.124096831765286,5.684341886080803e-14,4.13760631356594,8.48523295435102,0.0476579581366245
17,2.587914302313868,2.587914302313868,6.263349972021887,6.263349972021887,1.0658141036401505e-13,2.873473450104139,6.5294292565366945,0.000295304918032
18,4.643099319944776,4.643099319944761,7.9652294091485825,7.965229409148587,2.0605739337042905e-13,4.862895562826008,8.252622664357236,0.0293457848263834
19,4.859828953177368,4.85982895317737,8.870668540498833,8.870668540498846,3.1974423109204515e-14,5.089655235438106,9.150021796417283,0.007104059423682
20,4.263665814842232,4.263665814842228,6.896524673145949,6.896524673145953,2.0605739337042905e-13,4.673563596039337,7.306607738925219,0.0062216060058287
21,2.067062237389256,2.0670622373892624,3.8997577922115214,3.899757792211524,9.237055564881302e-14,2.2702193476825703,4.180792268425266,0.0085245717302111
22,1.3175413253180583,1.3175413253180557,3.3265935009440075,3.3265935009440053,1.2434497875801753e-13,1.448955087150236,3.618714611587084,0.0
23,2.7459182246307345,2.7459182246307363,5.301053405461381,5.301053405461382,1.4210854715202006e-13,3.119901946270584,5.7039969479942165,0.0018422992156487
24,3.281249888211901,3.281249888211904,6.078594471563486,6.078594471563488,8.171241461241152e-14,3.60408474111925,6.4064005041751795,3.280393394780791e-05
25,2.948281893432935,2.94828189343293,5.6843882192973,5.6830514946603845,0.1336724636917132,3.172834681989482,6.001614650744789,0.0043753396868419
26,2.063094756349585,2.0630947563495905,3.990046721701207,3.9107868730608084,7.925984864039709,2.4340743314908653,4.239494728167606,0.0002732280964628
27,3.464610636926565,3.46461063692657,5.563600813858283,5.563600813858283,1.4921397450962106e-13,3.73812557327278,5.856766052744057,0.0
28,4.055464958176171,4.055464958176169,6.703793941478153,6.703793941478163,2.7355895326763857e-13,4.36295883373254,7.017325048020554,0.0035795156725954
29,4.737893244039147,4.737893244039144,7.499346465278387,6.951995039236987,54.735142604140464,5.134776506179569,7.318127810729206,0.020151477123931
30,3.843424826977804,3.843424826977801,6.037284570725285,6.037284570725284,7.815970093361102e-14,4.044097746444288,6.382179782139858,0.0005524761509332
31,1.3239627611600526,1.3239627611600593,3.052246722826718,3.052246722826718,1.1368683772161605e-13,1.5314822969186248,3.3351830940454312,0.0023927019134271
32,2.106815626130016,2.1068156261300106,4.51840602401054,4.518406024010545,6.750155989720953e-14,2.3875598747148734,4.841689343659392,0.0233307116262289
33,1.1623632448575438,1.1623632448575487,2.9448238893943595,2.944823889394354,2.0961010704922958e-13,1.328039079095956,3.199675383804428,0.0019910525817282
34,2.1436642090170626,2.1436642090170603,5.627698040195256,5.627698040195246,2.700062395888381e-13,2.459774878164481,5.9952869899322065,0.0223824039874403
35,3.1926662888978763,3.1926662888978714,6.689378069902946,6.689378069902949,1.6342482922482304e-13,3.4904923278677185,7.066667918690372,0.0035442026986176
36,1.6761104231801134,1.6761104231801145,4.469142520609571,4.469142520609568,1.1368683772161605e-13,1.9055257682287008,4.702703991254033,0.0058786586416758
37,3.3017455668669022,3.3017455668669053,6.203426045881878,6.20342604588188,2.771116669464391e-13,3.538255537518895,6.4128360101772355,0.0007079375087842
38,3.0260332262307075,3.0260332262306915,5.938796931373149,5.82787839661368,11.09185347594659,3.2499587505143674,6.065231408498436,0.0034853025577091
39,2.097437999910153,2.0974379999101487,5.008722828100451,5.008722828100449,1.2789769243681806e-13,2.291706230419595,5.197180994343608,0.0028418615194645
40,2.9304679769363657,2.930467976936367,6.439963152742313,6.439963152742308,1.0302869668521453e-13,3.241409765879548,6.645865187662343,0.0056819523390454
41,3.22464233554663,3.2246423355466427,7.151228445764868,7.151228445764862,1.0658141036401505e-13,3.4306500674525533,7.340899457139923,0.0047538101735908
42,3.2353980224169683,3.2353980224169634,7.360776170794355,7.3607761707943515,1.1723955140041653e-13,3.5456776237357306,7.63115701717763,0.0171197274101055
43,5.887081120201297,5.887081120201304,10.766002354559664,10.76600235455966,0.0,6.235382680017303,11.017509340449804,0.0008948166057223
44,6.08154589520303,6.081545895203044,11.69588558177592,11.695885581775922,3.2684965844964614e-13,6.389929508379897,11.88721234720973,0.0394147696939521
45,4.06838984652096,4.068389846520964,8.783346976177288,8.783346976177295,1.1723955140041653e-13,4.281130005491705,8.990617765932882,0.004327795150495
46,3.13649810813664,3.1364981081366268,7.101564795876345,7.1015647958763495,2.0250467969162853e-13,3.292475750717048,7.267540689386369,0.0066569719335432
47,4.273132098750067,4.2731320987500485,8.53643963453911,8.536439634539116,9.947598300641405e-14,4.4583225421979815,8.791100368985937,0.0083679557603377
48,3.3174249911292653,3.317424991129261,6.996960513683525,6.9969605136835265,1.4210854715202004e-14,3.561458321478852,7.219343214791369,0.0015611055532099
49,7.149381864819034,7.149381864819,11.07846110712904,10.693478842397287,38.49822647317424,7.439942773693675,10.951827177570248,0.0373168584268091
50,1.221737938869577,1.2217379388695735,3.424408546955237,3.4244085469552488,0.0,1.3715549012326504,3.60460936454883,0.0058857345124287
51,2.862688394638278,2.8626883946382704,6.684261024436012,6.684261024436009,1.7053025658242404e-13,3.102827868105623,7.011369652182908,0.0038290187341072
