h,site,dm_persist,p_persist,dm_snaive,p_snaive
1,South Scotland,-6.680484508975345,2.3815394101234233e-11,-59.203101801812394,0.0
1,North West England,-23.14334401375175,0.0,-79.85694057548822,0.0
1,West Midlands,-35.57634010203677,0.0,-85.44936811381756,0.0
1,London,-33.00171012117997,0.0,-91.64182726846548,0.0
3,South Scotland,0.6683177438581388,0.5039307892836238,-28.209265196243706,0.0
3,North West England,-17.97745365234168,0.0,-36.9450042687491,0.0
3,West Midlands,-24.447955346237904,0.0,-40.150348971237406,0.0
3,London,-26.42000073803506,0.0,-41.159976202418406,0.0
6,South Scotland,3.7560601860715015,0.000172609199625251,-14.786125935138395,0.0
6,North West England,-13.628071587665188,0.0,-20.04993627120358,0.0
6,West Midlands,-17.978479119711032,0.0,-22.24321044922874,0.0
6,London,-20.615556072752998,0.0,-21.757016529883675,0.0
12,South Scotland,5.19119610118561,2.0894741181720633e-07,-3.7452234646486087,0.0001802332769784698
12,North West England,-7.066408476519055,1.5898393712632242e-12,-7.854057812406816,3.9968028886505635e-15
12,West Midlands,-6.001428973305475,1.9558850095080516e-09,-7.507254264327838,6.039613253960852e-14
12,London,-5.1826709094405965,2.187307777123948e-07,-7.4256735211505855,1.1213252548714081e-13
18,South Scotland,6.148527050321147,7.820579739359346e-10,3.12837395244513,0.001757763862594075
18,North West England,-3.252560391774376,0.0011437028908194424,-0.7836893904349145,0.4332223894195564
18,West Midlands,-3.686091926668598,0.00022772412253235785,-1.3448790818160208,0.17866428647196475
18,London,-3.5144629664091207,0.00044064410802380216,0.38669189625835504,0.6989843162033618
24,South Scotland,5.205107817116618,1.9388400396280758e-07,5.205107817116618,1.9388400396280758e-07
24,North West England,0.7821957533518945,0.43409953984096505,0.7821957533518945,0.43409953984096505
24,West Midlands,0.6841316353999797,0.49389204693778166,0.6841316353999797,0.49389204693778166
24,London,1.5178963282354672,0.1290405357485096,1.5178963282354672,0.1290405357485096
