migrate,rho,policy,emis,red,gap,gap_adj,late,mig,ms,n,p_raw,wins,weeks,dgap,dgap_lo,dgap_hi,dgap_lo_b2,dgap_hi_b2,p_raw_b2,dgap_lo_b8,dgap_hi_b8,p_raw_b8,p,p_b2,p_b8,fleet
True,0.3,ASAP-Local,3.7110975710400247,0.0,284.0163080441838,284.0411330206784,0.0019795208619319,0.0,0.0344133509455226,156,9.99990000099999e-06,52.0,52.0,274.73793640734226,241.17225501407972,310.67972938673324,244.29132378087368,305.8747857885997,9.99990000099999e-06,235.54975858809607,316.5174193383867,9.99990000099999e-06,0.0005699943000569,0.0005699943000569,0.0005699943000569,GB
True,0.3,Greedy-Spatial,1.7248974171286766,54.73896934730841,66.7739138881909,66.7739138881909,0.0,81.79996727010926,0.1047453587044999,156,9.99990000099999e-06,52.0,52.0,57.49554225134936,48.66377132241375,67.02327942117708,50.41367955989791,65.11036372505522,9.99990000099999e-06,47.14974464479497,68.71388494942804,9.99990000099999e-06,0.0005699943000569,0.0005699943000569,0.0005699943000569,GB
True,0.3,Forecast-Reserve,1.343090375751267,64.88163212020979,26.4126285912668,26.4126285912668,0.0,83.81893315618808,0.3852430856453226,156,9.99990000099999e-06,52.0,52.0,17.13425695442527,15.064477495642905,19.76656491957127,15.165533204755189,19.376214849710248,9.99990000099999e-06,15.124803507331164,20.12166646374852,9.99990000099999e-06,0.0005699943000569,0.0005699943000569,0.0005699943000569,GB
True,0.3,MPC,1.277358029843466,66.79531741599104,19.073001595795883,19.073001595795883,0.0,69.53406834942788,2.131653074524278,156,9.99990000099999e-06,51.0,52.0,9.79462995895435,7.571582840368288,12.1898056752471,7.908644336806641,11.7052815150235,9.99990000099999e-06,7.184706387029614,12.57122100944003,9.99990000099999e-06,0.0005699943000569,0.0005699943000569,0.0005699943000569,GB
True,0.3,MPC-Protect,1.3692036542618309,64.19436093365923,28.760894228302384,28.760894228302384,0.0,80.53306810386901,1.8034966038246256,156,9.99990000099999e-06,52.0,52.0,19.482522591460853,16.42942475066384,23.45021715750456,16.60847506814701,22.46205197304196,9.99990000099999e-06,16.467333893400514,24.50121340109779,9.99990000099999e-06,0.0005699943000569,0.0005699943000569,0.0005699943000569,GB
True,0.3,MPC+conformal,1.2428368505551255,67.66330269023187,15.529469159573404,15.529469159573404,0.0,69.99407549885316,1.8511695580579104,156,9.99990000099999e-06,49.0,52.0,6.251097522731873,4.4949226422579125,8.198829094661065,4.676644551231897,7.827801478675941,9.99990000099999e-06,4.603768051706074,8.571327885533426,9.99990000099999e-06,0.0005699943000569,0.0005699943000569,0.0005699943000569,GB
True,0.3,MPC-Perfect,1.250966233476005,67.5245154520705,16.692593147842626,16.692593147842626,0.0,69.12191976395748,2.113363037314594,156,9.99990000099999e-06,46.0,52.0,7.414221511001092,4.80787448978062,10.281560904067115,5.252555045609444,9.841136435942152,9.99990000099999e-06,4.332444343996455,10.79155639403608,1.999980000199998e-05,0.0005699943000569,0.0005699943000569,0.0005699943000569,GB
True,0.3,Scenario-MPC,1.1756915264765364,69.41513102061673,8.973048051710723,8.973048051710721,0.0,70.1543493655811,248.1474395663943,156,0.0026699733002669,19.0,52.0,-0.3053235851308097,-0.5249836052427028,-0.1574252583222096,-0.5135305017499713,-0.1259178489857094,0.0019199808001919,-0.5581147221616298,-0.1523650363659307,0.0078499215007849,0.0186898131018689,0.0134398656013439,0.0392496075039249,GB
True,0.3,CARMA,1.1783700677668478,69.33611762421116,9.278371636841534,9.278371636841534,0.0,70.08699999786734,20.83152837544762,156,,,,,,,,,,,,,,,,GB
True,0.3,CARMA+conformal,1.184332936114616,69.1913699219952,9.869762649500345,9.869762649500345,0.0,70.29159849096722,21.057622024157823,156,0.0369396306036939,36.0,52.0,0.5913910126588123,0.0185178181343625,1.1258320703789133,0.0452843559342747,1.1674370768558906,0.0342596574034259,0.1690093837213742,0.9796597691984896,0.0037499625003749,0.1846981530184698,0.1712982870171298,0.0224997750022499,GB
True,0.3,CARMA-Perfect,1.1175564562871756,71.14813696315004,2.487196354982179,2.4871963549821805,0.0,69.85525322206215,21.05476328297897,156,9.99990000099999e-06,0.0,52.0,-6.7911752818593545,-7.764583074531535,-5.900296961378554,-7.696767501519328,-5.911192579609901,9.99990000099999e-06,-7.803579103301215,-5.970647667310244,9.99990000099999e-06,0.0005699943000569,0.0005699943000569,0.0005699943000569,GB
True,0.3,Oracle,1.0934934414532052,71.79380885736117,0.0,0.0,0.0,70.87250525232982,,156,,,,,,,,,,,,,,,,GB
True,0.5,ASAP-Local,6.105266823755144,0.0,149.56966282508955,150.03244529222803,0.0494013472425542,0.0,0.0524468571615285,156,9.99990000099999e-06,52.0,52.0,139.75327248767533,124.82129471320624,156.1902203320735,125.91254793253232,153.58704837145876,9.99990000099999e-06,124.01141141090932,156.89696168029133,9.99990000099999e-06,0.0005699943000569,0.0005699943000569,0.0005699943000569,GB
True,0.5,Greedy-Spatial,4.114710203821406,33.62690959435481,63.10230712066399,63.10230712066399,0.0,76.47330011769662,0.173399841141851,156,9.99990000099999e-06,52.0,52.0,53.28591678324978,46.800489979521046,59.855131987597616,47.42069966905734,59.28161834128293,9.99990000099999e-06,45.779405488943965,60.258199490592425,9.99990000099999e-06,0.0005699943000569,0.0005699943000569,0.0005699943000569,GB
True,0.5,Forecast-Reserve,3.2864239271835665,47.62953002690659,26.800919683211248,26.967922867492145,0.0212528191190488,78.30509802187008,0.6514471051820723,156,9.99990000099999e-06,52.0,52.0,16.984529345797036,15.272166021275297,18.66722301061398,15.15699688211622,18.83465753847633,9.99990000099999e-06,15.18636382237101,18.496201381866985,9.99990000099999e-06,0.0005699943000569,0.0005699943000569,0.0005699943000569,GB
True,0.5,MPC,3.1938163795213685,49.19174334782537,22.973289401642376,23.051644906166334,0.00987389207611,50.05680452410416,4.20280925360198,156,9.99990000099999e-06,51.0,52.0,13.156899064228169,11.160161157144929,14.848925494418664,11.30410958748549,14.885073079374058,9.99990000099999e-06,10.707407123116376,14.887480514042547,9.99990000099999e-06,0.0005699943000569,0.0005699943000569,0.0005699943000569,GB
True,0.5,MPC-Protect,3.0454749176672182,51.72702878602402,16.334944163371212,16.334944163371212,0.0,58.78058108930199,4.919230147762624,156,9.99990000099999e-06,50.0,52.0,6.518553825957003,5.208742406232706,7.3467857239990755,5.366728842412431,7.477063495819775,9.99990000099999e-06,4.922284364137978,7.419174251521787,9.99990000099999e-06,0.0005699943000569,0.0005699943000569,0.0005699943000569,GB
True,0.5,MPC+conformal,3.0534094944214063,51.647657511728646,16.574215219262832,16.574215219262836,0.0,50.49907589812685,3.9901961112272906,156,9.99990000099999e-06,49.0,52.0,6.7578248818486255,5.056211209578074,8.355407805324601,5.284008456630133,8.113432603643034,9.99990000099999e-06,4.586440544716048,8.587530839515951,9.99990000099999e-06,0.0005699943000569,0.0005699943000569,0.0005699943000569,GB
True,0.5,MPC-Perfect,3.147079173478398,49.91682006701736,21.32916179276798,21.42142258211836,0.0137587398836019,49.341464757131895,4.149662330979571,156,9.99990000099999e-06,52.0,52.0,11.51277145535377,9.64203476030567,13.232537565016372,9.764016442261148,13.331583451896297,9.99990000099999e-06,9.236633462510992,13.306568515906404,9.99990000099999e-06,0.0005699943000569,0.0005699943000569,0.0005699943000569,GB
True,0.5,Scenario-MPC,2.8655022878882432,54.70274600338434,8.797594228551171,8.797594228551171,0.0,50.6562255887249,673.9806677815711,156,9.99990000099999e-06,5.0,52.0,-1.0187961088630395,-1.328828422253193,-0.8519901804753418,-1.2865294120951378,-0.8054824218410833,9.99990000099999e-06,-1.3306296255133396,-0.8940659238396147,9.99990000099999e-06,0.0005699943000569,0.0005699943000569,0.0005699943000569,GB
True,0.5,CARMA,2.8849841941269334,54.32702285620678,9.81639033741421,9.81639033741421,0.0,50.33568802296924,30.83241034243432,156,,,,,,,,,,,,,,,,GB
True,0.5,CARMA+conformal,2.891547228386123,54.26564468085195,9.946645889221031,9.95091518849936,0.0003579520491001,50.59907006154432,31.48304920722236,156,0.5299747002529974,30.0,52.0,0.130255551806822,-0.3416421119872847,0.4999824834158305,-0.2818349112482903,0.5132638851195862,0.5113948860511395,-0.3259675435694812,0.4297943461139291,0.5143448565514345,1.0,1.0,1.0,GB
True,0.5,CARMA-Perfect,2.7525071306982114,56.71073291459905,3.811391197512023,3.811391197512023,0.0,50.07881686598703,31.16657161410684,156,9.99990000099999e-06,0.0,52.0,-6.004999139902187,-7.22395087431307,-5.13611203834924,-6.9513005900265545,-5.165853468358652,9.99990000099999e-06,-7.436588960824598,-5.2037358649704055,9.99990000099999e-06,0.0005699943000569,0.0005699943000569,0.0005699943000569,GB
True,0.5,Oracle,2.6635186293051283,58.21078176024644,0.0,0.0,0.0,51.839511593051846,,156,,,,,,,,,,,,,,,,GB
True,0.7,ASAP-Local,8.313513401223062,0.0,72.58943702400593,99.57217061630443,4.539369245179767,0.0,0.0780443420070179,156,9.99990000099999e-06,52.0,52.0,64.63720948430259,58.45656139306606,71.27010288132671,58.89209240994402,70.20815517453039,9.99990000099999e-06,57.90141664636697,71.77620044150873,9.99990000099999e-06,0.0005699943000569,0.0005699943000569,0.0005699943000569,GB
True,0.7,Greedy-Spatial,6.759345176142446,19.31443821618049,38.436289544878925,38.45123002021974,0.0023161774995614,73.29251004570945,0.2601849484614469,156,9.99990000099999e-06,52.0,52.0,30.484062005175595,27.1533942266946,33.85020979557956,27.48565637644074,33.42115173326248,9.99990000099999e-06,26.809884738002957,33.92369755090108,9.99990000099999e-06,0.0005699943000569,0.0005699943000569,0.0005699943000569,GB
True,0.7,Forecast-Reserve,6.117068508799794,27.291368161123337,24.26233649951897,30.843702058799437,1.1159128074986988,73.64088074527811,1.1005711941446994,156,9.99990000099999e-06,52.0,52.0,16.31010895981564,14.952057544158164,17.74064197669389,14.869037921190346,17.737091748871563,9.99990000099999e-06,15.080188472139673,17.612232389762667,9.99990000099999e-06,0.0005699943000569,0.0005699943000569,0.0005699943000569,GB
True,0.7,MPC,5.916690499743868,29.663278311467693,20.21718103567252,31.213438422674315,1.89966132637489,31.64060200265703,6.614868639834899,156,9.99990000099999e-06,52.0,52.0,12.264953495969191,10.871541261041816,13.632710194377651,10.869957974464857,13.626597549151274,9.99990000099999e-06,10.92041022816062,13.58643993679223,9.99990000099999e-06,0.0005699943000569,0.0005699943000569,0.0005699943000569,GB
True,0.7,MPC-Protect,5.7931144223343285,31.317577187358985,17.233293925830232,21.08773497347466,0.6886205627409905,37.84707910495088,8.055637130286065,156,9.99990000099999e-06,52.0,52.0,9.281066386126904,8.272220827524475,10.276238626595475,8.228023268852422,10.274122414391252,9.99990000099999e-06,8.354839109626196,10.164974871801457,9.99990000099999e-06,0.0005699943000569,0.0005699943000569,0.0005699943000569,GB
True,0.7,MPC+conformal,5.73870206526346,32.05434948349728,15.96868137359828,18.13801079517503,0.3578041438423569,32.0938133014611,6.454910675296364,156,9.99990000099999e-06,50.0,52.0,8.016453833894952,6.849476933004624,9.038284065861491,6.808129626308728,9.076671646151732,9.99990000099999e-06,6.851451100128943,9.06369736786927,9.99990000099999e-06,0.0005699943000569,0.0005699943000569,0.0005699943000569,GB
True,0.7,MPC-Perfect,5.845384228193621,30.498169313631923,18.803211922973794,30.4571222018904,1.9631623158706084,31.37024447978834,6.3365791686646205,156,9.99990000099999e-06,52.0,52.0,10.850984383270465,9.528415772604678,12.284325501137667,9.540869238428996,12.241619001313028,9.99990000099999e-06,9.524900456492077,12.34521713159,9.99990000099999e-06,0.0005699943000569,0.0005699943000569,0.0005699943000569,GB
True,0.7,Scenario-MPC,5.364606884635208,36.81216675343947,7.533047685852778,7.604400722223175,0.0149690739556873,31.17508237185221,1452.9235355174917,156,9.99990000099999e-06,8.0,52.0,-0.4191798538505505,-0.5577639144021643,-0.3363253830091495,-0.556456776402876,-0.3192346596253961,9.99990000099999e-06,-0.5443797604226355,-0.3504812961446095,9.99990000099999e-06,0.0005699943000569,0.0005699943000569,0.0005699943000569,GB
True,0.7,CARMA,5.380366733300944,36.58354475266828,7.952227539703329,8.035748871970187,0.019405996147023,31.546492206728168,39.59815497488536,156,,,,,,,,,,,,,,,,GB
True,0.7,CARMA+conformal,5.409534311928551,36.24085106853761,8.532247896783707,8.80661816769159,0.0534978588116909,31.495577688453007,39.55853302302355,156,0.0056699433005669,39.0,52.0,0.5800203570803771,0.1681067137197792,0.9938504454988456,0.2029759308534952,0.9778741311258472,0.0035899641003589,0.3052381397051539,0.9214952473330766,0.0001899981000189,0.0340196598034019,0.0215397846021539,0.0016199838001619,GB
True,0.7,CARMA-Perfect,5.212485808662676,38.84060217121969,3.9629076031148864,4.231112783667902,0.0439054510808416,30.975062915837405,39.79663956424365,156,9.99990000099999e-06,0.0,52.0,-3.989319936588442,-4.8172638205046,-3.2596740532806634,-4.673790591474481,-3.341613572957052,9.99990000099999e-06,-4.878724840225765,-3.2096835984535,9.99990000099999e-06,0.0005699943000569,0.0005699943000569,0.0005699943000569,GB
True,0.7,Oracle,5.038034064043589,41.09256124319269,0.0,0.0,0.0,32.7412443281478,,156,,,,,,,,,,,,,,,,GB
,0.3,ASAP-Local,11.840509410599,0.0,355.87615681100675,355.9192587081815,0.0052772191431777,0.0,0.035092701665154,104,9.99990000099999e-06,52.0,52.0,350.56418018497266,327.51172392590667,374.5546636918525,329.86809417911644,368.34355801388506,9.99990000099999e-06,332.6328253451395,381.8890229461449,9.99990000099999e-06,0.0002399976000239,0.0002399976000239,0.0002399976000239,EU
,0.3,Greedy-Spatial,3.799941287300401,68.14461102062369,42.7405623941152,42.740561273138525,0.0,84.33494731538154,0.1044694097303355,104,9.99990000099999e-06,52.0,52.0,37.42858576808107,34.19725010588783,41.25099725651072,34.531655494434794,40.351458412813976,9.99990000099999e-06,34.002350706431415,42.04250338483555,9.99990000099999e-06,0.0002399976000239,0.0002399976000239,0.0002399976000239,EU
,0.3,Forecast-Reserve,3.169725669225309,73.38805543920546,19.19912840484054,19.19912750088391,0.0,85.11133863169651,0.4268134588233148,104,9.99990000099999e-06,52.0,52.0,13.887151778806416,12.879289167884828,15.236923641438656,12.771140329877852,15.134464506302356,9.99990000099999e-06,13.281445611489543,15.334090638463442,9.99990000099999e-06,0.0002399976000239,0.0002399976000239,0.0002399976000239,EU
,0.3,MPC,3.0549327773796557,74.35760626325194,14.722416032263853,14.722415168266378,0.0,69.62929652043232,2.247747517645902,104,9.99990000099999e-06,52.0,52.0,9.410439406229733,8.39694738652437,10.57454263899743,8.487417786661155,10.398537699463317,9.99990000099999e-06,8.397133281112726,10.913602623807192,9.99990000099999e-06,0.0002399976000239,0.0002399976000239,0.0002399976000239,EU
,0.3,MPC-Protect,3.116204234713593,73.80109267870958,17.248189032372224,17.248188145712984,0.0,80.88015594974921,1.9394940699685996,104,9.99990000099999e-06,52.0,52.0,11.936212406338106,10.881978607012485,13.442630608087962,10.95603987474469,13.143248872769275,9.99990000099999e-06,10.7586892039451,13.80708631446248,9.99990000099999e-06,0.0002399976000239,0.0002399976000239,0.0002399976000239,EU
,0.3,MPC+conformal,2.9981842601272395,74.8224380288487,12.600484336340616,12.60048348726613,0.0,70.26144274063071,2.3237295886289053,104,9.99990000099999e-06,52.0,52.0,7.288507710306492,6.108095861968204,8.76782607139849,6.267200619505528,8.39437245993296,9.99990000099999e-06,5.891402049796053,9.316826463103515,9.99990000099999e-06,0.0002399976000239,0.0002399976000239,0.0002399976000239,EU
,0.3,MPC-Perfect,3.0564867407950365,74.34198148310189,14.802683941557738,14.802683084970049,0.0,69.57900223442621,2.2403902102569413,104,9.99990000099999e-06,52.0,52.0,9.490707315523617,8.505935301379658,10.73764929378304,8.588317270663541,10.479525504172027,9.99990000099999e-06,8.489506850701233,11.145954511252867,9.99990000099999e-06,0.0002399976000239,0.0002399976000239,0.0002399976000239,EU
,0.3,CARMA,2.8046946779690693,76.44735680406066,5.311976626034122,5.31197583766003,0.0,70.91825935634219,22.714133900426237,104,,,,,,,,,,,,,,,,EU
,0.3,CARMA-Perfect,2.770708834956749,76.72783951273476,4.071800384955111,4.071799611859146,0.0,70.92634116514589,22.766838590929787,104,9.99990000099999e-06,3.0,52.0,-1.2401762410790116,-1.4063381289664445,-1.0107445470365608,-1.4698869121407767,-1.0081341969001782,9.99990000099999e-06,-1.4156900771333114,-1.0237170704316532,9.99990000099999e-06,0.0002399976000239,0.0002399976000239,0.0002399976000239,EU
,0.3,Oracle,2.664423578424231,77.62316503192402,0.0,0.0,0.0,72.09102882720902,,104,,,,,,,,,,,,,,,,EU
,0.5,ASAP-Local,20.010961894419196,0.0,174.6440385021724,174.87076496421798,0.0413497628777188,0.0,0.0546196063587542,104,9.99990000099999e-06,52.0,52.0,168.89400305936016,156.24037775852565,182.10253038032104,158.44022939233847,178.32093263456693,9.99990000099999e-06,156.02665951505563,186.37221610967103,9.99990000099999e-06,0.0002399976000239,0.0002399976000239,0.0002399976000239,EU
,0.5,Greedy-Spatial,10.924907336664692,45.61573737866861,48.122754300696826,48.12275413033542,0.0,79.12710968048357,0.1694996590675273,104,9.99990000099999e-06,52.0,52.0,42.3727188578846,38.97211709795791,45.72350512153346,39.56881199834103,44.9489107812685,9.99990000099999e-06,38.85285686815541,46.69088461874635,9.99990000099999e-06,0.0002399976000239,0.0002399976000239,0.0002399976000239,EU
,0.5,Forecast-Reserve,9.217196650166075,54.16031326782342,24.502760512078705,24.650080220560863,0.0287725160688137,80.43890261038858,0.7099775264555762,104,9.99990000099999e-06,52.0,52.0,18.75272506926648,17.01503947851732,20.56303927009592,17.328346723206312,20.07955129528893,9.99990000099999e-06,17.03515790845432,21.17209322195243,9.99990000099999e-06,0.0002399976000239,0.0002399976000239,0.0002399976000239,EU
,0.5,MPC,8.870187640784454,55.90528421756267,19.701268998986684,19.776005327768623,0.0150933774185507,51.082988593635406,4.174718615637422,104,9.99990000099999e-06,52.0,52.0,13.95123355617446,12.414606607592992,15.516506236633486,12.674821477272255,15.097549423441382,9.99990000099999e-06,12.286820586115349,16.05303317330143,9.99990000099999e-06,0.0002399976000239,0.0002399976000239,0.0002399976000239,EU
,0.5,MPC-Protect,8.391695823617937,58.30268014923748,13.003827463203123,13.003844847085194,5.183620691056297e-06,63.81383129319338,5.145508745213503,104,9.99990000099999e-06,52.0,52.0,7.253792020390899,6.16853376772912,8.671824178015374,6.3503840015816415,8.241611226229887,9.99990000099999e-06,6.091568403227523,9.21845724521976,9.99990000099999e-06,0.0002399976000239,0.0002399976000239,0.0002399976000239,EU
,0.5,MPC+conformal,8.713284021608391,56.69214249720285,17.51321358812328,17.54206955263089,0.0054098443288225,51.79922148379104,4.386833719084773,104,9.99990000099999e-06,52.0,52.0,11.763178145311056,10.366949708993694,13.41175728443933,10.550848813582418,12.93432249298127,9.99990000099999e-06,10.341135428886725,14.029915724146164,9.99990000099999e-06,0.0002399976000239,0.0002399976000239,0.0002399976000239,EU
,0.5,MPC-Perfect,8.846608071331637,56.02271623182533,19.370158255212093,19.436990029843532,0.0125046086657744,51.12447243618614,4.150515050977583,104,9.99990000099999e-06,52.0,52.0,13.620122812399869,12.124605619877846,15.242289048670004,12.378333928785088,14.766557759085297,9.99990000099999e-06,11.979527300128003,15.794792443398748,9.99990000099999e-06,0.0002399976000239,0.0002399976000239,0.0002399976000239,EU
,0.5,CARMA,7.872509523082266,60.923980202034016,5.750035442812226,5.75003532572173,0.0,52.99788533147941,34.42879312065667,104,,,,,,,,,,,,,,,,EU
,0.5,CARMA-Perfect,7.83885665601847,61.09081519570392,5.31953266231133,5.319532551054028,0.0,52.70185163638832,34.1570601960647,104,0.0007699923000769,17.0,52.0,-0.4305027805008965,-0.6379654425338473,-0.1445835016768942,-0.6442543408249434,-0.1925790012459849,0.0001699983000169,-0.624604076847132,-0.1054443768408026,0.0020599794002059,0.0007699923000769,0.0002399976000239,0.0020599794002059,EU
,0.5,Oracle,7.454724190997693,63.01606769525692,0.0,0.0,0.0,53.84854591006975,,104,,,,,,,,,,,,,,,,EU
,0.7,ASAP-Local,28.16932430633056,0.0,78.55123582717115,96.9439460963111,5.236449558658602,0.0,0.0867481616260081,104,9.99990000099999e-06,52.0,52.0,73.030848955814,68.19795584646357,78.60631837620139,68.98069458304506,77.1300363406323,9.99990000099999e-06,67.91272648452515,80.45846495354189,9.99990000099999e-06,0.0002399976000239,0.0002399976000239,0.0002399976000239,EU
,0.7,Greedy-Spatial,20.17294647951637,28.510576764596504,27.211437127001805,27.22270203056568,0.003078110954346,75.49344140543998,0.2758729107451904,104,9.99990000099999e-06,52.0,52.0,21.69105025564465,19.808538879916323,23.689300184197077,20.19200843562168,23.17128474209746,9.99990000099999e-06,19.59486060508689,24.348077433588205,9.99990000099999e-06,0.0002399976000239,0.0002399976000239,0.0002399976000239,EU
,0.7,Forecast-Reserve,18.91425808124275,33.03347674312446,19.061455710070664,24.34626329710601,1.466045648877583,75.8406395487111,1.1992016719273093,104,9.99990000099999e-06,52.0,52.0,13.541068838713509,12.374576962358036,15.072793819964849,12.530121767734936,14.663817787909355,9.99990000099999e-06,12.288266580162974,15.651749905949536,9.99990000099999e-06,0.0002399976000239,0.0002399976000239,0.0002399976000239,EU
,0.7,MPC,18.10562332880295,35.908549325476805,13.925908633662148,20.949467053180683,1.9809472437696467,33.24639251443499,6.4953340570436815,104,9.99990000099999e-06,52.0,52.0,8.405521762304991,7.339245693454284,9.723642250328927,7.506384549997695,9.354674751837448,9.99990000099999e-06,7.253419702927344,10.207746557460696,9.99990000099999e-06,0.0002399976000239,0.0002399976000239,0.0002399976000239,EU
,0.7,MPC-Protect,17.897841599930487,36.67140697107208,12.51971082405643,14.230558542095372,0.4849894995722874,45.02007602127616,8.612405778283819,104,9.99990000099999e-06,52.0,52.0,6.999323952699269,6.168223382662188,8.13569124168855,6.275937850467649,7.802593864494025,9.99990000099999e-06,6.111949410742055,8.517100653804885,9.99990000099999e-06,0.0002399976000239,0.0002399976000239,0.0002399976000239,EU
,0.7,MPC+conformal,17.97442060494975,36.38109711698691,13.076203347466477,18.160765617326568,1.4229259418005382,33.56967597095682,6.860615621962965,104,9.99990000099999e-06,52.0,52.0,7.555816476109317,6.56148493204932,8.926098416182056,6.6761806382891695,8.540011998351346,9.99990000099999e-06,6.477416929779698,9.443672614688618,9.99990000099999e-06,0.0002399976000239,0.0002399976000239,0.0002399976000239,EU
,0.7,MPC-Perfect,18.093773449107,35.94966608243064,13.857242767507168,20.861046440673647,1.9666370243760425,33.218392581689535,6.563419284079969,104,9.99990000099999e-06,52.0,52.0,8.336855896150006,7.235927779851335,9.705928183783485,7.411230016727418,9.321744980706509,9.99990000099999e-06,7.134004116187558,10.214369921917529,9.99990000099999e-06,0.0002399976000239,0.0002399976000239,0.0002399976000239,EU
,0.7,CARMA,16.821959463184587,40.539650921661966,5.520386871357159,5.603424810611737,0.0254134397644691,33.86241669324329,45.63586880387965,104,,,,,,,,,,,,,,,,EU
,0.7,CARMA-Perfect,16.76155474303385,40.74772991623865,5.161633926274266,5.276290147016632,0.0345073634897466,33.71071231642823,45.07912579806199,104,9.99990000099999e-06,12.0,52.0,-0.3587529450828924,-0.4305301387830894,-0.2428780602673508,-0.4560869179237766,-0.2374824071650409,9.99990000099999e-06,-0.4337213870142054,-0.2259395171512875,9.99990000099999e-06,0.0002399976000239,0.0002399976000239,0.0002399976000239,EU
,0.7,Oracle,15.964759501517692,43.60795496772735,0.0,0.0,0.0,35.845032546092824,,104,,,,,,,,,,,,,,,,EU
,0.3,ASAP-Local,9.849209520721963,0.0,124.1799836839388,124.18245172906458,0.000644188481318,0.0,0.0354688671581538,104,9.99990000099999e-06,52.0,52.0,118.55384927864732,102.941585834173,138.85495275381223,106.3657016833637,132.8837535544414,9.99990000099999e-06,100.54666669103754,145.32290686320965,9.99990000099999e-06,0.0002399976000239,0.0002399976000239,0.0002399976000239,US
,0.3,Greedy-Spatial,5.473269588240502,44.67382077525867,22.074416759067013,22.07441643339352,0.0,80.08642126523307,0.1026404154766994,104,9.99990000099999e-06,52.0,52.0,16.44828235377548,13.999438867986491,19.998482475065643,14.42798030814881,19.02652638952996,9.99990000099999e-06,13.811417518057391,20.83808316256836,9.99990000099999e-06,0.0002399976000239,0.0002399976000239,0.0002399976000239,US
,0.3,Forecast-Reserve,5.258455733877075,46.90253853935057,16.72195160524029,16.721951335000266,0.0,80.94024559686481,0.3813971545233246,104,9.99990000099999e-06,52.0,52.0,11.095817199948756,10.026267967142678,12.459045561376834,10.209617758682086,12.06820359325069,9.99990000099999e-06,9.848106301668883,12.923855412018224,9.99990000099999e-06,0.0002399976000239,0.0002399976000239,0.0002399976000239,US
,0.3,MPC,5.006650266799972,49.44613145100693,11.13194925172628,11.131948994901306,0.0,64.06216594292319,2.142706180629623,104,9.99990000099999e-06,52.0,52.0,5.505814846434744,4.522348096454285,6.939542868419242,4.711194490022135,6.515910816302044,9.99990000099999e-06,4.528037998828925,7.366120625131176,9.99990000099999e-06,0.0002399976000239,0.0002399976000239,0.0002399976000239,US
,0.3,MPC-Protect,5.299944328215746,46.45547849728046,17.51328302843349,17.51328275947535,0.0,81.08961816399469,1.7509453283967102,104,9.99990000099999e-06,52.0,52.0,11.887148623141956,10.604435578541809,13.07755937373432,10.92826659283322,12.9032372667977,9.99990000099999e-06,10.302665815757235,13.203992588860118,9.99990000099999e-06,0.0002399976000239,0.0002399976000239,0.0002399976000239,US
,0.3,MPC+conformal,4.952139974700423,50.00331718848985,9.815230518665372,9.8152302663503,0.0,64.2410585680235,2.192253755111458,104,9.99990000099999e-06,52.0,52.0,4.189096113373838,3.544112777568924,5.1001516593233065,3.641467454770178,4.869574760759285,9.99990000099999e-06,3.5380801535975444,5.330624484521763,9.99990000099999e-06,0.0002399976000239,0.0002399976000239,0.0002399976000239,US
,0.3,MPC-Perfect,5.014234411377813,49.37490496579725,11.289238517446607,11.289238260137852,0.0,63.73883645983274,2.1265995437282825,104,9.99990000099999e-06,52.0,52.0,5.66310411215507,4.639234601114995,7.12534000893642,4.8411127022863845,6.705907783331761,9.99990000099999e-06,4.618499442797243,7.592230889825925,9.99990000099999e-06,0.0002399976000239,0.0002399976000239,0.0002399976000239,US
,0.3,CARMA,4.772991236561311,51.82830396993096,5.626134405291536,5.626134152959464,0.0,65.21423100004047,22.712246008263392,104,,,,,,,,,,,,,,,,US
,0.3,CARMA-Perfect,4.72342466349239,52.343211170431374,4.486136241056193,4.486135991609858,0.0,65.19525243556895,22.91157431933866,104,9.99990000099999e-06,1.0,52.0,-1.1399981642353434,-1.4084377335357992,-0.8186622710435625,-1.3559431732448668,-0.8933885513350307,9.99990000099999e-06,-1.449777502505855,-0.7135332683526656,9.99990000099999e-06,0.0002399976000239,0.0002399976000239,0.0002399976000239,US
,0.3,Oracle,4.527010974080962,54.33849972129594,0.0,0.0,0.0,66.77625455947187,,104,,,,,,,,,,,,,,,,US
,0.5,ASAP-Local,16.459650982827956,0.0,54.04880094101582,54.15201620322295,0.041044548609282,0.0,0.0503009846363738,104,9.99990000099999e-06,52.0,52.0,49.73735626050881,44.13849687038436,56.88125998124273,45.30008474234344,54.80791068483601,9.99990000099999e-06,43.18775700630128,59.44595836517912,9.99990000099999e-06,0.0002399976000239,0.0002399976000239,0.0002399976000239,US
,0.5,Greedy-Spatial,12.366688139461983,25.03521946449964,14.9731148800462,14.97311469552029,0.0,72.16285217874847,0.1709514884226051,104,9.99990000099999e-06,52.0,52.0,10.66167019953919,9.04581877568917,12.970925175560348,9.35796699217363,12.289038437116249,9.99990000099999e-06,8.874585198775877,13.80813701622205,9.99990000099999e-06,0.0002399976000239,0.0002399976000239,0.0002399976000239,US
,0.5,Forecast-Reserve,11.984331172204197,27.429712466131296,11.084960711900932,11.256175369254102,0.0707031044078483,72.52235986975252,0.6712305946003274,104,9.99990000099999e-06,52.0,52.0,6.773516031393925,6.282345236121116,7.357159532580835,6.376058758287433,7.215896955599736,9.99990000099999e-06,6.247906492899497,7.604720350127339,9.99990000099999e-06,0.0002399976000239,0.0002399976000239,0.0002399976000239,US
,0.5,MPC,11.541422118420446,30.116366162898125,6.988379262255583,7.0003628600650485,0.0043998833341124,43.48977663737305,4.054747841564556,104,9.99990000099999e-06,52.0,52.0,2.676934581748573,2.18743069217076,3.37684648343025,2.2706875991892623,3.1582005901204204,9.99990000099999e-06,2.1847607249660435,3.6252202623901,9.99990000099999e-06,0.0002399976000239,0.0002399976000239,0.0002399976000239,US
,0.5,MPC-Protect,11.63557656028249,29.56296188283201,7.668183723291713,7.669145690269389,0.000348742493333,58.684765050023216,4.636884825620651,104,9.99990000099999e-06,51.0,52.0,3.3567390427847053,2.489616039872252,4.358357388724382,2.6879479419723724,4.082413270281155,9.99990000099999e-06,2.2241122390300365,4.590634105707172,9.99990000099999e-06,0.0002399976000239,0.0002399976000239,0.0002399976000239,US
,0.5,MPC+conformal,11.512456041398355,30.298470760733395,6.688408340297496,6.69174461832705,0.0012093564161041,42.98820230049184,4.19730756084021,104,9.99990000099999e-06,52.0,52.0,2.376963659790486,1.9912363117328984,2.939460373445172,2.053126077546929,2.7670826801676567,9.99990000099999e-06,2.0244823277469144,3.132120360241213,9.99990000099999e-06,0.0002399976000239,0.0002399976000239,0.0002399976000239,US
,0.5,MPC-Perfect,11.522252770184696,30.233719614884933,6.804807048344149,6.83240761481442,0.0110149196065624,43.228738144514544,4.007081075648247,104,9.99990000099999e-06,52.0,52.0,2.49336236783714,2.035180807051378,3.173076977560968,2.110826979402483,2.961854256577223,9.99990000099999e-06,2.041794476544316,3.4110616889276395,9.99990000099999e-06,0.0002399976000239,0.0002399976000239,0.0002399976000239,US
,0.5,CARMA,11.267352403806395,31.808785587126007,4.31144468050701,4.3114445153422745,0.0,43.76394247829672,32.2151824470491,104,,,,,,,,,,,,,,,,US
,0.5,CARMA-Perfect,11.199732207426344,32.21952771504634,3.679151125716957,3.681003076669534,0.0006713326521713,43.09170862557774,32.138409753908526,104,9.99990000099999e-06,2.0,52.0,-0.6322935547900521,-0.7204905654263881,-0.5048144050460985,-0.7124808258351706,-0.521576861880184,9.99990000099999e-06,-0.7136485460581428,-0.4740979873144343,9.99990000099999e-06,0.0002399976000239,0.0002399976000239,0.0002399976000239,US
,0.5,Oracle,10.812411594469616,34.58473701422305,0.0,0.0,0.0,45.47533829785592,,104,,,,,,,,,,,,,,,,US
,0.7,ASAP-Local,23.042543014729493,0.0,28.15790200692698,39.02187048797661,5.260304623925286,0.0,0.0788212352137847,104,9.99990000099999e-06,52.0,52.0,24.800675458578457,22.448251096151864,27.762143876090484,22.972574317856026,26.859165289338065,9.99990000099999e-06,22.14279869302896,28.80113318039872,9.99990000099999e-06,0.0002399976000239,0.0002399976000239,0.0002399976000239,US
,0.7,Greedy-Spatial,20.03306242204968,13.185503963983594,11.098092170073809,11.102582377536583,0.002109567552098,67.7632030943691,0.2654052974602524,104,9.99990000099999e-06,52.0,52.0,7.740865621725276,7.2140662572011856,8.449694798712823,7.277096352683988,8.255169409887136,9.99990000099999e-06,7.235193653686528,8.71253758452527,9.99990000099999e-06,0.0002399976000239,0.0002399976000239,0.0002399976000239,US
,0.7,Forecast-Reserve,19.76557134258832,14.382483119163169,9.527344329434824,13.48887679636483,1.924083532330247,67.03567238457478,1.1456761352659253,104,9.99990000099999e-06,52.0,52.0,6.170117781086295,5.925640138495537,6.448517303618195,5.939879849987606,6.410341335251106,9.99990000099999e-06,5.977976810866707,6.50094673889713,9.99990000099999e-06,0.0002399976000239,0.0002399976000239,0.0002399976000239,US
,0.7,MPC,18.986679539504298,17.759848363367187,5.212625522943147,8.59294097537022,1.6455749460212328,27.846735278204918,6.374730313277079,104,9.99990000099999e-06,52.0,52.0,1.8553989745946171,1.628413162428362,2.1740450291777096,1.6501814357781566,2.0932000969737143,9.99990000099999e-06,1.6935673268740097,2.250049864436158,9.99990000099999e-06,0.0002399976000239,0.0002399976000239,0.0002399976000239,US
,0.7,MPC-Protect,19.04385093849884,17.5191994065435,5.500585277006128,6.46633826656632,0.4738148617322836,37.01743802867675,7.809403816858738,104,9.99990000099999e-06,52.0,52.0,2.1433587286575984,1.9150033579138452,2.482034241840456,1.9355671349231829,2.397062769777272,9.99990000099999e-06,1.9108856012719664,2.564880564587111,9.99990000099999e-06,0.0002399976000239,0.0002399976000239,0.0002399976000239,US
,0.7,MPC+conformal,18.951570270477287,17.913700966832945,5.015500700833609,6.704225807363228,0.8311982993951929,27.659489351473614,6.481459287401251,104,9.99990000099999e-06,52.0,52.0,1.658274152485081,1.4412713068912164,1.9733165198285836,1.4626986939286823,1.8976068401583817,9.99990000099999e-06,1.508028703716626,2.0528783375198243,9.99990000099999e-06,0.0002399976000239,0.0002399976000239,0.0002399976000239,US
,0.7,MPC-Perfect,18.9673064980011,17.84523384256719,5.103501081899004,8.761323264318813,1.7775807531043568,27.544810037035493,6.217442701906351,104,9.99990000099999e-06,52.0,52.0,1.7462745335504744,1.5258713774147812,2.061358034512956,1.5423865400007812,1.986169730551637,9.99990000099999e-06,1.590123447449186,2.144982034030821,9.99990000099999e-06,0.0002399976000239,0.0002399976000239,0.0002399976000239,US
,0.7,CARMA,18.659083178247,19.19744514861838,3.35722654834853,3.357226382782444,0.0,26.925008202222617,41.48755765418712,104,,,,,,,,,,,,,,,,US
,0.7,CARMA-Perfect,18.60513613097344,19.431177517258185,3.0584887530325204,3.0585486020442576,2.890220832158504e-05,26.0156565236611,41.49994876057731,104,9.99990000099999e-06,8.0,52.0,-0.2987377953160096,-0.3573769780540066,-0.2230598563240604,-0.3728490388678711,-0.2176360179583977,9.99990000099999e-06,-0.350050656325826,-0.215546095813907,9.99990000099999e-06,0.0002399976000239,0.0002399976000239,0.0002399976000239,US
,0.7,Oracle,18.062148537202305,21.805587663847387,0.0,0.0,0.0,27.96853168455619,,104,,,,,,,,,,,,,,,,US
,0.3,ASAP-Local,3.4974086074824915,0.0,96.24890032257515,96.26035529076674,0.0028372003633178,0.0,0.0319431284046172,104,9.99990000099999e-06,52.0,52.0,93.33111726661278,71.54190912823587,113.2916254516458,77.86965970005754,107.95800783304392,9.99990000099999e-06,63.80018734957797,118.83560596992768,9.99990000099999e-06,0.0002399976000239,0.0002399976000239,0.0002399976000239,BR
,0.3,Greedy-Spatial,1.9861965131403485,40.000051603981305,12.851705467032856,12.85170685349992,0.0,78.38215929945014,0.0992278030819529,104,9.99990000099999e-06,52.0,52.0,9.933922411070483,8.633589472775775,11.102527722023938,8.933101261074617,10.936996212039023,9.99990000099999e-06,8.286172841110073,11.207655762488336,9.99990000099999e-06,0.0002399976000239,0.0002399976000239,0.0002399976000239,BR
,0.3,Forecast-Reserve,1.88972665059024,42.80904865974291,7.191127513242146,7.191128741082388,0.0,79.49993392540775,0.3702500548681066,104,9.99990000099999e-06,52.0,52.0,4.273344457279772,3.7889117707919806,4.668661370507619,3.902238810007302,4.608477570592151,9.99990000099999e-06,3.678237375521568,4.713317528767676,9.99990000099999e-06,0.0002399976000239,0.0002399976000239,0.0002399976000239,BR
,0.3,MPC,1.837670635533365,44.32939271409936,4.29270089552442,4.292702061362522,0.0,62.57243636685954,2.105750517085335,104,9.99990000099999e-06,51.0,52.0,1.3749178395620458,1.0783193806494304,1.6927119098929129,1.1372441374508455,1.6616495611159423,9.99990000099999e-06,1.0201912916478433,1.7205603858194751,9.99990000099999e-06,0.0002399976000239,0.0002399976000239,0.0002399976000239,BR
,0.3,MPC-Protect,1.9050489859577209,42.169537502861886,8.308475697255115,8.308476974510272,0.0,76.75760242989693,1.7787414053501975,104,9.99990000099999e-06,52.0,52.0,5.39069264129274,4.507321755461976,6.5264689839111,4.674156721456776,6.231369704019299,9.99990000099999e-06,4.432463281595005,6.946141650256534,9.99990000099999e-06,0.0002399976000239,0.0002399976000239,0.0002399976000239,BR
,0.3,MPC+conformal,1.8351744000956625,44.3797176610934,4.180834892646961,4.180836066875805,0.0,62.097471878393215,2.0076662978454127,104,9.99990000099999e-06,46.0,52.0,1.2630518366845858,0.7988358104115552,1.6779712846984467,0.8957171879243313,1.6618605165540248,9.99990000099999e-06,0.7483953334377703,1.6305756408927032,9.99990000099999e-06,0.0002399976000239,0.0002399976000239,0.0002399976000239,BR
,0.3,MPC-Perfect,1.8280605836371115,44.6025097839176,3.771990345592497,3.7719915008404,0.0,62.63641216910316,2.1446671709906293,104,9.99990000099999e-06,41.0,52.0,0.8542072896301218,0.565561801140236,1.182136635779492,0.6036221234912055,1.1567036089791087,9.99990000099999e-06,0.5386035175189042,1.1835124085492037,9.99990000099999e-06,0.0002399976000239,0.0002399976000239,0.0002399976000239,BR
,0.3,CARMA,1.8123789106190344,45.025903590316666,2.9177830559623747,2.9177842155970457,0.0,61.878660406497154,22.47230360053197,104,,,,,,,,,,,,,,,,BR
,0.3,CARMA-Perfect,1.798989781822822,45.42208807785001,2.1638309284383848,2.163832056657664,0.0,62.07187321206701,22.09315473853725,104,9.99990000099999e-06,4.0,52.0,-0.7539521275239898,-0.9050598781263278,-0.5955923863701411,-0.8950232518287782,-0.6075607702088424,9.99990000099999e-06,-0.8855009275858934,-0.6068327817435464,9.99990000099999e-06,0.0002399976000239,0.0002399976000239,0.0002399976000239,BR
,0.3,Oracle,1.762159380534423,46.53120724179233,0.0,0.0,0.0,63.47457612008819,,104,,,,,,,,,,,,,,,,BR
,0.5,ASAP-Local,5.890065986370841,0.0,65.53589310119294,65.67032978287716,0.0392461539281487,0.0,0.0478602692766547,104,9.99990000099999e-06,52.0,52.0,62.87801185403459,46.43760709893839,76.74108201657867,51.5790037244203,73.25863200176576,9.99990000099999e-06,40.53388160867491,80.61579341518882,9.99990000099999e-06,0.0002399976000239,0.0002399976000239,0.0002399976000239,BR
,0.5,Greedy-Spatial,4.151217879442526,26.86172902268468,18.391668162219773,18.39166966754948,0.0,73.49730650042903,0.1659156012339433,104,9.99990000099999e-06,52.0,52.0,15.733786915061446,11.469907255757594,19.145115041915236,12.793700577096953,18.373644450220013,9.99990000099999e-06,10.168398039237136,19.767926605446103,9.99990000099999e-06,0.0002399976000239,0.0002399976000239,0.0002399976000239,BR
,0.5,Forecast-Reserve,3.871755942623359,31.22090005174028,10.672246146355336,11.157132439831583,0.1703138671902835,74.01251059395283,0.6417464473305821,104,9.99990000099999e-06,52.0,52.0,8.014364899197005,6.195651566299335,9.534514051366234,6.715423891175082,9.154893644217257,9.99990000099999e-06,5.624792440439639,9.935789097223958,9.99990000099999e-06,0.0002399976000239,0.0002399976000239,0.0002399976000239,BR
,0.5,MPC,3.72361870986554,33.664777293288886,6.594766582297804,6.73799580001699,0.0468426401086541,45.149546490774064,3.917884224609944,104,9.99990000099999e-06,52.0,52.0,3.936885335139476,2.673705608185575,5.173359988623966,3.0233222965296074,4.833399633687223,9.99990000099999e-06,2.2739231389322985,5.453214044889767,9.99990000099999e-06,0.0002399976000239,0.0002399976000239,0.0002399976000239,BR
,0.5,MPC-Protect,3.698846633871127,33.8905058551287,5.991333991804715,5.993806357575248,0.0007238891994625,60.296029524387485,4.429049976416773,104,9.99990000099999e-06,52.0,52.0,3.333452744646386,2.6386009439016345,4.143832635902212,2.8094882592596644,3.9239555526853698,9.99990000099999e-06,2.536008283307842,4.43129267254186,9.99990000099999e-06,0.0002399976000239,0.0002399976000239,0.0002399976000239,BR
,0.5,MPC+conformal,3.637878391710851,34.88509387574471,4.371662127978274,4.371848610778748,4.944706286782376e-05,45.94443005652853,3.829116522104244,104,9.99990000099999e-06,49.0,52.0,1.7137808808199464,1.2034438143313566,2.294836582174944,1.3085612177080292,2.210943502531435,9.99990000099999e-06,1.088521563873535,2.3195034943979453,9.99990000099999e-06,0.0002399976000239,0.0002399976000239,0.0002399976000239,BR
,0.5,MPC-Perfect,3.6999935244763753,34.03860389367899,5.946643058782329,6.044483278081234,0.0327426360474414,45.30611005489493,3.9317341460838944,104,9.99990000099999e-06,52.0,52.0,3.2887618116240023,2.184162820061058,4.37317437739314,2.494643140866088,4.068744396713887,9.99990000099999e-06,1.8194619439240711,4.603658589957552,9.99990000099999e-06,0.0002399976000239,0.0002399976000239,0.0002399976000239,BR
,0.5,CARMA,3.577126756679151,35.87072714945755,2.657881247158328,2.657882578548029,0.0,45.87407313877886,31.8655741827853,104,,,,,,,,,,,,,,,,BR
,0.5,CARMA-Perfect,3.563218026201417,36.12969818322672,2.254219876241954,2.2542212016141567,0.0,45.742091455858855,31.63680651035653,104,9.99990000099999e-06,4.0,52.0,-0.403661370916374,-0.5151840055119689,-0.2965666178482262,-0.5050666390272174,-0.3007576272467357,9.99990000099999e-06,-0.5064317960214753,-0.3016182288800422,9.99990000099999e-06,0.0002399976000239,0.0002399976000239,0.0002399976000239,BR
,0.5,Oracle,3.4825562962455763,37.49389433260738,0.0,0.0,0.0,46.97715689683059,,104,,,,,,,,,,,,,,,,BR
,0.7,ASAP-Local,8.35731463660641,0.0,40.94012184652584,59.29201032025839,6.386353022766031,0.0,0.0714027502361021,104,9.99990000099999e-06,52.0,52.0,37.655622824483885,28.50937035785744,45.12696470243632,31.361317207278635,43.36791309153718,9.99990000099999e-06,25.19021708196153,47.37371993292881,9.99990000099999e-06,0.0002399976000239,0.0002399976000239,0.0002399976000239,BR
,0.7,Greedy-Spatial,6.734582652254245,17.528527996247366,15.124021113605242,15.131888539927562,0.0025890170091088,70.61871733468563,0.2472791824125733,104,9.99990000099999e-06,52.0,52.0,11.839522091563284,9.262079046946264,13.903713065386778,10.020153966798995,13.409382834123106,9.99990000099999e-06,8.429897325192323,14.42138459552229,9.99990000099999e-06,0.0002399976000239,0.0002399976000239,0.0002399976000239,BR
,0.7,Forecast-Reserve,6.518197449490059,19.94144350631004,11.553716232510512,19.5643424711602,2.903050372115749,70.04818570300912,1.0581932525043702,104,9.99990000099999e-06,52.0,52.0,8.269217210468556,6.7335984895870125,9.579587409660633,7.179689225509743,9.223592709291582,9.99990000099999e-06,6.296638733341745,10.02419300932396,9.99990000099999e-06,0.0002399976000239,0.0002399976000239,0.0002399976000239,BR
,0.7,MPC,6.221386118353879,23.393066398261112,6.663806384572319,15.026296672009634,2.938227953361232,30.464443518018847,6.042538400899508,104,9.99990000099999e-06,52.0,52.0,3.379307362530362,2.325592819535502,4.296107404665721,2.6237757294203528,4.052971698717606,9.99990000099999e-06,2.0274388242931,4.612358740589437,9.99990000099999e-06,0.0002399976000239,0.0002399976000239,0.0002399976000239,BR
,0.7,MPC-Protect,6.222707146656761,23.301181588092547,6.736717541196772,10.233079165014251,1.221000641628369,42.69352516781007,7.62530993195115,104,9.99990000099999e-06,52.0,52.0,3.452218519154815,2.624267010755975,4.285692717453147,2.8218310300218303,4.067674121829384,9.99990000099999e-06,2.467754803961669,4.587688392439512,9.99990000099999e-06,0.0002399976000239,0.0002399976000239,0.0002399976000239,BR
,0.7,MPC+conformal,6.116277678679718,24.496631271026875,5.010241090186012,8.381822206725584,1.1735447857834869,31.472445177074498,6.186910024083064,104,9.99990000099999e-06,48.0,52.0,1.7257420681440552,1.165278476674496,2.3602873164285048,1.2872120203309685,2.1850377908514726,9.99990000099999e-06,1.0993348129061642,2.547224527281432,9.99990000099999e-06,0.0002399976000239,0.0002399976000239,0.0002399976000239,BR
,0.7,MPC-Perfect,6.203074651886106,23.6004995218112,6.365097738316393,14.07340157569196,2.706967436735049,30.463668095502666,5.896990067959716,104,9.99990000099999e-06,52.0,52.0,3.080598716274437,2.0847937107560406,3.954344482273729,2.35867076555329,3.722501809746632,9.99990000099999e-06,1.805107132600684,4.254318553446221,9.99990000099999e-06,0.0002399976000239,0.0002399976000239,0.0002399976000239,BR
,0.7,CARMA,6.00678970856576,25.663082305633846,3.284499022041957,3.3054692571665707,0.0086077059159191,31.06761415507153,40.83071786204831,104,,,,,,,,,,,,,,,,BR
,0.7,CARMA-Perfect,5.999137251535184,25.79739867827755,3.120241715247812,3.132644054744713,0.0045385908519364,30.816409188848542,40.600719451619184,104,0.0478895211047889,14.0,52.0,-0.1642573067941458,-0.3114076636145963,0.0131133740009847,-0.2959013031274711,-0.0188482912699935,0.0213597864021359,-0.3184016273188198,0.0577799484376755,0.0962690373096269,0.0478895211047889,0.0213597864021359,0.0962690373096269,BR
,0.7,Oracle,5.8075327289142304,27.955689562688853,0.0,0.0,0.0,32.62344340115142,,104,,,,,,,,,,,,,,,,BR
,0.3,ASAP-Local,5.200006797709203,0.0,206.5420173117234,206.542239588739,4.730541819644522e-05,0.0,0.0330469468554017,104,9.99990000099999e-06,52.0,52.0,202.92762891589743,183.27992225666665,220.08756106584931,187.4092168586451,217.4474183105849,9.99990000099999e-06,178.71921310933212,220.65996200806444,9.99990000099999e-06,0.0002399976000239,0.0002399976000239,0.0002399976000239,GLOBAL
,0.3,Greedy-Spatial,1.9331404720194325,62.466072689363045,12.657109434171431,12.657109071352208,0.0,82.96530617067046,0.1031453010928223,104,9.99990000099999e-06,52.0,52.0,9.042721038345409,7.859567182297924,10.366566830394854,8.07479956350027,10.080626546144783,9.99990000099999e-06,7.852253921966128,10.665815203677946,9.99990000099999e-06,0.0002399976000239,0.0002399976000239,0.0002399976000239,GLOBAL
,0.3,Forecast-Reserve,1.892584820325017,63.25603843712046,10.244535354988257,10.244535056614485,0.0,82.83482072067521,0.3682963636563003,104,9.99990000099999e-06,52.0,52.0,6.630146959162232,5.799182628410692,7.598211702632431,5.950797471484565,7.381195195616497,9.99990000099999e-06,5.8455701414862045,7.7622938295892,9.99990000099999e-06,0.0002399976000239,0.0002399976000239,0.0002399976000239,GLOBAL
,0.3,MPC,1.8363077665789145,64.3545853577273,6.892327032313779,6.892326765040379,0.0,66.96076311205825,2.126894968867663,104,9.99990000099999e-06,52.0,52.0,3.277938636487756,2.7012697252011,4.027431010389782,2.7626261378235704,3.861742421601655,9.99990000099999e-06,2.773655403430392,4.1520317652407455,9.99990000099999e-06,0.0002399976000239,0.0002399976000239,0.0002399976000239,GLOBAL
,0.3,MPC-Protect,1.8718879082962976,63.66476550857361,8.968285851279134,8.968285555529908,0.0,80.04159072417458,1.6222502290915175,104,9.99990000099999e-06,52.0,52.0,5.35389745545311,4.497371917242523,6.788791250606211,4.563034289771093,6.412360723006014,9.99990000099999e-06,4.57487134316923,7.0812683125750535,9.99990000099999e-06,0.0002399976000239,0.0002399976000239,0.0002399976000239,GLOBAL
,0.3,MPC+conformal,1.8129487261945485,64.81248722483897,5.493573199889686,5.493572934498714,0.0,67.53126070413256,2.092626125139281,104,9.99990000099999e-06,49.0,52.0,1.8791848040636607,1.3387283282017428,2.600270502109593,1.3943436440359973,2.4173727154427223,9.99990000099999e-06,1.4301425799509588,2.76972199856335,9.99990000099999e-06,0.0002399976000239,0.0002399976000239,0.0002399976000239,GLOBAL
,0.3,MPC-Perfect,1.8282271033778037,64.51628883002095,6.429525833681085,6.429525563353258,0.0,66.87982598288917,2.133509576763032,104,9.99990000099999e-06,51.0,52.0,2.81513743785506,2.2808046604654213,3.536011123457214,2.3203889533831448,3.391078709684135,9.99990000099999e-06,2.354429146581168,3.632752105582098,9.99990000099999e-06,0.0002399976000239,0.0002399976000239,0.0002399976000239,GLOBAL
,0.3,CARMA,1.7819252770801992,65.4357850828944,3.614388395826024,3.61438812581006,0.0,67.83794079021119,22.60597708955621,104,,,,,,,,,,,,,,,,GLOBAL
,0.3,CARMA-Perfect,1.765315639880265,65.76182561642989,2.6444917264505863,2.6444914645498443,0.0,67.83819857059493,22.80198136249438,104,9.99990000099999e-06,3.0,52.0,-0.9698966693754384,-1.1438131116497328,-0.8345783847254663,-1.1298030749979715,-0.8208190776648997,9.99990000099999e-06,-1.167073358708532,-0.8342835111802734,9.99990000099999e-06,0.0002399976000239,0.0002399976000239,0.0002399976000239,GLOBAL
,0.3,Oracle,1.7213317502059613,66.63243320326015,0.0,0.0,0.0,69.1227675755897,,104,,,,,,,,,,,,,,,,GLOBAL
,0.5,ASAP-Local,8.800633351209033,0.0,133.38268010501318,133.58049964823556,0.0366687905191222,0.0,0.0501254257469272,104,9.99990000099999e-06,52.0,52.0,129.39418765987674,109.84725370461044,145.4391928466496,115.10197812279162,142.41222501655457,9.99990000099999e-06,103.73016083434707,145.98598717206664,9.99990000099999e-06,0.0002399976000239,0.0002399976000239,0.0002399976000239,GLOBAL
,0.5,Greedy-Spatial,4.481965706925824,48.57276004786833,17.26566034829298,17.265658510618746,0.0,79.25992273763059,0.1669680621303214,104,9.99990000099999e-06,52.0,52.0,13.277167903156522,11.8310273460094,14.590653669264428,12.12688469462933,14.382958117754312,9.99990000099999e-06,11.462495628759736,14.567367255834936,9.99990000099999e-06,0.0002399976000239,0.0002399976000239,0.0002399976000239,GLOBAL
,0.5,Forecast-Reserve,4.340728333560393,50.15106048660429,13.428217258355044,13.44230991473117,0.0026302410967545,78.8056809894768,0.6559902349590346,104,9.99990000099999e-06,52.0,52.0,9.439724813218586,8.72433055120489,10.26801351929246,8.844670589210464,10.107959277618878,9.99990000099999e-06,8.498111452246473,10.38535473016003,9.99990000099999e-06,0.0002399976000239,0.0002399976000239,0.0002399976000239,GLOBAL
,0.5,MPC,4.176923398081099,52.03935554669032,9.166377267857696,9.170118666806488,0.0005988990670255,50.558817929245606,4.106611216683437,104,9.99990000099999e-06,52.0,52.0,5.177884822721236,4.302853038158162,6.222057718983352,4.498171064261548,5.93189490059309,9.99990000099999e-06,4.02133825850749,6.368636646999799,9.99990000099999e-06,0.0002399976000239,0.0002399976000239,0.0002399976000239,GLOBAL
,0.5,MPC-Protect,4.089492311478633,52.99867754331479,6.822455622163589,6.822453966065895,0.0,62.79465527514877,4.988970173282218,104,9.99990000099999e-06,52.0,52.0,2.833963177027128,2.40044034258876,3.2967446778126765,2.466095303691483,3.211401226557587,9.99990000099999e-06,2.296617720062768,3.354017551998321,9.99990000099999e-06,0.0002399976000239,0.0002399976000239,0.0002399976000239,GLOBAL
,0.5,MPC+conformal,4.104437846675792,52.83869801200566,7.196130826784174,7.196129159864112,0.0,51.13380962058823,4.296576599523539,104,9.99990000099999e-06,52.0,52.0,3.2076383816477128,2.6645213304015285,3.878896981165306,2.753698549444328,3.720264874424568,9.99990000099999e-06,2.526528140507281,4.001526769225014,9.99990000099999e-06,0.0002399976000239,0.0002399976000239,0.0002399976000239,GLOBAL
,0.5,MPC-Perfect,4.163859108397208,52.19362175928201,8.823360034353492,8.82391558860527,0.0001122499531299,50.542504455931805,4.211203533972787,104,9.99990000099999e-06,52.0,52.0,4.834867589217031,3.930751920588252,5.876287377595772,4.128404743032166,5.6035358093073295,9.99990000099999e-06,3.6461550927999298,6.036238715928361,9.99990000099999e-06,0.0002399976000239,0.0002399976000239,0.0002399976000239,GLOBAL
,0.5,CARMA,3.9822907493230746,54.21133838232589,3.988492445136461,3.988490833840243,0.0,50.17946282523778,33.27894392709215,104,,,,,,,,,,,,,,,,GLOBAL
,0.5,CARMA-Perfect,3.958013008241561,54.50454914797969,3.351463947419608,3.3514623412240536,0.0,50.10715796893486,33.419075154746096,104,9.99990000099999e-06,6.0,52.0,-0.6370284977168521,-0.8078750656340062,-0.4763713725515432,-0.8040450315372651,-0.4902754175437114,9.99990000099999e-06,-0.8120198844273032,-0.5056534852939041,9.99990000099999e-06,0.0002399976000239,0.0002399976000239,0.0002399976000239,GLOBAL
,0.5,Oracle,3.830145341735192,55.98737187797721,0.0,0.0,0.0,52.02272529927232,,104,,,,,,,,,,,,,,,,GLOBAL
,0.7,ASAP-Local,12.53835900586847,0.0,77.82219708482948,100.67079206403815,5.867409164145976,0.0,0.0780995592654467,104,9.99990000099999e-06,52.0,52.0,71.8114385094792,59.02380083490311,81.93822089624146,62.86848907123067,79.70985666638315,9.99990000099999e-06,54.758301688652885,82.15531309924177,9.99990000099999e-06,0.0002399976000239,0.0002399976000239,0.0002399976000239,GLOBAL
,0.7,Greedy-Spatial,8.497707958367435,31.69127481361845,19.722361997555883,19.722361782580204,0.0,74.88710703641655,0.2298791451886453,104,9.99990000099999e-06,52.0,52.0,13.711603422205608,11.773484083261476,15.295133150480403,12.304613855197957,14.883059769395084,9.99990000099999e-06,11.116828434275453,15.41309607329874,9.99990000099999e-06,0.0002399976000239,0.0002399976000239,0.0002399976000239,GLOBAL
,0.7,Forecast-Reserve,8.336726956824727,32.9542267442188,17.33881563756812,19.76995475726167,0.6303094834552491,74.10048948969656,1.028046535549928,104,9.99990000099999e-06,52.0,52.0,11.328057062217844,10.111549267220584,12.403747368382207,10.418146404189152,12.138953679516732,9.99990000099999e-06,9.72437529808144,12.597580846463323,9.99990000099999e-06,0.0002399976000239,0.0002399976000239,0.0002399976000239,GLOBAL
,0.7,MPC,8.037843933467322,35.37277183742889,13.132859309582225,14.9601782192323,0.4685168722240053,34.26878086723253,6.2286091443103135,104,9.99990000099999e-06,52.0,52.0,7.122100734231948,5.8875751339210245,8.337437756996481,6.186842966123961,8.001907058710538,9.99990000099999e-06,5.453164021403239,8.60783883036353,9.99990000099999e-06,0.0002399976000239,0.0002399976000239,0.0002399976000239,GLOBAL
,0.7,MPC-Protect,7.868548255522392,36.70262964257847,10.7011067388066,11.160963401218394,0.1191440827116235,46.07781191215125,8.276129338346552,104,9.99990000099999e-06,52.0,52.0,4.690348163456323,3.821045988158011,5.586635514411278,4.029331923270751,5.328240250668983,9.99990000099999e-06,3.5467842888560286,5.847485812124747,9.99990000099999e-06,0.0002399976000239,0.0002399976000239,0.0002399976000239,GLOBAL
,0.7,MPC+conformal,7.941132875611258,36.151245312897295,11.73174832979325,12.547066897020954,0.1981941470492098,34.796378894061114,6.452113237172669,104,9.99990000099999e-06,52.0,52.0,5.720989754442976,4.639590766058497,6.851065632025523,4.884075239955116,6.5472892594734295,9.99990000099999e-06,4.2913181636611695,7.125318028502522,9.99990000099999e-06,0.0002399976000239,0.0002399976000239,0.0002399976000239,GLOBAL
,0.7,MPC-Perfect,8.031818820478673,35.42943496795917,13.03699791320622,15.163005022603064,0.5393619370805173,34.29416901934511,6.1973622326677935,104,9.99990000099999e-06,52.0,52.0,7.026239337855945,5.791102838294919,8.175775767781461,6.092734185253491,7.875542893085928,9.99990000099999e-06,5.363116664730016,8.423626936888292,9.99990000099999e-06,0.0002399976000239,0.0002399976000239,0.0002399976000239,GLOBAL
,0.7,CARMA,7.539624623114756,39.29062189677984,6.010758575350274,6.010758373723888,0.0,33.21663894621884,43.572676161728026,104,,,,,,,,,,,,,,,,GLOBAL
,0.7,CARMA-Perfect,7.5188764136983135,39.48290019015284,5.715014638144935,5.715014438617559,0.0,33.19774561982328,43.78452091345344,104,0.0053399466005339,17.0,52.0,-0.2957439372053388,-0.4997353987069072,-0.0901856738174751,-0.4792912747147708,-0.1065335012620609,0.0020299797002029,-0.5561204802039881,-0.1077490885054036,0.0127298727012729,0.0053399466005339,0.0020299797002029,0.0127298727012729,GLOBAL
,0.7,Oracle,7.117830882516153,42.63263511777488,0.0,0.0,0.0,36.643193333603605,,104,,,,,,,,,,,,,,,,GLOBAL
