kind,val,policy,week,emis,oracle,late,gap
sigma,0.0,CARMA,0,4.267446159719499,4.23359720582803,0.0,0.7995317515060663
sigma,25.0,CARMA,0,4.280794724252022,4.23359720582803,0.0,1.1148325201797649
sigma,50.0,CARMA,0,4.312821478955394,4.23359720582803,0.0,1.8713228792361924
sigma,100.0,CARMA,0,4.376636167596418,4.23359720582803,0.0,3.3786625135588944
sigma,200.0,CARMA,0,4.428113692672091,4.23359720582803,0.0,4.59459125153161
scale,0.0,CARMA,0,4.456175630031186,4.23359720582803,0.0,5.25743034544599
scale,0.5,CARMA,0,4.430874968367791,4.23359720582803,0.0,4.659814170988819
scale,1.0,CARMA,0,4.371962804407632,4.23359720582803,0.0,3.26827498820923
scale,1.5,CARMA,0,4.334713294986215,4.23359720582803,0.0,2.38842016002343
scale,2.0,CARMA,0,4.319971410943125,4.23359720582803,0.0,2.0402083834567764
scale,3.0,CARMA,0,4.319850327102388,4.23359720582803,0.0,2.037348313524512
shift,12.0,CARMA,0,4.417879544947341,4.23359720582803,0.0,4.352854798411743
sigma,0.0,CARMA,1,1.8463952520214282,1.8133070365,0.0,1.824744230039177
sigma,25.0,CARMA,1,1.866966009361813,1.8133070365,0.0,2.959177446605188
sigma,50.0,CARMA,1,1.9338910352366916,1.8133070365,0.0,6.649949308609093
sigma,100.0,CARMA,1,1.9979030534708215,1.8133070365,0.0,10.180075037216207
sigma,200.0,CARMA,1,2.1414885110205697,1.8133070365,0.0,18.098505543441632
scale,0.0,CARMA,1,2.3333630519901134,1.8133070365,0.0,28.679975592766272
scale,0.5,CARMA,1,2.0539578658672557,1.8133070365,0.0,13.2713779036425
scale,1.0,CARMA,1,1.9546228407392114,1.8133070365,0.0,7.79326398644411
scale,1.5,CARMA,1,2.0076666313107707,1.8133070365,0.0,10.718515447109223
scale,2.0,CARMA,1,2.1482921658735865,1.8133070365,0.0,18.47371253906158
scale,3.0,CARMA,1,2.5991662872078187,1.8133070365,0.0,43.338454817043285
shift,12.0,CARMA,1,2.025492558875907,1.8133070365,0.0,11.70157717942033
sigma,0.0,CARMA,2,3.44857022415913,3.3716353783,0.0,2.2818257974835054
sigma,25.0,CARMA,2,3.4596369788272345,3.3716353783,0.0,2.6100568612376307
sigma,50.0,CARMA,2,3.474532733894059,3.3716353783,0.0,3.0518530045185344
sigma,100.0,CARMA,2,3.6185613326063275,3.3716353783,0.0,7.323625677187806
sigma,200.0,CARMA,2,3.674192604866583,3.3716353783,0.0,8.973604575211635
scale,0.0,CARMA,2,4.04398141175624,3.3716353783,0.0,19.941243877777826
scale,0.5,CARMA,2,3.7293112742772876,3.3716353783,0.0,10.608380084018165
scale,1.0,CARMA,2,3.6078062736241896,3.3716353783,0.0,7.004639257382217
scale,1.5,CARMA,2,3.7240795515761222,3.3716353783,0.0,10.453211386511985
scale,2.0,CARMA,2,3.902934462457355,3.3716353783,0.0,15.757904534304634
scale,3.0,CARMA,2,4.369532799840007,3.3716353783,0.0,29.59683683361851
shift,12.0,CARMA,2,3.766738615595871,3.3716353783,0.0,11.71844499671504
sigma,0.0,CARMA,3,1.5141334977877967,1.4395997741,0.0,5.177392010525517
sigma,25.0,CARMA,3,1.5056128483834426,1.4395997741,0.0,4.585515743409463
sigma,50.0,CARMA,3,1.5548063826314873,1.4395997741,0.0,8.002683148759981
sigma,100.0,CARMA,3,1.5923882462129686,1.4395997741,0.0,10.613260356232557
sigma,200.0,CARMA,3,1.6977200590690447,1.4395997741,0.0,17.93000315871922
scale,0.0,CARMA,3,1.95052820706875,1.4395997741,0.0,35.4910053586365
scale,0.5,CARMA,3,1.6324517426516785,1.4395997741,0.0,13.396221090146021
scale,1.0,CARMA,3,1.5933679948586505,1.4395997741,0.0,10.681317372030176
scale,1.5,CARMA,3,1.7231875183850964,1.4395997741,0.0,19.699068406869415
scale,2.0,CARMA,3,1.856290572466254,1.4395997741,0.0,28.944905789996955
scale,3.0,CARMA,3,2.13610019412845,1.4395997741,0.0,48.38153162839192
shift,12.0,CARMA,3,1.67008114834922,1.4395997741,0.0,16.010100751322433
sigma,0.0,CARMA,4,3.2682257514629542,3.1571331854,0.0,3.518779840416486
sigma,25.0,CARMA,4,3.28436538359542,3.1571331854,0.0,4.029991474030892
sigma,50.0,CARMA,4,3.320202473124286,3.1571331854,0.0,5.165106384437346
sigma,100.0,CARMA,4,3.352288151668466,3.1571331854,0.0,6.1813979584690815
sigma,200.0,CARMA,4,3.4933864140614,3.1571331854,0.0,10.65058738150122
scale,0.0,CARMA,4,3.78035286630456,3.1571331854,0.0,19.74005036552169
scale,0.5,CARMA,4,3.634784007557641,3.1571331854,0.0,15.129257909248572
scale,1.0,CARMA,4,3.3818450041427197,3.1571331854,0.0,7.117590723821454
scale,1.5,CARMA,4,3.4291321472327767,3.1571331854,0.0,8.615378125022467
scale,2.0,CARMA,4,3.5375644940182127,3.1571331854,0.0,12.049897368204077
scale,3.0,CARMA,4,3.9374907274749553,3.1571331854,0.0,24.717282935153897
shift,12.0,CARMA,4,3.56290934580266,3.1571331854,0.0,12.852677938300182
sigma,0.0,CARMA,5,3.5692463708088202,3.5270201673,0.0,1.197220358996276
sigma,25.0,CARMA,5,3.5968187667461478,3.5270201673,0.0,1.978967971129575
sigma,50.0,CARMA,5,3.6403631399957064,3.5270201673,0.0,3.213561797761777
sigma,100.0,CARMA,5,3.7290343029317334,3.5270201673,0.0,5.727614985155571
sigma,200.0,CARMA,5,3.893335781642203,3.5270201673,0.0,10.385980146595664
scale,0.0,CARMA,5,4.087210347485546,3.5270201673,0.0,15.882817608451095
scale,0.5,CARMA,5,3.9349013220201683,3.5270201673,0.0,11.564469024071645
scale,1.0,CARMA,5,3.926062747877947,3.5270201673,0.0,11.313872947979808
scale,1.5,CARMA,5,4.038010687206288,3.5270201673,0.0,14.487881998629494
scale,2.0,CARMA,5,4.034777814901249,3.5270201673,0.0,14.396221839296896
scale,3.0,CARMA,5,4.2433954884830385,3.5270201673,0.0,20.311063935067807
shift,12.0,CARMA,5,4.010033371623081,3.5270201673,0.0,13.694653883786456
sigma,0.0,CARMA,6,3.0823680582966264,3.0570044366,0.0,0.8296887434300126
sigma,25.0,CARMA,6,3.1099304069274263,3.0570044366,0.0,1.731301717909517
sigma,50.0,CARMA,6,3.1525452998196246,3.0570044366,0.0,3.1253099300662113
sigma,100.0,CARMA,6,3.271511258314765,3.0570044366,0.0,7.016895989635508
sigma,200.0,CARMA,6,3.390405528301315,3.0570044366,0.0,10.90613699181031
scale,0.0,CARMA,6,3.434285894311655,3.0570044366,0.0,12.341541058778027
scale,0.5,CARMA,6,3.3208071279025977,3.0570044366,0.0,8.629450717971432
scale,1.0,CARMA,6,3.283007503804588,3.0570044366,0.0,7.392958430114294
scale,1.5,CARMA,6,3.4068386183885258,3.0570044366,0.0,11.443692315265697
scale,2.0,CARMA,6,3.545938126506643,3.0570044366,0.0,15.993882248022985
scale,3.0,CARMA,6,3.8047921830571974,3.0570044366,0.0,24.46145440629084
shift,12.0,CARMA,6,3.482106232891917,3.0570044366,0.0,13.90582856872511
sigma,0.0,CARMA,7,3.1775911156304057,3.1451486931,0.0,1.0315067965333435
sigma,25.0,CARMA,7,3.178028922737063,3.1451486931,0.0,1.0454268731140637
sigma,50.0,CARMA,7,3.226270474680587,3.1451486931,0.0,2.5792669757889852
sigma,100.0,CARMA,7,3.349203151275774,3.1451486931,0.0,6.487911322712336
sigma,200.0,CARMA,7,3.5608882073080457,3.1451486931,0.0,13.21843749772842
scale,0.0,CARMA,7,3.540694491126369,3.1451486931,0.0,12.576378309049097
scale,0.5,CARMA,7,3.4156330118141045,3.1451486931,0.0,8.60004868156179
scale,1.0,CARMA,7,3.3437910788996135,3.1451486931,0.0,6.315834486153427
scale,1.5,CARMA,7,3.5047599749957117,3.1451486931,0.0,11.43384039949038
scale,2.0,CARMA,7,3.7146448075915743,3.1451486931,0.0,18.107128471889624
scale,3.0,CARMA,7,4.003011722325756,3.1451486931,0.0,27.275754278574603
shift,12.0,CARMA,7,3.4366470394778865,3.1451486931,0.0,9.268189673111227
sigma,0.0,CARMA,8,1.6426385648409736,1.6100809796000002,0.0,2.0221085556244356
sigma,25.0,CARMA,8,1.676716476295073,1.6100809796000002,0.0,4.138642561421202
sigma,50.0,CARMA,8,1.7080372420291883,1.6100809796000002,0.0,6.083933893407267
sigma,100.0,CARMA,8,1.7942125914588236,1.6100809796000002,0.0,11.436170862944305
sigma,200.0,CARMA,8,1.9321797432892207,1.6100809796000002,0.0,20.005128174934473
scale,0.0,CARMA,8,1.971632907528419,1.6100809796000002,0.0,22.45551202140408
scale,0.5,CARMA,8,1.7852069890153386,1.6100809796000002,0.0,10.876844806827402
scale,1.0,CARMA,8,1.7770838905669095,1.6100809796000002,0.0,10.372329906561518
scale,1.5,CARMA,8,1.8677487228029532,1.6100809796000002,0.0,16.00340271499676
scale,2.0,CARMA,8,1.9685041434478032,1.6100809796000002,0.0,22.261188622751614
scale,3.0,CARMA,8,2.2144988073428413,1.6100809796000002,0.0,37.539591821834904
shift,12.0,CARMA,8,1.816185285464614,1.6100809796000002,0.0,12.80086582451383
sigma,0.0,CARMA,9,1.194164009585927,1.1539727969,0.0,3.4828561638450717
sigma,25.0,CARMA,9,1.2023098397674987,1.1539727969,0.0,4.188750635833882
sigma,50.0,CARMA,9,1.2247764106528005,1.1539727969,0.0,6.1356397605736746
sigma,100.0,CARMA,9,1.3109784824848167,1.1539727969,0.0,13.605666095993985
sigma,200.0,CARMA,9,1.4624774740968352,1.1539727969,0.0,26.73413775659126
scale,0.0,CARMA,9,1.5261257477563472,1.1539727969,0.0,32.24971609868867
scale,0.5,CARMA,9,1.319814143860677,1.1539727969,0.0,14.371339376992974
scale,1.0,CARMA,9,1.27539209357217,1.1539727969,0.0,10.521850861506232
scale,1.5,CARMA,9,1.3611164245383331,1.1539727969,0.0,17.950477532468522
scale,2.0,CARMA,9,1.4765846646132388,1.1539727969,0.0,27.956626757571247
scale,3.0,CARMA,9,1.6672984184791229,1.1539727969,0.0,44.483338165172206
shift,12.0,CARMA,9,1.3348367259270275,1.1539727969,0.0,15.673153605777813
sigma,0.0,CARMA,10,2.359980464031686,2.3155021884,0.0,1.9208911075320634
sigma,25.0,CARMA,10,2.383026216542125,2.3155021884,0.0,2.916172071890122
sigma,50.0,CARMA,10,2.4410169333607534,2.3155021884,0.0,5.420627352007967
sigma,100.0,CARMA,10,2.4695525571988,2.3155021884,0.0,6.653000354331273
sigma,200.0,CARMA,10,2.7520452234531,2.3155021884,0.0,18.85306078482909
scale,0.0,CARMA,10,2.8837534014170045,2.3155021884,0.0,24.54116501654715
scale,0.5,CARMA,10,2.5079398377497215,2.3155021884,0.0,8.310838586712578
scale,1.0,CARMA,10,2.4823972937892607,2.3155021884,0.0,7.207728251148149
scale,1.5,CARMA,10,2.615221006752444,2.3155021884,0.0,12.94400928895465
scale,2.0,CARMA,10,2.743051185606177,2.3155021884,0.0,18.464633691476283
scale,3.0,CARMA,10,3.2846884143243655,2.3155021884,0.0,41.856415890242296
shift,12.0,CARMA,10,2.4593281841299515,2.3155021884,0.0,6.21143855749644
sigma,0.0,CARMA,11,5.119849893619625,5.0003384332,0.0,2.3900674327586025
sigma,25.0,CARMA,11,5.1176332653051935,5.0003384332,0.0,2.3457378669893503
sigma,50.0,CARMA,11,5.182927353058657,5.0003384332,0.0,3.651531237292849
sigma,100.0,CARMA,11,5.235562927049443,5.0003384332,0.0,4.704171467428253
sigma,200.0,CARMA,11,5.357135775949732,5.0003384332,0.0,7.13546387941979
scale,0.0,CARMA,11,5.811839775570094,5.0003384332,0.0,16.228928365770013
scale,0.5,CARMA,11,5.612957966387124,5.0003384332,0.0,12.251561396716792
scale,1.0,CARMA,11,5.206683409013775,5.0003384332,0.0,4.126620199219655
scale,1.5,CARMA,11,5.199893362572293,5.0003384332,0.0,3.9908284616764877
scale,2.0,CARMA,11,5.349011281347204,5.0003384332,0.0,6.972984985019681
scale,3.0,CARMA,11,5.858269221739863,5.0003384332,0.0,17.157454440355234
shift,12.0,CARMA,11,5.448734110961385,5.0003384332,0.0,8.967306588374901
sigma,0.0,CARMA,12,2.758734890140464,2.7221199436,0.0,1.3450893898540262
sigma,25.0,CARMA,12,2.775648846083801,2.7221199436,0.0,1.9664417289786629
sigma,50.0,CARMA,12,2.8189150196906962,2.7221199436,0.0,3.555871089305662
sigma,100.0,CARMA,12,2.87881335274266,2.7221199436,0.0,5.75630069171138
sigma,200.0,CARMA,12,3.100403942373969,2.7221199436,0.0,13.896669015755748
scale,0.0,CARMA,12,3.2755459240107974,2.7221199436,0.0,20.330697833942324
scale,0.5,CARMA,12,2.9901325128920426,2.7221199436,0.0,9.845729609460063
scale,1.0,CARMA,12,2.9315586497550408,2.7221199436,0.0,7.693955832014443
scale,1.5,CARMA,12,3.099658845854196,2.7221199436,0.0,13.869297094781974
scale,2.0,CARMA,12,3.3502420158207573,2.7221199436,0.0,23.07473899882848
scale,3.0,CARMA,12,3.8659903015100223,2.7221199436,0.0,42.02130624697071
shift,12.0,CARMA,12,2.999445608672487,2.7221199436,0.0,10.187856186297362
sigma,0.0,MPC,0,4.391015598228118,4.23359720582803,0.0,3.718312932165202
sigma,25.0,MPC,0,4.419784487612802,4.23359720582803,0.0,4.397850639367951
sigma,50.0,MPC,0,4.450198344930788,4.23359720582803,0.0,5.116243434887524
sigma,100.0,MPC,0,4.501998417859273,4.23359720582803,0.0,6.3397909385843
sigma,200.0,MPC,0,4.527944414825791,4.23359720582803,0.0,6.952650303920249
sigma,0.0,MPC,1,2.2817534754063407,1.8133070365,0.0,25.833817962264384
sigma,25.0,MPC,1,2.290512076268006,1.8133070365,0.0,26.316836043888927
sigma,50.0,MPC,1,2.287711631412417,1.8133070365,0.0,26.16239750704883
sigma,100.0,MPC,1,2.3439896030717833,1.8133070365,0.0,29.266007128946757
sigma,200.0,MPC,1,2.442278187761342,1.8133070365,0.0,34.686412096837536
sigma,0.0,MPC,2,3.985844066151132,3.3716353783,0.0,18.21693685515957
sigma,25.0,MPC,2,4.0130297522194365,3.3716353783,0.0,19.02324249079481
sigma,50.0,MPC,2,3.996179411890824,3.3716353783,0.0,18.52347491696218
sigma,100.0,MPC,2,4.1437100320950275,3.3716353783,0.0,22.899114737143144
sigma,200.0,MPC,2,4.175047501063817,3.3716353783,0.0,23.828558922314503
sigma,0.0,MPC,3,2.020290800533309,1.4395997741,0.0,40.33697676816752
sigma,25.0,MPC,3,2.0142626169715614,1.4395997741,0.0,39.918236527289366
sigma,50.0,MPC,3,2.0796163060657755,1.4395997741,0.0,44.45794890221466
sigma,100.0,MPC,3,2.1047090034387397,1.4395997741,0.0,46.200981780130434
sigma,200.0,MPC,3,2.1417213779940374,1.4395997741,0.0,48.77200014378895
sigma,0.0,MPC,4,3.763717150865687,3.1571331854,0.0,19.213125637866746
sigma,25.0,MPC,4,3.779086872106329,3.1571331854,7.556774386126671e-05,19.699950878934146
sigma,50.0,MPC,4,3.8246396821165494,3.1571331854,0.0,21.14280448488517
sigma,100.0,MPC,4,3.8628247591699427,3.1571331854,0.0,22.35229026869621
sigma,200.0,MPC,4,3.9350689855702528,3.1571331854,0.0,24.640575943003505
sigma,0.0,MPC,5,3.903276587905003,3.5270201673,0.0,10.667827309108757
sigma,25.0,MPC,5,3.905330933324944,3.5270201673,0.0,10.726073231232714
sigma,50.0,MPC,5,3.992817854569593,3.5270201673,0.0,13.206550152112406
sigma,100.0,MPC,5,4.060729933742459,3.5270201673,0.0,15.132030471235547
sigma,200.0,MPC,5,4.202374136526636,3.5270201673,0.0,19.148004184609825
sigma,0.0,MPC,6,3.3586787277993078,3.0570044366,0.0,9.868297460988629
sigma,25.0,MPC,6,3.3860800569663407,3.0570044366,0.0,10.764643205174362
sigma,50.0,MPC,6,3.432827924953158,3.0570044366,0.0,12.29384831286502
sigma,100.0,MPC,6,3.539347615026886,3.0570044366,0.0,15.778295008408548
sigma,200.0,MPC,6,3.6188793957341066,3.0570044366,0.0,18.37991964967587
sigma,0.0,MPC,7,3.573987340660355,3.1451486931,0.0,13.634924431431973
sigma,25.0,MPC,7,3.5727665520528293,3.1451486931,0.0,13.596109458702577
sigma,50.0,MPC,7,3.5880404559377927,3.1451486931,0.0,14.081743219626897
sigma,100.0,MPC,7,3.75749049880479,3.1451486931,0.0,19.469407187271592
sigma,200.0,MPC,7,3.8897458207546194,3.1451486931,0.0,23.674465035251192
sigma,0.0,MPC,8,1.9433529563616883,1.6100809796000002,0.0,20.69908166013392
sigma,25.0,MPC,8,1.9436801206758567,1.6100809796000002,0.0,20.719401402948947
sigma,50.0,MPC,8,1.9730821115596946,1.6100809796000002,0.0,22.545520166934494
sigma,100.0,MPC,8,2.058606442403152,1.6100809796000002,0.0,27.857323233181795
sigma,200.0,MPC,8,2.145597718783664,1.6100809796000002,0.0,33.26023634641686
sigma,0.0,MPC,9,1.5621486325364569,1.1539727969,0.0,35.37135682339905
sigma,25.0,MPC,9,1.5572033429819163,1.1539727969,0.0,34.94281209792322
sigma,50.0,MPC,9,1.5508241351018093,1.1539727969,0.0,34.390008089263425
sigma,100.0,MPC,9,1.643828823987724,1.1539727969,0.0,42.449529867918834
sigma,200.0,MPC,9,1.7582323192512461,1.1539727969,0.0,52.36341133642941
sigma,0.0,MPC,10,2.799403009937754,2.3155021884,0.0,20.898309833692142
sigma,25.0,MPC,10,2.800052589095364,2.3155021884,0.0,20.926363322946617
sigma,50.0,MPC,10,2.8533574378979143,2.3155021884,0.0,23.228449197431743
sigma,100.0,MPC,10,2.957487867386076,2.3155021884,0.0,27.72554835846148
sigma,200.0,MPC,10,3.1315521800044777,2.3155021884,0.0,35.242894422326756
sigma,0.0,MPC,11,5.833087543766098,5.0003384332,0.0,16.653854967836157
sigma,25.0,MPC,11,5.8391500378998495,5.0003384332,0.0,16.775096644069485
sigma,50.0,MPC,11,5.768849161762344,5.0003384332,0.0,15.369174283480081
sigma,100.0,MPC,11,5.803968665985676,5.0003384332,8.483405270822897e-06,16.071516828739686
sigma,200.0,MPC,11,5.9780977973848355,5.0003384332,0.0,19.553863748360566
sigma,0.0,MPC,12,3.251517834420516,2.7221199436,0.0,19.44800015389432
sigma,25.0,MPC,12,3.2559273764430507,2.7221199436,0.0,19.60998941645058
sigma,50.0,MPC,12,3.2777739816611664,2.7221199436,0.0,20.4125479249204
sigma,100.0,MPC,12,3.411824960993381,2.7221199436,0.0,25.337054636955013
sigma,200.0,MPC,12,3.593121867871493,2.7221199436,0.0,31.99719124498217
