experiment,policy,emis,red,gap,gap_adj,late,mig,ms,n,p_raw,wins,weeks,dgap,dgap_lo,dgap_hi,p
urgent=0.1,ASAP-Local,6.071100349440174,0.0,173.97072034574396,173.9804307084372,0.0007685333090468711,0.0,0.044055799173364836,52,2.9802322387695312e-08,26.0,26.0,162.0503628606523,140.9014150242488,185.6646958233114,1.6391277313232422e-06
urgent=0.1,Greedy-Spatial,4.064979122512864,33.88346135450427,77.5399886792175,77.5399886792175,0.0,76.47480090360528,0.14781832698080974,52,2.9802322387695312e-08,26.0,26.0,65.61963119412583,54.74639459808479,75.49887253488329,1.6391277313232422e-06
urgent=0.1,Forecast-Reserve,3.0733363833640377,50.73857559392654,28.303978929984574,28.34108186942499,0.005406295772688678,78.30414204116273,0.6448153933906888,52,2.9802322387695312e-08,26.0,26.0,16.38362144489291,14.060768992566148,18.390172249889417,1.6391277313232422e-06
urgent=0.1,MPC,2.9553662336989563,52.68947063578295,22.962538380959447,22.97080110032099,0.0008683320646443922,50.52805703136502,4.5982023148389795,52,2.9802322387695312e-08,26.0,26.0,11.042180895867784,8.56491697926822,12.897274467728375,1.6391277313232422e-06
urgent=0.1,MPC-Protect,2.8151039288649438,55.0719768727575,15.979046385097556,15.979046385097556,0.0,58.811782033119464,5.11195114793909,52,5.036592483520508e-06,22.0,26.0,4.058688900005892,2.5946194980206316,5.195382059854484,2.014636993408203e-05
urgent=0.1,CARMA,2.7326004945565336,56.471555050482536,11.920357485091667,11.920357485091667,0.0,50.409821213293114,30.365007950698814,52,,,,,,,
urgent=0.1,Oracle,2.4781851677005244,60.84574679869075,0.0,0.0,0.0,51.28737411868396,,52,,,,,,,
urgent=0.5,ASAP-Local,6.072612006158806,0.0,134.79254495832436,138.03295240412584,0.4244445077005039,0.0,0.045020474797508474,52,2.9802322387695312e-08,26.0,26.0,128.07304922973753,114.80881825344825,143.478143649602,1.6391277313232422e-06
urgent=0.5,Greedy-Spatial,4.067587489919328,33.84470142369606,52.67626774206513,52.67626774206513,0.0,76.52183589960904,0.15042725222538833,52,2.9802322387695312e-08,26.0,26.0,45.95677201347832,39.910003438008594,51.52976428195507,1.6391277313232422e-06
urgent=0.5,Forecast-Reserve,3.4081698521747152,44.979731708831274,25.375588761048622,25.837046282498516,0.05349634483332313,77.92089765058425,0.5027992030154013,52,2.9802322387695312e-08,26.0,26.0,18.656093032461804,16.39809640341467,20.6841858809893,1.6391277313232422e-06
urgent=0.5,MPC,3.3125646598823697,46.63266225635686,21.45856288878235,22.455859271655395,0.09273060950197064,48.98843038131498,2.7838766210338934,52,2.9802322387695312e-08,26.0,26.0,14.739067160195532,12.173023196444978,17.004945882814987,1.6391277313232422e-06
urgent=0.5,MPC-Protect,3.1605571407127355,49.27738398387761,14.915689657999753,15.115121777673505,0.01574650219899427,57.5134685177573,3.2858546804450697,52,2.9802322387695312e-08,26.0,26.0,8.196193929412926,6.309588037620847,9.57779564850325,1.6391277313232422e-06
urgent=0.5,CARMA,2.9655683770399595,52.58192372692854,6.71949572858682,6.71949572858682,0.0,50.42516970216228,23.2302272222225,52,,,,,,,
urgent=0.5,Oracle,2.8006352119461395,55.432589895652754,0.0,0.0,0.0,51.76427424841348,,52,,,,,,,
eta=0.005,ASAP-Local,6.071200254074926,0.0,175.49510941246564,176.0004801794827,0.05711071336238453,0.0,0.042651742638399597,52,2.9802322387695312e-08,26.0,26.0,164.6240436512174,144.83941715848326,186.30722891527554,1.6391277313232422e-06
eta=0.005,Greedy-Spatial,3.8462193056580074,37.48501930492369,68.65464702719656,68.65464702719656,0.0,77.67193431737994,0.15226831119899142,52,2.9802322387695312e-08,26.0,26.0,57.783581265948314,48.40895876075172,65.9303089228797,1.6391277313232422e-06
eta=0.005,Forecast-Reserve,3.0250257504491995,51.31836468275405,28.451500808905564,28.581489003989528,0.014057497628105575,79.37670905256863,0.5729735550544174,52,2.9802322387695312e-08,26.0,26.0,17.580435047657303,14.50418967647515,20.02600401429896,1.6391277313232422e-06
eta=0.005,MPC,3.0014668816480077,51.81035341978635,27.035288396585518,27.096695213224663,0.006318949878578577,50.45502868039037,3.6605969861992813,52,2.9802322387695312e-08,26.0,26.0,16.164222635337257,12.172272579120913,19.082642286064434,1.6391277313232422e-06
eta=0.005,MPC-Protect,2.8097705615081403,55.08418486907659,17.49030986455434,17.49030986455434,0.0,59.46042754776254,4.176638590831716,52,2.6226043701171875e-06,23.0,26.0,6.619244103306084,4.159994495170444,8.143095944829863,1.3113021850585938e-05
eta=0.005,CARMA,2.6838625842726205,57.26728639655896,10.871065761248259,10.871065761248259,0.0,51.39075701458082,27.431751620256186,52,,,,,,,
eta=0.005,Oracle,2.452514418561655,61.23221338278608,0.0,0.0,0.0,52.686390326509226,,52,,,,,,,
eta=0.06,ASAP-Local,6.071200254074926,0.0,121.51563930132714,121.92136485342134,0.05711071336238453,0.0,0.04515604141205671,52,2.9802322387695312e-08,26.0,26.0,113.1056875496103,100.10355121104118,127.76552084306512,1.6391277313232422e-06
eta=0.06,Greedy-Spatial,4.610183028977334,24.852238174016403,64.0720554725375,64.0720554725375,0.0,73.05171506998812,0.15088731325871862,52,2.9802322387695312e-08,26.0,26.0,55.662103720820696,48.13319598581312,62.59348102700731,1.6391277313232422e-06
eta=0.06,Forecast-Reserve,3.7156039857816907,40.000356862376854,28.75066991664873,28.858895847512112,0.016142159996090904,74.63473725754119,0.5676428712503817,52,2.9802322387695312e-08,26.0,26.0,20.340718164931918,18.405429662135045,22.090670217506325,1.6391277313232422e-06
eta=0.06,MPC,3.458610061291831,44.31266354045019,19.273913817158704,19.309776960250126,0.005101110929606923,48.64109053783748,3.680134024113816,52,2.9802322387695312e-08,26.0,26.0,10.863962065441886,8.38941493913872,12.795483126551014,1.6391277313232422e-06
eta=0.06,MPC-Protect,3.3429586832058833,46.295950658588296,14.490268613298555,14.490268613298555,0.0,57.272120160341665,4.310313470850944,52,2.9802322387695312e-08,26.0,26.0,6.08031686158174,4.865675205022179,7.001229599491582,1.6391277313232422e-06
eta=0.06,CARMA,3.187324029511017,48.938036679195875,8.409951751716815,8.409951751716815,0.0,48.85687311717356,27.11295244535702,52,,,,,,,
eta=0.06,Oracle,2.967723468010548,52.732174158973976,0.0,0.0,0.0,49.82615951889831,,52,,,,,,,
"load=0.6, profile=0.5",ASAP-Local,7.1441954207247225,0.0,109.75364446491503,111.11873776581342,0.2150980751230896,0.0,0.05280604954635803,52,2.9802322387695312e-08,26.0,26.0,101.0614262975846,88.99500103427388,114.41956407409907,1.6391277313232422e-06
"load=0.6, profile=0.5",Greedy-Spatial,5.3691806303919085,25.39496892587728,54.79024686789206,54.800532597658886,0.0010499494285346155,74.6041279196707,0.1807831721442145,52,2.9802322387695312e-08,26.0,26.0,46.098028700561635,39.40498046699582,51.902843552553556,1.6391277313232422e-06
"load=0.6, profile=0.5",Forecast-Reserve,4.5338477686784335,37.6791137933844,27.473516505563808,28.98096290061739,0.24867399845883892,75.81391768114707,0.7182779093665026,52,2.9802322387695312e-08,26.0,26.0,18.781298338233366,16.516129992335387,20.69231711217615,1.6391277313232422e-06
"load=0.6, profile=0.5",MPC,4.40303862904422,39.47704776214311,23.776607138506822,25.734399647673477,0.305061876850832,40.15351080486946,4.570674217840105,52,2.9802322387695312e-08,26.0,26.0,15.084388971176384,12.545952636446664,17.207478786972718,1.6391277313232422e-06
"load=0.6, profile=0.5",MPC-Protect,4.256992587664467,41.74970834604404,18.655025231111804,19.091457088456487,0.06844854886298618,46.994189042510385,5.500716177452819,52,2.9802322387695312e-08,26.0,26.0,9.962807063781366,8.388189080772092,11.231359940582442,1.6391277313232422e-06
"load=0.6, profile=0.5",CARMA,3.9672116465600875,46.20556500755312,8.692218167330434,8.715919519849878,0.005991326874083269,40.41860392273332,29.320267860437184,52,,,,,,,
"load=0.6, profile=0.5",Oracle,3.68430435922956,50.32509627561667,0.0,0.0,0.0,41.505910122735365,,52,,,,,,,
"load=0.4, profile=0.5",ASAP-Local,4.876973758591701,0.0,222.10411873955113,222.20431711730637,0.00984726313379966,0.0,0.032970808717253046,52,2.9802322387695312e-08,26.0,26.0,209.976649194969,178.41181255226277,244.63323905781138,1.6391277313232422e-06
"load=0.4, profile=0.5",Greedy-Spatial,2.7798595721469535,43.963031078081954,74.3957413953824,74.3957413953824,0.0,78.69546832366244,0.11010011182516617,52,2.9802322387695312e-08,26.0,26.0,62.2682718508003,50.2211115219027,73.92061953074317,1.6391277313232422e-06
"load=0.4, profile=0.5",Forecast-Reserve,2.1334588743138347,57.24981350095781,28.871136516064215,28.871136516064215,0.0,81.11012700662434,0.4129184275056085,52,2.9802322387695312e-08,26.0,26.0,16.743666971482117,14.475305677255763,18.868857250430935,1.6391277313232422e-06
"load=0.4, profile=0.5",MPC,2.0562635126663293,58.9670477551877,23.175953930449527,23.175953930449527,0.0,60.24534254511171,2.600784469613873,52,2.9802322387695312e-08,26.0,26.0,11.048484385867424,8.172489878011758,13.76453514697512,1.6391277313232422e-06
"load=0.4, profile=0.5",MPC-Protect,1.9386167179526406,61.31256962620833,15.273955070911315,15.273955070911315,0.0,71.89572569123752,2.641122825275834,52,0.0010443925857543945,20.0,26.0,3.1464855263292124,1.9867669569840285,4.707620115860355,0.002088785171508789
"load=0.4, profile=0.5",CARMA,1.8881170425018543,62.33011926650174,12.127469544582096,12.127469544582096,0.0,60.51662758059142,24.292573319281736,52,,,,,,,
"load=0.4, profile=0.5",Oracle,1.7134095525311042,66.04923797497835,0.0,0.0,0.0,62.13724215005787,,52,,,,,,,
cap=150/400/400/600,ASAP-Local,5.48538165417547,0.0,116.37980142112066,117.27651635038879,0.13335908378490371,0.0,0.0412010202861668,52,2.9802322387695312e-08,26.0,26.0,106.85868910871272,94.46535253623183,121.74763756505327,1.6391277313232422e-06
cap=150/400/400/600,Greedy-Spatial,4.085748173148355,26.368230836697087,57.14637362243198,57.14637362243198,0.0,74.00307400172217,0.14012833635266356,52,2.9802322387695312e-08,26.0,26.0,47.62526131002404,40.78502911934243,53.58582699180585,1.6391277313232422e-06
cap=150/400/400/600,Forecast-Reserve,3.353584960879827,40.28976536983291,25.207948391592716,25.32196771866677,0.0243769409319009,75.06760703421875,0.5257636475897256,52,2.9802322387695312e-08,26.0,26.0,15.68683607918476,13.820746454881839,17.214037346215253,1.6391277313232422e-06
cap=150/400/400/600,MPC,3.256531249433625,42.08152177992071,21.390227376147234,21.51090549253302,0.0221431019825675,43.59757259055391,3.493806018859893,52,2.9802322387695312e-08,26.0,26.0,11.869115063739274,9.602137223276605,13.502811156284652,1.6391277313232422e-06
cap=150/400/400/600,MPC-Protect,3.148349562815014,44.18555792622191,16.59798897262041,16.628046375942155,0.006581704381430385,50.54134021802119,4.1510958734958034,52,2.9802322387695312e-08,26.0,26.0,7.0768766602124495,5.49501363885701,8.0793457574582,1.6391277313232422e-06
cap=150/400/400/600,CARMA,2.9820408913943663,47.2895667680839,9.521112312407961,9.522693579776147,0.00045755542290153845,43.78028925470981,27.089730467694615,52,,,,,,,
cap=150/400/400/600,Oracle,2.7595187560366843,51.61184056159903,0.0,0.0,0.0,45.02555142863587,,52,,,,,,,
cap=600/400/400/600,ASAP-Local,7.04001662594443,0.0,241.72970653524928,243.52734210479952,0.18219160772652074,0.0,0.051646733723675224,52,2.9802322387695312e-08,26.0,26.0,232.48686050961166,197.2952869325064,274.0937363226804,1.6391277313232422e-06
cap=600/400/400/600,Greedy-Spatial,3.9942653299438566,44.30871641005021,82.98596862789722,82.98596862789722,0.0,79.86264230242912,0.18171337507036542,52,2.9802322387695312e-08,26.0,26.0,73.74312260225953,61.057004329591585,86.12266485238281,1.6391277313232422e-06
cap=600/400/400/600,Forecast-Reserve,3.0095070534988437,58.35001097696368,32.446045675051415,32.78400525959308,0.026373479235106172,82.49978339951774,0.5854853453127183,52,2.9802322387695312e-08,26.0,26.0,23.20319964941373,20.643064544040506,26.157414093059653,1.6391277313232422e-06
cap=600/400/400/600,MPC,2.9311328269090953,59.58752046850813,28.387466421181145,28.441880568051026,0.005044334836422652,60.12748179150468,3.7144380893574795,52,2.9802322387695312e-08,26.0,26.0,19.144620395543463,15.75601172908357,23.193994421325915,1.6391277313232422e-06
cap=600/400/400/600,MPC-Protect,2.7030031748835106,62.8099068631568,16.934417477090282,16.934417477090282,0.0,71.90947247189499,4.038819502409887,52,5.662441253662109e-07,25.0,26.0,7.691571451452597,6.414450337605244,10.277290606038935,3.3974647521972656e-06
cap=600/400/400/600,CARMA,2.5583853138038206,64.93832971942486,9.242846025637686,9.242846025637686,0.0,61.62330373010341,26.08928543045682,52,,,,,,,
cap=600/400/400/600,Oracle,2.3685922559215618,67.68286346497067,0.0,0.0,0.0,62.34743261995307,,52,,,,,,,
cap=300/400/400/1200,ASAP-Local,8.182891634757976,0.0,93.74231436251881,94.94081277890834,0.1660736552213575,0.0,0.05261538115325802,52,2.9802322387695312e-08,26.0,26.0,84.20684053811775,74.14736226810344,96.42354503572068,1.6391277313232422e-06
cap=300/400/400/1200,Greedy-Spatial,6.492353034957459,20.977684140484584,52.01989905434948,52.01989905434948,0.0,72.25008598914548,0.18537946215881848,52,2.9802322387695312e-08,26.0,26.0,42.484425229948414,36.7539177408078,47.57175774739351,1.6391277313232422e-06
cap=300/400/400/1200,Forecast-Reserve,5.578196543875138,32.87005386852027,27.501618028456473,27.557518614819173,0.0085440779954575,73.67771943383207,0.7692400296948355,52,2.9802322387695312e-08,26.0,26.0,17.966144204055418,16.027231210742226,20.0642157926026,1.6391277313232422e-06
cap=300/400/400/1200,MPC,5.353144603030112,35.57932760218757,22.323313392843797,22.357968832442314,0.0038554883070673076,34.89289042503768,5.033961388598064,52,2.9802322387695312e-08,26.0,26.0,12.787839568442736,10.326943447645043,15.218757910289881,1.6391277313232422e-06
cap=300/400/400/1200,MPC-Protect,5.214866286177069,37.4586169481362,18.464158774459957,18.474619364584793,0.0011637619772988462,41.59329092095799,6.084580060215318,52,2.9802322387695312e-08,26.0,26.0,8.928684950058896,7.327248635360931,10.5252551950552,1.6391277313232422e-06
cap=300/400/400/1200,CARMA,4.881633211040064,41.84861067671114,9.535473824401063,9.535473824401063,0.0,34.79942335477384,31.477962942191407,52,,,,,,,
cap=300/400/400/1200,Oracle,4.5078710733649325,46.67084816300998,0.0,0.0,0.0,36.83993649515988,,52,,,,,,,
always-on (idle 0.2 kWh),ASAP-Local,9.356924127037463,0.0,22.46003370123371,22.533060952641556,0.05711071336238453,0.0,0.043090014637366295,52,2.9802322387695312e-08,26.0,26.0,20.932072646172983,19.271865434489065,22.946310398139058,1.6391277313232422e-06
always-on (idle 0.2 kWh),Greedy-Spatial,8.49378166260614,9.525608220796093,10.68872308984057,10.68872308984057,0.0,74.7826500966356,0.14720372790547667,52,2.9802322387695312e-08,26.0,26.0,9.160762034779848,8.111359449711884,10.237469347502179,1.6391277313232422e-06
always-on (idle 0.2 kWh),Forecast-Reserve,8.058234298069452,14.339428322193488,4.716519809834061,4.733804274853221,0.014125093548515055,76.41643406546186,0.5594542591338463,52,2.9802322387695312e-08,26.0,26.0,3.1885587547733394,2.951575918945621,3.41084954679575,1.6391277313232422e-06
always-on (idle 0.2 kWh),MPC,7.969814058445536,15.300227732000678,3.5428203670454788,3.5509135452733958,0.005950142422403293,49.31656255890901,3.6356741455924846,52,2.9802322387695312e-08,26.0,26.0,2.014859311984757,1.602155881018563,2.3616439429829414,1.6391277313232422e-06
always-on (idle 0.2 kWh),MPC-Protect,7.897607018925132,16.111287586740307,2.5331440909913487,2.5331440909913487,0.0,57.959877941894575,4.101325133454524,52,2.9802322387695312e-08,26.0,26.0,1.005183035930627,0.7812888076288929,1.1780965121187363,1.6391277313232422e-06
always-on (idle 0.2 kWh),CARMA,7.825444488160916,16.920900064245213,1.5279610550607217,1.5279610550607217,0.0,49.752223127041084,26.91229876075853,52,,,,,,,
always-on (idle 0.2 kWh),Oracle,7.713315879347319,18.16810871854407,0.0,0.0,0.0,51.01275493596463,,52,,,,,,,
marginal accounting,ASAP-Local,20.785012820862104,0.0,16.43536354874305,16.51030853584775,0.05711071336238453,0.0,0.04218351483006817,52,1.4901161193847656e-07,24.0,26.0,8.568977998376054,6.038661701422895,11.18808672233795,1.6391277313232422e-06
marginal accounting,Greedy-Spatial,19.99504855171559,3.72275633151028,12.045709910017925,12.045709910017925,0.0,76.40750065403036,0.14240033840759622,52,2.980232238769531e-07,24.0,26.0,4.179324359650926,2.844631464663499,4.923118637666285,2.086162567138672e-06
marginal accounting,Forecast-Reserve,19.749645534503653,4.879867820987473,10.67963272302481,10.700027545567515,0.014123753578275769,78.11981151220367,0.5539556541534687,52,2.9802322387695312e-08,26.0,26.0,2.8132471726578094,2.0526381475892563,3.1853294702763613,1.6391277313232422e-06
marginal accounting,MPC,19.345668526123628,6.789366805053659,8.473300942449878,8.481484922610987,0.005913231386433077,49.970607223738114,3.6198193647262333,52,0.11648222804069519,17.0,26.0,0.6069153920828776,0.05618003807892178,0.9069327749877757,0.11648222804069519
marginal accounting,MPC-Protect,19.44433219959871,6.277265808039683,9.087867713116681,9.087867713116681,0.0,58.66481931617352,4.127830014986584,52,4.410743713378906e-05,24.0,26.0,1.221482162749679,0.7156691873489085,1.5418813143580303,0.0001323223114013672
marginal accounting,CARMA,19.257371959479137,7.25531461393236,7.866385550366999,7.866385550366999,0.0,50.61784989719788,26.438423328381166,52,,,,,,,
marginal accounting,Oracle,18.108569199123078,13.483200034282568,0.0,0.0,0.0,38.969431106570404,,52,,,,,,,
