migrate,rho,policy,emis,red,gap,gap_adj,late,mig,ms,n,p_raw,wins,weeks,dgap,dgap_lo,dgap_hi,p
True,0.3,ASAP-Local,3.6964925009921763,0.0,280.0543443280777,280.07791407040884,0.001979520861931934,0.0,0.04067719687099179,156,3.503864964208263e-10,52.0,52.0,270.77788502641835,239.06571114314553,310.00576866507765,1.892087080672462e-08
True,0.3,Greedy-Spatial,1.7452555685749496,54.119981993343956,65.54777534678348,65.54777534678348,0.0,81.68806454003355,0.1221064208427029,156,3.7149102960965286e-10,51.0,52.0,56.27131604512405,48.190296895254676,66.57196770960788,1.892087080672462e-08
True,0.3,Forecast-Reserve,1.3762060760868877,63.931216859913114,26.26566406391001,26.26566406391001,0.0,83.62086894260224,0.4438838989925915,156,3.503864964208263e-10,52.0,52.0,16.98920476225058,15.041904204981094,19.866632986301045,1.892087080672462e-08
True,0.3,MPC,1.3133821515375517,65.79152164275445,19.177375660745543,19.177375660745543,0.0,69.43136346254568,2.102302525146205,156,4.4252717603249863e-10,51.0,52.0,9.900916359086114,7.740538116181015,12.649411845912415,1.892087080672462e-08
True,0.3,MPC-Protect,1.395908537099125,63.44947242483202,27.993380379907613,27.993380379907613,0.0,80.5026537334974,1.797301299433292,156,5.581734167814e-10,51.0,52.0,18.71692107824819,15.98738020014856,23.284807475469897,1.892087080672462e-08
True,0.3,MPC+conformal,1.2738216942487248,66.79632058396845,15.160337673145873,15.160337673145873,0.0,70.01983155404184,1.8230005025098508,156,2.7340742508709273e-09,49.0,52.0,5.883878371486445,4.272232671703383,8.209222175403687,3.827703951219298e-08
True,0.3,MPC-Perfect,1.2831309063377638,66.63877075536386,16.354370745676675,16.354370745676675,0.0,69.13497519480141,2.1033735869453176,156,9.616511423174235e-09,44.0,52.0,7.0779114440172455,4.743014118662745,10.175449995701298,1.1539813707809082e-07
True,0.3,CARMA,1.2159954644730158,68.33164871622122,9.276459301659427,9.276459301659427,0.0,70.14312511048541,20.98895016938823,156,,,,,,,
True,0.3,CARMA+conformal,1.220072198096841,68.25679180509756,9.544132704369838,9.544132704369838,0.0,70.40474229685053,20.949913120722265,156,0.009198743214382554,34.0,52.0,0.267673402710411,-0.04224050746144974,0.6225669046506169,0.036794972857530216
True,0.3,CARMA-Perfect,1.1543585830097676,70.17745940824261,2.4353227633916608,2.4353227633916608,0.0,69.89975276899904,21.279226360497166,156,3.503864964208263e-10,0.0,52.0,-6.841136538267767,-7.82209533977869,-5.919761615628712,1.892087080672462e-08
True,0.3,Oracle,1.1312178946669629,70.80663243466665,0.0,0.0,0.0,70.87151059213346,,156,,,,,,,
True,0.5,ASAP-Local,6.081705420227433,0.0,147.73784295102632,148.198320493603,0.04940134724255423,0.0,0.062194664505245974,156,3.503864964208263e-10,52.0,52.0,137.92665694054855,123.83746736011737,155.88708041986823,1.892087080672462e-08
True,0.5,Greedy-Spatial,4.122496060805406,33.30537079993727,62.20424125143401,62.20424125143401,0.0,76.43689535322467,0.19955556325821708,156,3.503864964208263e-10,52.0,52.0,52.393055240956286,46.01663592813475,59.78156030984513,1.892087080672462e-08
True,0.5,Forecast-Reserve,3.3171344408624246,46.94784148241016,26.750663630618018,26.906185950001955,0.02131731785511725,78.22111541203226,0.809675784761631,156,3.503864964208263e-10,52.0,52.0,16.939477620140295,15.244627946013301,18.856597035564583,1.892087080672462e-08
True,0.5,MPC,3.2227064532452196,48.546934929073664,22.866254662608853,22.955771194177384,0.011532038593112501,50.028141640634104,4.0139160543418715,156,3.7149102960965286e-10,51.0,52.0,13.055068652131135,11.177261248059517,15.037386586293099,1.892087080672462e-08
True,0.5,MPC-Protect,3.0723541897667612,51.132052816093896,16.111114309782725,16.111153189763254,8.32304954130885e-06,58.71791819969797,4.77328097363889,156,5.914096912991167e-10,49.0,52.0,6.299928299305009,5.2308134884910835,7.33304534672797,1.892087080672462e-08
True,0.5,MPC+conformal,3.081706478107633,51.05166539354608,16.351258100058466,16.351258100058466,0.0,50.59017167013549,3.8632815289710547,156,1.1114189666971588e-09,49.0,52.0,6.540072089580747,4.977222805049179,8.363430437116529,1.892087080672462e-08
True,0.5,MPC-Perfect,3.175595690094883,49.31465988948172,21.078637071272485,21.17040766093162,0.01367741297196405,49.44626011678533,3.9768090476597173,156,3.503864964208263e-10,52.0,52.0,11.267451060794762,9.483925719128917,13.17977229964227,1.892087080672462e-08
True,0.5,CARMA,2.921680870080106,53.6085190392933,9.811186010477718,9.811186010477718,0.0,50.455444379517935,30.246958167822914,156,,,,,,,
True,0.5,CARMA+conformal,2.9377003802313086,53.41865650767892,10.295047321576154,10.295047321576154,0.0,50.572242821578364,30.112001850012167,156,1.8668277139935575e-05,42.0,52.0,0.4838613110984372,0.05722783393369482,0.8952074455934942,0.00011200966283961346
True,0.5,CARMA-Perfect,2.7897214175907017,56.01400489379095,3.7891425331358093,3.7891425331358093,0.0,50.181110635957616,30.38584229498836,156,3.503864964208263e-10,0.0,52.0,-6.022043477341909,-7.2603435722752385,-5.139466689680599,1.892087080672462e-08
True,0.5,Oracle,2.7012369854646225,57.5102258847562,0.0,0.0,0.0,51.91683415745809,,156,,,,,,,
True,0.7,ASAP-Local,8.293410082941032,0.0,71.68256436702936,98.53724613134048,4.539369245179767,0.0,0.09255255934688734,156,3.503864964208263e-10,52.0,52.0,63.69469890095078,57.77672941092653,71.12473600666692,1.892087080672462e-08
True,0.7,Greedy-Spatial,6.760943803162018,19.14361846369161,37.87349739930929,37.888221510699275,0.002316177499561445,73.27296654261761,0.30994432455893633,156,3.503864964208263e-10,52.0,52.0,29.885631933230716,26.821517437676434,33.70807575925598,1.892087080672462e-08
True,0.7,Forecast-Reserve,6.137221594918571,26.91471742653348,24.04230735407806,30.564064238550664,1.116224205202676,73.54827577001231,1.3283089368643917,156,3.503864964208263e-10,52.0,52.0,16.054441887999495,14.780662705079317,17.677773514675792,1.892087080672462e-08
True,0.7,MPC,5.935140253171806,29.312001025303616,19.981249385188665,30.880986852973084,1.8935130943291336,31.647520782395727,6.204830978436643,156,3.503864964208263e-10,52.0,52.0,11.993383919110089,10.743099943225323,13.565420821735545,1.892087080672462e-08
True,0.7,MPC-Protect,5.8154414249727076,30.917381496182806,17.092982872070763,20.998780781560804,0.6934994605045286,37.78679972646633,7.7600032126901395,156,3.503864964208263e-10,52.0,52.0,9.10511740599219,8.14779455174177,10.324336952988045,1.892087080672462e-08
True,0.7,MPC+conformal,5.762502336478703,31.6819983361715,15.775543189062574,17.88384640541528,0.344255581521438,32.09690339428174,6.196437646853882,156,4.4252717603249863e-10,50.0,52.0,7.7876777229840055,6.711101793180848,8.946791379069314,1.892087080672462e-08
True,0.7,MPC-Perfect,5.865698109377281,30.14035149418095,18.58235063806166,30.059496626426924,1.926349707994478,31.41040586703826,6.120923847180292,156,3.503864964208263e-10,52.0,52.0,10.594485171983088,9.36088922540266,12.20589489888408,1.892087080672462e-08
True,0.7,CARMA,5.412505244298397,36.08258794120085,7.9878654660785715,8.097245113270459,0.024530168236087696,31.517871092059952,38.740566041436196,156,,,,,,,
True,0.7,CARMA+conformal,5.440468511645095,35.827471708643394,8.403819732257956,8.478032467497828,0.014722318975334242,31.63517863584367,38.86183943910099,156,1.399119788329664e-05,41.0,52.0,0.4159542661793837,0.15150767895841272,0.6927096723232393,9.793838518307647e-05
True,0.7,CARMA-Perfect,5.243628047198645,38.38432097243634,3.9268889624725896,4.194983515929414,0.04390545108084168,31.01180007214322,39.13803953355661,156,3.503864964208263e-10,0.0,52.0,-4.06097650360598,-4.898408636336063,-3.304397398939153,1.892087080672462e-08
True,0.7,Oracle,5.071783018962776,40.61884955537815,0.0,0.0,0.0,32.77780365100264,,156,,,,,,,
False,0.3,ASAP-Local,3.6964925009921763,0.0,21.794325093140014,21.800217744365135,0.001979520861931934,0.0,0.0367674619726878,156,3.7149102960965286e-10,51.0,52.0,16.16776365435887,14.426602595844551,18.654068575569404,1.892087080672462e-08
False,0.3,Greedy-Spatial,3.6964925009921763,0.0,21.794325093140014,21.800217744365135,0.001979520861931934,0.0,0.10992181854509211,156,3.7149102960965286e-10,51.0,52.0,16.16776365435887,14.426602595844551,18.654068575569404,1.892087080672462e-08
False,0.3,Forecast-Reserve,3.273877598220838,11.835558949458672,7.064869120514534,8.612181356306214,0.38471462241500465,0.0,0.362021487039715,156,4.1748860104862094e-10,50.0,52.0,1.4383076817333853,1.2146949889230105,1.8049251121496843,1.892087080672462e-08
False,0.3,MPC,3.234730567014869,12.998353150777215,5.6267502411515515,5.639166980274037,0.004569255893010731,0.0,1.7309302508240567,156,0.7430258351305743,28.0,52.0,0.0001888023704018168,-0.022757752762144735,0.022884927428331793,0.7430258351305743
False,0.3,MPC-Protect,3.300789211519042,11.252655399491195,7.77776614483819,7.7855392498441205,0.003007788988936737,0.0,1.9185823109011317,156,6.265742221892206e-10,51.0,52.0,2.15120470605704,1.915512941131796,2.550733451546972,1.892087080672462e-08
False,0.3,MPC+conformal,3.240939025339287,12.924172175745925,5.709758834280578,5.769403405783566,0.014956659715908602,0.0,1.861135506976607,156,0.07727147253145507,32.0,52.0,0.08319739549942808,-0.20904957941869207,0.32955986050159297,0.23181441759436522
False,0.3,MPC-Perfect,3.090231619259234,17.39748575617279,0.22109329003105038,0.2687324311583533,0.012922045007024457,0.0,1.8406070607005292,156,3.503864964208263e-10,0.0,52.0,-5.405468148750099,-6.42119292982922,-4.545397800856187,1.892087080672462e-08
False,0.3,CARMA,3.234606657607743,12.99907466667346,5.62656143878115,5.635743062672106,0.003440949269370163,0.0,9.154201356388665,156,,,,,,,
False,0.3,CARMA+conformal,3.240142931478199,12.953243170269717,5.673497980577145,5.711596955835275,0.010246673665033863,0.0,9.517139923248298,156,0.11514186469302351,31.0,52.0,0.04693654179599503,-0.2584177954485377,0.3030767908300607,0.23181441759436522
False,0.3,CARMA-Perfect,3.0893816770599623,17.425258306877602,0.18702657201372444,0.21841443006607994,0.008988143307989763,0.0,9.52566182004808,156,3.503864964208263e-10,0.0,52.0,-5.439534866767426,-6.462203268373112,-4.56637087174263,1.892087080672462e-08
False,0.3,Oracle,3.084505309486752,17.577734996662883,0.0,0.0,0.00040901483667064105,0.0,,156,,,,,,,
False,0.5,ASAP-Local,6.081705420227433,0.0,17.61184197653397,17.76979197387572,0.04940134724255423,0.0,0.04376499869649932,156,3.7149102960965286e-10,51.0,52.0,12.768928187094623,11.308309453455099,14.84527419483719,1.892087080672462e-08
False,0.5,Greedy-Spatial,6.081705420227433,0.0,17.61184197653397,17.76979197387572,0.04940134724255423,0.0,0.152696800802345,156,3.7149102960965286e-10,51.0,52.0,12.768928187094623,11.308309453455099,14.84527419483719,1.892087080672462e-08
False,0.5,Forecast-Reserve,5.5392276654125,9.161142023913227,6.648605308988321,18.32454422228462,3.059285998814274,0.0,0.5939952224893887,156,3.7149102960965286e-10,51.0,52.0,1.8056915195489742,1.4594556011225177,2.336228720324416,1.892087080672462e-08
False,0.5,MPC,5.469844919453256,10.46689116081269,5.087068854513329,6.89341600184633,0.5345980069690442,0.0,3.139273368837021,156,1.2569015388789593e-08,44.0,52.0,0.24415506507398066,0.15214730864771284,0.3708955250439004,1.3825916927668553e-07
False,0.5,MPC-Protect,5.572883119152303,8.798340640796948,7.068635018645086,8.769108246304247,0.5004557046296247,0.0,3.4011672683712493,156,5.914096912991167e-10,51.0,52.0,2.2257212292057384,1.9917769785305208,2.6488335626574133,1.892087080672462e-08
False,0.5,MPC+conformal,5.498467228428962,9.943299071525532,5.710432556800815,8.447989738434126,0.7495989687732088,0.0,3.3709771840196265,156,4.495270820960813e-09,48.0,52.0,0.8675187673614675,0.5789902652926906,1.2592073256279617,5.843852067249057e-08
False,0.5,MPC-Perfect,5.295812355274549,13.659273360217663,1.3098549872641587,4.098261982285141,0.7612008455521901,0.0,3.3791181835143482,156,3.503864964208263e-10,0.0,52.0,-3.5330588021751885,-4.036376824375123,-3.0563385090263377,1.892087080672462e-08
False,0.5,CARMA,5.458825205177916,10.674155913429669,4.842913789439347,6.085216996424149,0.3755937157656032,0.0,12.747631242287923,156,,,,,,,
False,0.5,CARMA+conformal,5.4841585285116325,10.247975349434656,5.347674877625074,7.2920749474936475,0.5409670441350884,0.0,13.217475424637477,156,1.1556520849662457e-06,40.0,52.0,0.5047610881857264,0.3114039749346399,0.7578374930240971,9.484635600764846e-06
False,0.5,CARMA-Perfect,5.27805579651518,14.00446188653755,0.9009226224759305,2.896174768219495,0.539839013148209,0.0,13.31345785657306,156,3.503864964208263e-10,0.0,52.0,-3.9419911669634167,-4.566483933228704,-3.3729986411783703,1.892087080672462e-08
False,0.5,Oracle,5.238244456215006,14.765337447622796,0.0,0.0,0.00805114510067709,0.0,,156,,,,,,,
False,0.7,ASAP-Local,8.293410082941032,0.0,9.380775151987535,22.26688334883,4.539369245179767,0.0,0.0662719916740406,156,7.031291491175325e-10,51.0,52.0,5.632621640433176,4.95379900258755,6.597291911498155,1.892087080672462e-08
False,0.7,Greedy-Spatial,8.293410082941032,0.0,9.380775151987535,22.26688334883,4.539369245179767,0.0,0.2591870235046639,156,7.031291491175325e-10,51.0,52.0,5.632621640433176,4.95379900258755,6.597291911498155,1.892087080672462e-08
False,0.7,Forecast-Reserve,7.935187731704752,4.278609150888057,4.667046255991167,30.673386669894033,8.149838642387563,0.0,1.0912129227186342,156,4.1748860104862094e-10,51.0,52.0,0.9188927444368075,0.7720572458224952,1.1212597691501205,1.892087080672462e-08
False,0.7,MPC,7.883347702505896,4.963129935734979,3.911899437206998,42.593247244091785,11.954176859754085,0.0,5.5765004387943025,156,0.00026033401986088245,36.0,52.0,0.16374592565263993,0.07456778665073292,0.2711013098296672,0.0013016700993044123
False,0.7,MPC-Protect,7.998146462583402,3.5942936218672115,5.417210073866179,43.009117444243515,11.615177782076309,0.0,5.9039542036026775,156,5.581734167814e-10,51.0,52.0,1.66905656231182,1.524312177730119,1.954686303863017,1.892087080672462e-08
False,0.7,MPC+conformal,7.919422365838774,4.461312174072866,4.464348877738736,49.6170489137927,13.527443228220129,0.0,5.680710813453246,156,6.00623510794403e-08,42.0,52.0,0.7161953661843777,0.4770114762913761,1.0237588556414294,6.006235107944029e-07
False,0.7,MPC-Perfect,7.766761793895965,6.465930173100739,2.2682362196213846,49.38215071862161,13.827670247683407,0.0,5.736096591664575,156,4.4252717603249863e-10,2.0,52.0,-1.4799172919329744,-1.631557570889681,-1.218396171496279,1.892087080672462e-08
False,0.7,CARMA,7.872363488695144,5.113008264559397,3.7481535115543587,32.60644942701022,9.204413609224268,0.0,17.337408004390955,156,,,,,,,
False,0.7,CARMA+conformal,7.902503503473691,4.706963829817217,4.194031372815666,39.75997110201307,10.873134034720973,0.0,17.681570707022964,156,1.053848400084983e-06,43.0,52.0,0.44587786126130735,0.27067459104560776,0.6648769906541478,9.484635600764846e-06
False,0.7,CARMA-Perfect,7.745382658802607,6.7767051923819555,1.9257434095927721,41.21276675615225,11.631595107809819,0.0,17.916218834649097,156,3.503864964208263e-10,0.0,52.0,-1.8224101019615861,-1.9966903062293007,-1.5377162886836733,1.892087080672462e-08
False,0.7,Oracle,7.615884779778301,8.519226689668432,0.0,0.0,0.7523159708628667,0.0,,156,,,,,,,
