t0,rho,seed,migrate,policy,cube,emis_t,late_frac,late_jobs,unfinished,mig_frac,work,jobs,ms_per_decision,week,kappa,look
15336,0.3,500,True,MPC,pred,0.5012284919177574,0.0,0.0,0.0,0.7013032094429837,70014.13974734378,928.0,2.815275144734299,2023-10-02,,
15336,0.3,500,True,Oracle,truth,0.42996108019999996,0.0,0.0,0.0,0.680906316524565,70014.13974734378,928.0,,2023-10-02,,
15336,0.3,500,True,CARMA,pred,0.5030792336363575,0.0,0.0,0.0,0.7005047709040946,70014.13974734378,928.0,8.836907065788262,2023-10-02,0.5,6.0
15336,0.3,500,True,CARMA,pred,0.5037830672368508,0.0,0.0,0.0,0.6993361117288945,70014.13974734378,928.0,21.043141679813328,2023-10-02,0.5,12.0
15336,0.3,500,True,CARMA,pred,0.5078224985141421,0.0,0.0,0.0,0.6985973676130152,70014.13974734378,928.0,30.20761446929567,2023-10-02,0.5,18.0
15336,0.3,500,True,CARMA,pred,0.5034682183011797,0.0,0.0,0.0,0.6935963007471294,70014.13974734378,928.0,10.01892882456196,2023-10-02,0.75,6.0
15336,0.3,500,True,CARMA,pred,0.5026291922585358,0.0,0.0,0.0,0.6932910222304336,70014.13974734378,928.0,19.814177702223283,2023-10-02,0.75,12.0
15336,0.3,500,True,CARMA,pred,0.5073707394576541,0.0,0.0,0.0,0.6956532256666635,70014.13974734378,928.0,35.00640146666532,2023-10-02,0.75,18.0
15336,0.3,500,True,CARMA,pred,0.5097721514683983,0.0,0.0,0.0,0.6972097394906231,70014.13974734378,928.0,12.822927324555964,2023-10-02,1.0,6.0
15336,0.3,500,True,CARMA,pred,0.5079892143510006,0.0,0.0,0.0,0.6960730628391975,70014.13974734378,928.0,23.554717817782553,2023-10-02,1.0,12.0
15336,0.3,500,True,CARMA,pred,0.5175874614797186,0.0,0.0,0.0,0.6944757827371411,70014.13974734378,928.0,37.38240671556014,2023-10-02,1.0,18.0
15336,0.3,500,True,CARMA,pred,0.5147303496255876,0.0,0.0,0.0,0.6970573827662686,70014.13974734378,928.0,12.590285128320813,2023-10-02,1.25,6.0
15336,0.3,500,True,CARMA,pred,0.5215996030777845,0.0,0.0,0.0,0.6903574555522487,70014.13974734378,928.0,28.313712573324462,2023-10-02,1.25,12.0
15336,0.3,500,True,CARMA,pred,0.5465846965243644,0.0,0.0,0.0,0.6928064067380175,70014.13974734378,928.0,39.061028111610035,2023-10-02,1.25,18.0
15504,0.3,501,True,MPC,pred,0.9908155760124043,0.0,0.0,0.0,0.7116683210781113,73719.56346610108,932.0,2.364267165945008,2023-10-09,,
15504,0.3,501,True,Oracle,truth,0.8462414990999999,0.0,0.0,0.0,0.7094172501991073,73719.56346610108,932.0,,2023-10-09,,
15504,0.3,501,True,CARMA,pred,0.9674756308646891,0.0,0.0,0.0,0.7060402209942195,73719.56346610108,932.0,11.870207056765981,2023-10-09,0.5,6.0
15504,0.3,501,True,CARMA,pred,0.964005655827458,0.0,0.0,0.0,0.7072073203097926,73719.56346610108,932.0,20.033069043668995,2023-10-09,0.5,12.0
15504,0.3,501,True,CARMA,pred,0.9639218711592829,0.0,0.0,0.0,0.7070009154360744,73719.56346610108,932.0,32.00635882532728,2023-10-09,0.5,18.0
15504,0.3,501,True,CARMA,pred,0.9402982235925093,0.0,0.0,0.0,0.7093297786548033,73719.56346610108,932.0,12.174138877718898,2023-10-09,0.75,6.0
15504,0.3,501,True,CARMA,pred,0.9352187817301882,0.0,0.0,0.0,0.7098622810652969,73719.56346610108,932.0,25.50331157641271,2023-10-09,0.75,12.0
15504,0.3,501,True,CARMA,pred,0.9423992359281533,0.0,0.0,0.0,0.7098028122634851,73719.56346610108,932.0,38.07467261135253,2023-10-09,0.75,18.0
15504,0.3,501,True,CARMA,pred,0.9266026863262383,0.0,0.0,0.0,0.7107272353905685,73719.56346610108,932.0,12.57483627073886,2023-10-09,1.0,6.0
15504,0.3,501,True,CARMA,pred,0.9118377965908118,0.0,0.0,0.0,0.7115270600321918,73719.56346610108,932.0,27.515224799133165,2023-10-09,1.0,12.0
15504,0.3,501,True,CARMA,pred,0.919334470822009,0.0,0.0,0.0,0.7102426989302799,73719.56346610108,932.0,43.70247983843199,2023-10-09,1.0,18.0
15504,0.3,501,True,CARMA,pred,0.9190196405189778,0.0,0.0,0.0,0.7112643741059459,73719.56346610108,932.0,14.311933716160391,2023-10-09,1.25,6.0
15504,0.3,501,True,CARMA,pred,0.9198165819035107,0.0,0.0,0.0,0.709412377614934,73719.56346610108,932.0,27.400708746714912,2023-10-09,1.25,12.0
15504,0.3,501,True,CARMA,pred,0.9438271273009041,0.0,0.0,0.0,0.7082625680476312,73719.56346610108,932.0,46.056311008728166,2023-10-09,1.25,18.0
15672,0.3,502,True,MPC,pred,1.363597125231336,0.0,0.0,0.0,0.6985871924011177,70458.17240169305,915.0,2.3480528053113656,2023-10-16,,
15672,0.3,502,True,Oracle,truth,1.2480735052666667,0.0,0.0,0.0,0.7115317966833233,70458.17240169305,915.0,,2023-10-16,,
15672,0.3,502,True,CARMA,pred,1.3421630326658098,0.0,0.0,0.0,0.6966644584070727,70458.17240169305,915.0,10.48330796889483,2023-10-16,0.5,6.0
15672,0.3,502,True,CARMA,pred,1.3422389435282773,0.0,0.0,0.0,0.6934816154959988,70458.17240169305,915.0,20.439214155551074,2023-10-16,0.5,12.0
15672,0.3,502,True,CARMA,pred,1.344402495421671,0.0,0.0,0.0,0.6923250898284855,70458.17240169305,915.0,29.29084866221577,2023-10-16,0.5,18.0
15672,0.3,502,True,CARMA,pred,1.337353221195959,0.0,0.0,0.0,0.6922687840133901,70458.17240169305,915.0,13.625439857775442,2023-10-16,0.75,6.0
15672,0.3,502,True,CARMA,pred,1.3330913096702777,0.0,0.0,0.0,0.6888953160378816,70458.17240169305,915.0,20.725221772320676,2023-10-16,0.75,12.0
15672,0.3,502,True,CARMA,pred,1.3341336852751509,0.0,0.0,0.0,0.687509357232117,70458.17240169305,915.0,37.059836553571095,2023-10-16,0.75,18.0
15672,0.3,502,True,CARMA,pred,1.33447989701937,0.0,0.0,0.0,0.6895529655337366,70458.17240169305,915.0,9.803629058037952,2023-10-16,1.0,6.0
15672,0.3,502,True,CARMA,pred,1.3374066948516206,0.0,0.0,0.0,0.677045448077142,70458.17240169305,915.0,24.11357283333903,2023-10-16,1.0,12.0
15672,0.3,502,True,CARMA,pred,1.3499350805820571,0.0,0.0,0.0,0.6720800862368164,70458.17240169305,915.0,33.862180626118075,2023-10-16,1.0,18.0
15672,0.3,502,True,CARMA,pred,1.33510059231991,0.0,0.0,0.0,0.6828448431248172,70458.17240169305,915.0,10.277010431113418,2023-10-16,1.25,6.0
15672,0.3,502,True,CARMA,pred,1.3712160340385358,0.0,0.0,0.0,0.6623255561189135,70458.17240169305,915.0,25.25936522072919,2023-10-16,1.25,12.0
15672,0.3,502,True,CARMA,pred,1.399744480852167,0.0,0.0,0.0,0.6549664583685411,70458.17240169305,915.0,43.32494555656239,2023-10-16,1.25,18.0
15840,0.3,503,True,MPC,pred,1.6863777783134584,0.0,0.0,0.0,0.6904842561835534,74318.580238708,981.0,2.2920576419173457,2023-10-23,,
15840,0.3,503,True,Oracle,truth,1.3769683640000001,0.0,0.0,0.0,0.7252397694745979,74318.580238708,981.0,,2023-10-23,,
15840,0.3,503,True,CARMA,pred,1.554132162772923,0.0,0.0,0.0,0.7033497816987121,74318.580238708,981.0,10.223855659382318,2023-10-23,0.5,6.0
15840,0.3,503,True,CARMA,pred,1.5331554122529352,0.0,0.0,0.0,0.7038969882742021,74318.580238708,981.0,20.961673528393966,2023-10-23,0.5,12.0
15840,0.3,503,True,CARMA,pred,1.52945633715147,0.0,0.0,0.0,0.7024815012875295,74318.580238708,981.0,30.639845551108415,2023-10-23,0.5,18.0
15840,0.3,503,True,CARMA,pred,1.5075265078231552,0.0,0.0,0.0,0.7070507124227644,74318.580238708,981.0,12.910659142218922,2023-10-23,0.75,6.0
15840,0.3,503,True,CARMA,pred,1.4823524967717487,0.0,0.0,0.0,0.7093601364474854,74318.580238708,981.0,22.890607486609888,2023-10-23,0.75,12.0
15840,0.3,503,True,CARMA,pred,1.4844381211977267,0.0,0.0,0.0,0.7088118229506325,74318.580238708,981.0,36.89678019730252,2023-10-23,0.75,18.0
15840,0.3,503,True,CARMA,pred,1.495660946985322,0.0,0.0,0.0,0.7106190449952403,74318.580238708,981.0,12.958861400001195,2023-10-23,1.0,6.0
15840,0.3,503,True,CARMA,pred,1.470001966919708,0.0,0.0,0.0,0.7112002863325776,74318.580238708,981.0,26.432893982061692,2023-10-23,1.0,12.0
15840,0.3,503,True,CARMA,pred,1.4847143785123005,0.0,0.0,0.0,0.7029811635223051,74318.580238708,981.0,35.90008663677141,2023-10-23,1.0,18.0
15840,0.3,503,True,CARMA,pred,1.5072626137468792,0.0,0.0,0.0,0.7067848188257694,74318.580238708,981.0,12.48268940625609,2023-10-23,1.25,6.0
15840,0.3,503,True,CARMA,pred,1.507318016390394,0.0,0.0,0.0,0.6975729281874408,74318.580238708,981.0,26.046341816152463,2023-10-23,1.25,12.0
15840,0.3,503,True,CARMA,pred,1.539786701712076,0.0,0.0,0.0,0.6820849451801688,74318.580238708,981.0,39.46481627477923,2023-10-23,1.25,18.0
16008,0.3,504,True,MPC,pred,0.8697583901070904,0.0,0.0,0.0,0.7116072910641543,67588.57653298903,898.0,2.8845132624423164,2023-10-30,,
16008,0.3,504,True,Oracle,truth,0.7636464674,0.0,0.0,0.0,0.7213291431904036,67588.57653298903,898.0,,2023-10-30,,
16008,0.3,504,True,CARMA,pred,0.8331876842042665,0.0,0.0,0.0,0.7091729337205439,67588.57653298903,898.0,10.801004217193203,2023-10-30,0.5,6.0
16008,0.3,504,True,CARMA,pred,0.8273874044810124,0.0,0.0,0.0,0.7085360503247681,67588.57653298903,898.0,21.697707144796073,2023-10-30,0.5,12.0
16008,0.3,504,True,CARMA,pred,0.8273872221406628,0.0,0.0,0.0,0.7085840125555092,67588.57653298903,898.0,28.81233811310917,2023-10-30,0.5,18.0
16008,0.3,504,True,CARMA,pred,0.8273489799967998,0.0,0.0,0.0,0.7068051630876587,67588.57653298903,898.0,12.616528420812344,2023-10-30,0.75,6.0
16008,0.3,504,True,CARMA,pred,0.8294898772440883,0.0,0.0,0.0,0.7040085412883101,67588.57653298903,898.0,20.668619713636748,2023-10-30,0.75,12.0
16008,0.3,504,True,CARMA,pred,0.8312636847884713,0.0,0.0,0.0,0.7036226935132966,67588.57653298903,898.0,41.34440961363762,2023-10-30,0.75,18.0
16008,0.3,504,True,CARMA,pred,0.8281823576322959,0.0,0.0,0.0,0.7093219509407592,67588.57653298903,898.0,11.444216095024041,2023-10-30,1.0,6.0
16008,0.3,504,True,CARMA,pred,0.8321242155032408,0.0,0.0,0.0,0.7061845503887078,67588.57653298903,898.0,24.429901531813027,2023-10-30,1.0,12.0
16008,0.3,504,True,CARMA,pred,0.8376933592231062,0.0,0.0,0.0,0.706031774958212,67588.57653298903,898.0,42.07871902727075,2023-10-30,1.0,18.0
16008,0.3,504,True,CARMA,pred,0.8279610917185651,0.0,0.0,0.0,0.7055465758109324,67588.57653298903,898.0,13.038790352951418,2023-10-30,1.25,6.0
16008,0.3,504,True,CARMA,pred,0.8391848434760472,0.0,0.0,0.0,0.7059457089508854,67588.57653298903,898.0,30.250131563644285,2023-10-30,1.25,12.0
16008,0.3,504,True,CARMA,pred,0.8560381850926932,0.0,0.0,0.0,0.7087399461377675,67588.57653298903,898.0,47.51213752968721,2023-10-30,1.25,18.0
16176,0.3,505,True,MPC,pred,1.123279458849883,0.0,0.0,0.0,0.7418551964360723,62579.85648253633,875.0,2.716308551281829,2023-11-06,,
16176,0.3,505,True,Oracle,truth,0.9102418816999999,0.0,0.0,0.0,0.750233903350383,62579.85648253633,875.0,,2023-11-06,,
16176,0.3,505,True,CARMA,pred,1.0540446057849417,0.0,0.0,0.0,0.7427965869294748,62579.85648253633,875.0,11.514862799150546,2023-11-06,0.5,6.0
16176,0.3,505,True,CARMA,pred,1.0134689576264824,0.0,0.0,0.0,0.7450839242629225,62579.85648253633,875.0,23.353427048259856,2023-11-06,0.5,12.0
16176,0.3,505,True,CARMA,pred,0.998142464996519,0.0,0.0,0.0,0.7417550688293716,62579.85648253633,875.0,30.682497716812794,2023-11-06,0.5,18.0
16176,0.3,505,True,CARMA,pred,1.0192097498584154,0.0,0.0,0.0,0.7469482014244663,62579.85648253633,875.0,11.662458061133238,2023-11-06,0.75,6.0
16176,0.3,505,True,CARMA,pred,0.9748202893944271,0.0,0.0,0.0,0.7416566295490508,62579.85648253633,875.0,22.692193182226926,2023-11-06,0.75,12.0
16176,0.3,505,True,CARMA,pred,0.9690202826736543,0.0,0.0,0.0,0.7440755547390431,62579.85648253633,875.0,31.43450428444137,2023-11-06,0.75,18.0
16176,0.3,505,True,CARMA,pred,1.0034960699502762,0.0,0.0,0.0,0.7446930380639853,62579.85648253633,875.0,12.78760773128359,2023-11-06,1.0,6.0
16176,0.3,505,True,CARMA,pred,0.9749745122861309,0.0,0.0,0.0,0.7400564811809135,62579.85648253633,875.0,23.057052401787207,2023-11-06,1.0,12.0
16176,0.3,505,True,CARMA,pred,0.9703873746861826,0.0,0.0,0.0,0.7428369835226671,62579.85648253633,875.0,37.654461428576475,2023-11-06,1.0,18.0
16176,0.3,505,True,CARMA,pred,0.9961271801346878,0.0,0.0,0.0,0.740978630656939,62579.85648253633,875.0,11.953201364449342,2023-11-06,1.25,6.0
16176,0.3,505,True,CARMA,pred,0.9774435101689655,0.0,0.0,0.0,0.7354599809812953,62579.85648253633,875.0,24.60890554708271,2023-11-06,1.25,12.0
16176,0.3,505,True,CARMA,pred,0.9802338056801132,0.0,0.0,0.0,0.7376659407480753,62579.85648253633,875.0,41.730329560525185,2023-11-06,1.25,18.0
16344,0.3,506,True,MPC,pred,2.2145105539846575,0.0,0.0,0.0,0.7210324779574323,69689.04399031839,945.0,2.461651434783641,2023-11-13,,
16344,0.3,506,True,Oracle,truth,1.8872133829999997,0.0,0.0,0.0,0.720726202055201,69689.04399031839,945.0,,2023-11-13,,
16344,0.3,506,True,CARMA,pred,2.1538971082192493,0.0,0.0,0.0,0.7129997711847882,69689.04399031839,945.0,10.189232952183888,2023-11-13,0.5,6.0
16344,0.3,506,True,CARMA,pred,2.119868650532283,0.0,0.0,0.0,0.7132770082599147,69689.04399031839,945.0,20.13534649333754,2023-11-13,0.5,12.0
16344,0.3,506,True,CARMA,pred,2.1071556074862237,0.0,0.0,0.0,0.7111284955052452,69689.04399031839,945.0,30.181729119990955,2023-11-13,0.5,18.0
16344,0.3,506,True,CARMA,pred,2.1074948416620183,0.0,0.0,0.0,0.713209123774599,69689.04399031839,945.0,11.867687277541208,2023-11-13,0.75,6.0
16344,0.3,506,True,CARMA,pred,2.0870772348595183,0.0,0.0,0.0,0.7118849627902814,69689.04399031839,945.0,21.82003928125198,2023-11-13,0.75,12.0
16344,0.3,506,True,CARMA,pred,2.0765861791623696,0.0,0.0,0.0,0.7119664301960812,69689.04399031839,945.0,31.952086910715746,2023-11-13,0.75,18.0
16344,0.3,506,True,CARMA,pred,2.087059324572554,0.0,0.0,0.0,0.7099717509029884,69689.04399031839,945.0,10.271242858413192,2023-11-13,1.0,6.0
16344,0.3,506,True,CARMA,pred,2.051664271195042,0.0,0.0,0.0,0.7193118565012467,69689.04399031839,945.0,23.43574636937352,2023-11-13,1.0,12.0
16344,0.3,506,True,CARMA,pred,2.055274173759379,0.0,0.0,0.0,0.7248460375810868,69689.04399031839,945.0,36.83910469368818,2023-11-13,1.0,18.0
16344,0.3,506,True,CARMA,pred,2.0746574172143357,0.0,0.0,0.0,0.7112000520962068,69689.04399031839,945.0,12.94284772444573,2023-11-13,1.25,6.0
16344,0.3,506,True,CARMA,pred,2.069148938499716,0.0,0.0,0.0,0.7246893234251464,69689.04399031839,945.0,25.874330675670485,2023-11-13,1.25,12.0
16344,0.3,506,True,CARMA,pred,2.0584248628024127,0.0,0.0,0.0,0.7286895101605096,69689.04399031839,945.0,42.15761391441783,2023-11-13,1.25,18.0
16512,0.3,507,True,MPC,pred,1.4009041862084124,0.0,0.0,0.0,0.6616798692866118,67659.11521947458,904.0,1.9144415361610145,2023-11-20,,
16512,0.3,507,True,Oracle,truth,1.1156715943,0.0,0.0,0.0,0.6942947723691028,67659.11521947458,904.0,,2023-11-20,,
16512,0.3,507,True,CARMA,pred,1.3285051568113437,0.0,0.0,0.0,0.6690601721790956,67659.11521947458,904.0,9.120697385279641,2023-11-20,0.5,6.0
16512,0.3,507,True,CARMA,pred,1.2659466246343323,0.0,0.0,0.0,0.6753624013800571,67659.11521947458,904.0,22.336994113033658,2023-11-20,0.5,12.0
16512,0.3,507,True,CARMA,pred,1.25774804661327,0.0,0.0,0.0,0.6760558208334577,67659.11521947458,904.0,36.63026540870523,2023-11-20,0.5,18.0
16512,0.3,507,True,CARMA,pred,1.274497794752831,0.0,0.0,0.0,0.6661729372002207,67659.11521947458,904.0,12.924086606059749,2023-11-20,0.75,6.0
16512,0.3,507,True,CARMA,pred,1.218296508562486,0.0,0.0,0.0,0.6768082048851911,67659.11521947458,904.0,23.23054070353742,2023-11-20,0.75,12.0
16512,0.3,507,True,CARMA,pred,1.2098403745009965,0.0,0.0,0.0,0.6783569409004895,67659.11521947458,904.0,32.5386320132777,2023-11-20,0.75,18.0
16512,0.3,507,True,CARMA,pred,1.2398389288596507,0.0,0.0,0.0,0.6748016697123153,67659.11521947458,904.0,11.327690432308652,2023-11-20,1.0,6.0
16512,0.3,507,True,CARMA,pred,1.2048362958054344,0.0,0.0,0.0,0.6774480046996235,67659.11521947458,904.0,22.94887534666284,2023-11-20,1.0,12.0
16512,0.3,507,True,CARMA,pred,1.1919997756445058,0.0,0.0,0.0,0.6837540035160259,67659.11521947458,904.0,33.057822800000295,2023-11-20,1.0,18.0
16512,0.3,507,True,CARMA,pred,1.217758045309937,0.0,0.0,0.0,0.6757717082614202,67659.11521947458,904.0,13.269906044249295,2023-11-20,1.25,6.0
16512,0.3,507,True,CARMA,pred,1.1998963110302938,0.0,0.0,0.0,0.6785462696816121,67659.11521947458,904.0,25.685141322867622,2023-11-20,1.25,12.0
16512,0.3,507,True,CARMA,pred,1.207129307741789,0.0,0.0,0.0,0.673010543377804,67659.11521947458,904.0,42.04771070403858,2023-11-20,1.25,18.0
16680,0.3,508,True,MPC,pred,3.41961537036006,0.0,0.0,0.0,0.6747124725504385,64864.36282189725,893.0,2.627694254377937,2023-11-27,,
16680,0.3,508,True,Oracle,truth,3.1645028082,0.0,0.0,0.0,0.6901512333192548,64864.36282189725,893.0,,2023-11-27,,
16680,0.3,508,True,CARMA,pred,3.357925417326669,0.0,0.0,0.0,0.6807532555572565,64864.36282189725,893.0,10.385680597342814,2023-11-27,0.5,6.0
16680,0.3,508,True,CARMA,pred,3.3439878690247644,0.0,0.0,0.0,0.6815384216757804,64864.36282189725,893.0,21.231029497754296,2023-11-27,0.5,12.0
16680,0.3,508,True,CARMA,pred,3.3232194286956553,0.0,0.0,0.0,0.6745939906156471,64864.36282189725,893.0,30.048940210757785,2023-11-27,0.5,18.0
16680,0.3,508,True,CARMA,pred,3.3393133395447054,0.0,0.0,0.0,0.6822506598931759,64864.36282189725,893.0,12.025901466368023,2023-11-27,0.75,6.0
16680,0.3,508,True,CARMA,pred,3.311878942286935,0.0,0.0,0.0,0.6751856182924758,64864.36282189725,893.0,21.726010713007682,2023-11-27,0.75,12.0
16680,0.3,508,True,CARMA,pred,3.3050300444332708,0.0,0.0,0.0,0.6704822521073243,64864.36282189725,893.0,30.88770451568705,2023-11-27,0.75,18.0
16680,0.3,508,True,CARMA,pred,3.313781157456565,0.0,0.0,0.0,0.6877667605524183,64864.36282189725,893.0,13.521136645741564,2023-11-27,1.0,6.0
16680,0.3,508,True,CARMA,pred,3.2717574036218244,0.0,0.0,0.0,0.6740368612112889,64864.36282189725,893.0,25.217929234236387,2023-11-27,1.0,12.0
16680,0.3,508,True,CARMA,pred,3.26941050681749,0.0,0.0,0.0,0.6855655028789619,64864.36282189725,893.0,40.06126998198139,2023-11-27,1.0,18.0
16680,0.3,508,True,CARMA,pred,3.2896826568931457,0.0,0.0,0.0,0.6921832736603727,64864.36282189725,893.0,13.805363578469873,2023-11-27,1.25,6.0
16680,0.3,508,True,CARMA,pred,3.255108081763098,0.0,0.0,0.0,0.6887013668757964,64864.36282189725,893.0,29.61471324324664,2023-11-27,1.25,12.0
16680,0.3,508,True,CARMA,pred,3.251709889821694,0.0,0.0,0.0,0.6878883019342482,64864.36282189725,893.0,48.22066477026453,2023-11-27,1.25,18.0
16848,0.3,509,True,MPC,pred,1.5717938282303145,0.0,0.0,0.0,0.7135606449935562,69667.54122002251,885.0,2.878872300886413,2023-12-04,,
16848,0.3,509,True,Oracle,truth,1.4296307335,0.0,0.0,0.0,0.7107763404999926,69667.54122002251,885.0,,2023-12-04,,
16848,0.3,509,True,CARMA,pred,1.5313796589969737,0.0,0.0,0.0,0.7168647027084981,69667.54122002251,885.0,10.244180995576333,2023-12-04,0.5,6.0
16848,0.3,509,True,CARMA,pred,1.5102651853883327,0.0,0.0,0.0,0.7182634792307138,69667.54122002251,885.0,21.988257845131418,2023-12-04,0.5,12.0
16848,0.3,509,True,CARMA,pred,1.5061972454158075,0.0,0.0,0.0,0.7169830925857149,69667.54122002251,885.0,31.208902738937297,2023-12-04,0.5,18.0
16848,0.3,509,True,CARMA,pred,1.5165372747183974,0.0,0.0,0.0,0.7194005673865239,69667.54122002251,885.0,10.163791920000827,2023-12-04,0.75,6.0
16848,0.3,509,True,CARMA,pred,1.49755927347983,0.0,0.0,0.0,0.7201286844542583,69667.54122002251,885.0,21.39153224444878,2023-12-04,0.75,12.0
16848,0.3,509,True,CARMA,pred,1.4988577054966732,0.0,0.0,0.0,0.7196185626803068,69667.54122002251,885.0,39.51799086222915,2023-12-04,0.75,18.0
16848,0.3,509,True,CARMA,pred,1.508874652216759,0.0,0.0,0.0,0.7251874197735866,69667.54122002251,885.0,10.891054275544876,2023-12-04,1.0,6.0
16848,0.3,509,True,CARMA,pred,1.4973362167655038,0.0,0.0,0.0,0.7272338264684312,69667.54122002251,885.0,26.734862085208885,2023-12-04,1.0,12.0
16848,0.3,509,True,CARMA,pred,1.5027756974199395,0.0,0.0,0.0,0.7234324474323335,69667.54122002251,885.0,37.867682995502975,2023-12-04,1.0,18.0
16848,0.3,509,True,CARMA,pred,1.504877374656709,0.0,0.0,0.0,0.7260077033294787,69667.54122002251,885.0,11.320281328884853,2023-12-04,1.25,6.0
16848,0.3,509,True,CARMA,pred,1.5122393032592163,0.0,0.0,0.0,0.7283085029601957,69667.54122002251,885.0,25.425881448437586,2023-12-04,1.25,12.0
16848,0.3,509,True,CARMA,pred,1.5708040504911625,0.0,0.0,0.0,0.7279908527180396,69667.54122002251,885.0,41.19478633632581,2023-12-04,1.25,18.0
17016,0.3,510,True,MPC,pred,1.3562437400200582,0.0,0.0,0.0,0.6986636954175908,70788.37691020197,930.0,2.636739653687242,2023-12-11,,
17016,0.3,510,True,Oracle,truth,1.2124710719999998,0.0,0.0,0.0,0.687174817720527,70788.37691020197,930.0,,2023-12-11,,
17016,0.3,510,True,CARMA,pred,1.287006660356846,0.0,0.0,0.0,0.7019388702711348,70788.37691020197,930.0,10.51965536682144,2023-12-11,0.5,6.0
17016,0.3,510,True,CARMA,pred,1.2588606937793987,0.0,0.0,0.0,0.7010795101503059,70788.37691020197,930.0,23.046615396484484,2023-12-11,0.5,12.0
17016,0.3,510,True,CARMA,pred,1.255826885451832,0.0,0.0,0.0,0.6985730968292919,70788.37691020197,930.0,31.042611700432456,2023-12-11,0.5,18.0
17016,0.3,510,True,CARMA,pred,1.2588141455107729,0.0,0.0,0.0,0.7015284408246841,70788.37691020197,930.0,12.388391048034464,2023-12-11,0.75,6.0
17016,0.3,510,True,CARMA,pred,1.244913155262352,0.0,0.0,0.0,0.6930576571607756,70788.37691020197,930.0,24.9134273008841,2023-12-11,0.75,12.0
17016,0.3,510,True,CARMA,pred,1.2476257104420627,0.0,0.0,0.0,0.6961194109769346,70788.37691020197,930.0,37.108489610621255,2023-12-11,0.75,18.0
17016,0.3,510,True,CARMA,pred,1.2491945758142402,0.0,0.0,0.0,0.6970867113069049,70788.37691020197,930.0,11.122797837720897,2023-12-11,1.0,6.0
17016,0.3,510,True,CARMA,pred,1.2512578798167324,0.0,0.0,0.0,0.6940492629147924,70788.37691020197,930.0,23.72512769026227,2023-12-11,1.0,12.0
17016,0.3,510,True,CARMA,pred,1.2561553652411395,0.0,0.0,0.0,0.6952188523429642,70788.37691020197,930.0,37.29578811111019,2023-12-11,1.0,18.0
17016,0.3,510,True,CARMA,pred,1.2506694060866541,0.0,0.0,0.0,0.697885714798278,70788.37691020197,930.0,16.061770603530206,2023-12-11,1.25,6.0
17016,0.3,510,True,CARMA,pred,1.260236068052211,0.0,0.0,0.0,0.6988492574755065,70788.37691020197,930.0,25.63773801778047,2023-12-11,1.25,12.0
17016,0.3,510,True,CARMA,pred,1.2871484965175892,0.0,0.0,0.0,0.6995418551752518,70788.37691020197,930.0,39.015279843060895,2023-12-11,1.25,18.0
17184,0.3,511,True,MPC,pred,0.3270884654730833,0.0,0.0,0.0,0.7185204878948341,71042.65994867557,945.0,2.5862851502118795,2023-12-18,,
17184,0.3,511,True,Oracle,truth,0.29836488359999996,0.0,0.0,0.0,0.712171250859016,71042.65994867557,945.0,,2023-12-18,,
17184,0.3,511,True,CARMA,pred,0.318062585839933,0.0,0.0,0.0,0.7158260183750269,71042.65994867557,945.0,10.179314553650235,2023-12-18,0.5,6.0
17184,0.3,511,True,CARMA,pred,0.3154864244677572,0.0,0.0,0.0,0.7081522586515298,71042.65994867557,945.0,17.090177244647283,2023-12-18,0.5,12.0
17184,0.3,511,True,CARMA,pred,0.3132429740984844,0.0,0.0,0.0,0.7116034162047966,71042.65994867557,945.0,26.966732223187222,2023-12-18,0.5,18.0
17184,0.3,511,True,CARMA,pred,0.3166613499317565,0.0,0.0,0.0,0.7065015764435689,71042.65994867557,945.0,9.366895834067508,2023-12-18,0.75,6.0
17184,0.3,511,True,CARMA,pred,0.3139558543940898,0.0,0.0,0.0,0.7127798521426647,71042.65994867557,945.0,19.916667585153633,2023-12-18,0.75,12.0
17184,0.3,511,True,CARMA,pred,0.31405631700597686,0.0,0.0,0.0,0.7116051137330074,71042.65994867557,945.0,28.204559598252395,2023-12-18,0.75,18.0
17184,0.3,511,True,CARMA,pred,0.31536086400304236,0.0,0.0,0.0,0.7065802504663076,71042.65994867557,945.0,11.275740424784154,2023-12-18,1.0,6.0
17184,0.3,511,True,CARMA,pred,0.3155485416628819,0.0,0.0,0.0,0.7162999493425838,71042.65994867557,945.0,21.177187741062856,2023-12-18,1.0,12.0
17184,0.3,511,True,CARMA,pred,0.31658113206942035,0.0,0.0,0.0,0.7158774527251082,71042.65994867557,945.0,33.05367988289142,2023-12-18,1.0,18.0
17184,0.3,511,True,CARMA,pred,0.3155427714042635,0.0,0.0,0.0,0.7105028841091121,71042.65994867557,945.0,10.070561907085484,2023-12-18,1.25,6.0
17184,0.3,511,True,CARMA,pred,0.3215064219827404,0.0,0.0,0.0,0.7076701247707123,71042.65994867557,945.0,20.64769905855469,2023-12-18,1.25,12.0
17184,0.3,511,True,CARMA,pred,0.3254901877703623,0.0,0.0,0.0,0.7069763785047,71042.65994867557,945.0,36.83631678828832,2023-12-18,1.25,18.0
17352,0.3,512,True,MPC,pred,0.5075083233485908,0.0,0.0,0.0,0.6671022415773192,75758.69303508809,958.0,2.3868294595771697,2023-12-25,,
17352,0.3,512,True,Oracle,truth,0.3784698994878788,0.0,0.0,0.0,0.700960878184694,75758.69303508809,958.0,,2023-12-25,,
17352,0.3,512,True,CARMA,pred,0.47364463714518434,0.0,0.0,0.0,0.6875365595499039,75758.69303508809,958.0,9.158671600001052,2023-12-25,0.5,6.0
17352,0.3,512,True,CARMA,pred,0.4643958933449361,0.0,0.0,0.0,0.6916059427727453,75758.69303508809,958.0,16.84127750638273,2023-12-25,0.5,12.0
17352,0.3,512,True,CARMA,pred,0.4578132109194297,0.0,0.0,0.0,0.6937659386685145,75758.69303508809,958.0,29.93205457872504,2023-12-25,0.5,18.0
17352,0.3,512,True,CARMA,pred,0.455623333704533,0.0,0.0,0.0,0.6936430746879819,75758.69303508809,958.0,12.120899919137686,2023-12-25,0.75,6.0
17352,0.3,512,True,CARMA,pred,0.43575652234905177,0.0,0.0,0.0,0.7014599109084506,75758.69303508809,958.0,22.762908757445945,2023-12-25,0.75,12.0
17352,0.3,512,True,CARMA,pred,0.4153562516072887,0.0,0.0,0.0,0.7038667862386544,75758.69303508809,958.0,32.29067466383756,2023-12-25,0.75,18.0
17352,0.3,512,True,CARMA,pred,0.43130512268197,0.0,0.0,0.0,0.6983447520872154,75758.69303508809,958.0,12.134480208500309,2023-12-25,1.0,6.0
17352,0.3,512,True,CARMA,pred,0.40744690991908733,0.0,0.0,0.0,0.699213052802954,75758.69303508809,958.0,24.1332700815489,2023-12-25,1.0,12.0
17352,0.3,512,True,CARMA,pred,0.4088383789350437,0.0,0.0,0.0,0.6972184481109909,75758.69303508809,958.0,36.03377872531667,2023-12-25,1.0,18.0
17352,0.3,512,True,CARMA,pred,0.4182324505680181,0.0,0.0,0.0,0.6977795155412769,75758.69303508809,958.0,11.804279340618633,2023-12-25,1.25,6.0
17352,0.3,512,True,CARMA,pred,0.40850880982041066,0.0,0.0,0.0,0.6948787908572402,75758.69303508809,958.0,23.87741535807829,2023-12-25,1.25,12.0
17352,0.3,512,True,CARMA,pred,0.4157719973469424,0.0,0.0,0.0,0.6828783555677577,75758.69303508809,958.0,37.70953448470487,2023-12-25,1.25,18.0
15336,0.5,500,True,MPC,pred,1.4870274519832891,0.0,0.0,0.0,0.5269239544544915,113898.46651379707,1490.0,4.889305012880485,2023-10-02,,
15336,0.5,500,True,Oracle,truth,1.0249504304,0.0,0.0,0.0,0.5390909279060586,113898.46651379707,1490.0,,2023-10-02,,
15336,0.5,500,True,CARMA,pred,1.3819810146799263,0.0,0.0,0.0,0.5344742379266404,113898.46651379707,1490.0,16.236734262937762,2023-10-02,0.5,6.0
15336,0.5,500,True,CARMA,pred,1.332486150903602,0.0,0.0,0.0,0.5348411352148242,113898.46651379707,1490.0,29.89517672727011,2023-10-02,0.5,12.0
15336,0.5,500,True,CARMA,pred,1.3137170435145877,0.0,0.0,0.0,0.5259631839723552,113898.46651379707,1490.0,47.28891690477062,2023-10-02,0.5,18.0
15336,0.5,500,True,CARMA,pred,1.3143343565397512,0.0,0.0,0.0,0.5397140134369428,113898.46651379707,1490.0,18.426275823278775,2023-10-02,0.75,6.0
15336,0.5,500,True,CARMA,pred,1.2372779709020774,0.0,0.0,0.0,0.5304911429161444,113898.46651379707,1490.0,36.35474167247804,2023-10-02,0.75,12.0
15336,0.5,500,True,CARMA,pred,1.1799402434175197,0.0,0.0,0.0,0.5297926173990035,113898.46651379707,1490.0,57.423490078596195,2023-10-02,0.75,18.0
15336,0.5,500,True,CARMA,pred,1.2822825199910104,0.0,0.0,0.0,0.5410501541540395,113898.46651379707,1490.0,21.311771756516304,2023-10-02,1.0,6.0
15336,0.5,500,True,CARMA,pred,1.198298060010335,0.0,0.0,0.0,0.5311899422256623,113898.46651379707,1490.0,31.89805991227782,2023-10-02,1.0,12.0
15336,0.5,500,True,CARMA,pred,1.1676938834782076,0.0,0.0,0.0,0.5324405164587358,113898.46651379707,1490.0,56.39789985021038,2023-10-02,1.0,18.0
15336,0.5,500,True,CARMA,pred,1.2658646879463917,0.0,0.0,0.0,0.5459360346657429,113898.46651379707,1490.0,18.90908481222812,2023-10-02,1.25,6.0
15336,0.5,500,True,CARMA,pred,1.2520782050588521,0.0,0.0,0.0,0.5351835122646053,113898.46651379707,1490.0,38.49298314474637,2023-10-02,1.25,12.0
15336,0.5,500,True,CARMA,pred,1.285182693742182,0.0,0.0,0.0,0.5337289059632518,113898.46651379707,1490.0,56.68857929017638,2023-10-02,1.25,18.0
15504,0.5,501,True,MPC,pred,2.5932543379576765,0.0,0.0,0.0,0.5409315332517867,116114.4954149879,1494.0,4.863721732758011,2023-10-09,,
15504,0.5,501,True,Oracle,truth,1.9796259509999998,0.0,0.0,0.0,0.5381233391807398,116114.4954149879,1494.0,,2023-10-09,,
15504,0.5,501,True,CARMA,pred,2.473875085866391,0.0,0.0,0.0,0.541771649944698,116114.4954149879,1494.0,17.466695284486512,2023-10-09,0.5,6.0
15504,0.5,501,True,CARMA,pred,2.448415057462296,0.0,0.0,0.0,0.5393332329110669,116114.4954149879,1494.0,27.114130439645713,2023-10-09,0.5,12.0
15504,0.5,501,True,CARMA,pred,2.400336976632879,0.0,0.0,0.0,0.5414839814544893,116114.4954149879,1494.0,44.65121398696323,2023-10-09,0.5,18.0
15504,0.5,501,True,CARMA,pred,2.422259859621482,0.0,0.0,0.0,0.5400404333782333,116114.4954149879,1494.0,15.232381139124932,2023-10-09,0.75,6.0
15504,0.5,501,True,CARMA,pred,2.323203781098789,0.0,0.0,0.0,0.5371981512378678,116114.4954149879,1494.0,30.05349264192646,2023-10-09,0.75,12.0
15504,0.5,501,True,CARMA,pred,2.2485483928788965,0.0,0.0,0.0,0.5386026680318766,116114.4954149879,1494.0,50.564514855889534,2023-10-09,0.75,18.0
15504,0.5,501,True,CARMA,pred,2.385697387160481,0.0,0.0,0.0,0.5383530178987659,116114.4954149879,1494.0,18.353002218338197,2023-10-09,1.0,6.0
15504,0.5,501,True,CARMA,pred,2.309148516928885,0.0,0.0,0.0,0.5297218955444342,116114.4954149879,1494.0,34.559025725662345,2023-10-09,1.0,12.0
15504,0.5,501,True,CARMA,pred,2.2369573196019377,0.0,0.0,0.0,0.5295756310506853,116114.4954149879,1494.0,54.66235737837455,2023-10-09,1.0,18.0
15504,0.5,501,True,CARMA,pred,2.415798182682484,0.0,0.0,0.0,0.5354307069691375,116114.4954149879,1494.0,17.627312859642924,2023-10-09,1.25,6.0
15504,0.5,501,True,CARMA,pred,2.3657572092114973,0.0,0.0,0.0,0.521563755045749,116114.4954149879,1494.0,36.37857249106905,2023-10-09,1.25,12.0
15504,0.5,501,True,CARMA,pred,2.3838306862658367,0.0,0.0,0.0,0.5227224389972976,116114.4954149879,1494.0,59.20619044595369,2023-10-09,1.25,18.0
15672,0.5,502,True,MPC,pred,3.349083884618718,0.0,0.0,0.0,0.475357701372829,117710.60274682064,1534.0,5.0027932426650805,2023-10-16,,
15672,0.5,502,True,Oracle,truth,2.8223870775047617,0.0,0.0,0.0,0.49984214358794604,117710.60274682064,1534.0,,2023-10-16,,
15672,0.5,502,True,CARMA,pred,3.2797714627481476,0.0,0.0,0.0,0.47635102214602243,117710.60274682064,1534.0,16.67018910041665,2023-10-16,0.5,6.0
15672,0.5,502,True,CARMA,pred,3.2074614268860353,0.0,0.0,0.0,0.4860762467579566,117710.60274682064,1534.0,33.05705028034144,2023-10-16,0.5,12.0
15672,0.5,502,True,CARMA,pred,3.193586679796088,0.0,0.0,0.0,0.4877745503709887,117710.60274682064,1534.0,50.62633995397956,2023-10-16,0.5,18.0
15672,0.5,502,True,CARMA,pred,3.228627342384426,0.0,0.0,0.0,0.4766957814625272,117710.60274682064,1534.0,19.982813504312922,2023-10-16,0.75,6.0
15672,0.5,502,True,CARMA,pred,3.1507273065587724,0.0,0.0,0.0,0.4920037568941917,117710.60274682064,1534.0,35.35495400000123,2023-10-16,0.75,12.0
15672,0.5,502,True,CARMA,pred,3.1276767710451625,0.0,0.0,0.0,0.49435374320163783,117710.60274682064,1534.0,50.21810255505739,2023-10-16,0.75,18.0
15672,0.5,502,True,CARMA,pred,3.182915622131265,0.0,0.0,0.0,0.4829021174312398,117710.60274682064,1534.0,17.897607271557828,2023-10-16,1.0,6.0
15672,0.5,502,True,CARMA,pred,3.1257891343891377,0.0,0.0,0.0,0.49517430211555336,117710.60274682064,1534.0,35.48796128316239,2023-10-16,1.0,12.0
15672,0.5,502,True,CARMA,pred,3.1619528318433185,0.0,0.0,0.0,0.4941607229079091,117710.60274682064,1534.0,57.142932040184135,2023-10-16,1.0,18.0
15672,0.5,502,True,CARMA,pred,3.202401824605222,0.0,0.0,0.0,0.48383361560013516,117710.60274682064,1534.0,17.453622126089137,2023-10-16,1.25,6.0
15672,0.5,502,True,CARMA,pred,3.2096548936816354,0.0,0.0,0.0,0.48444545071661366,117710.60274682064,1534.0,32.89746293750032,2023-10-16,1.25,12.0
15672,0.5,502,True,CARMA,pred,3.2457784626562116,0.0,0.0,0.0,0.4924331255714026,117710.60274682064,1534.0,57.44228680179469,2023-10-16,1.25,18.0
15840,0.5,503,True,MPC,pred,4.8671261879985215,0.0,0.0,0.0,0.4336783845243571,125927.17619749843,1638.0,5.358184266379481,2023-10-23,,
15840,0.5,503,True,Oracle,truth,4.0831371487,0.0,0.0,0.0,0.44195821490282566,125927.17619749843,1638.0,,2023-10-23,,
15840,0.5,503,True,CARMA,pred,4.719597447170048,0.0,0.0,0.0,0.4359104181858089,125927.17619749843,1638.0,16.990054781668398,2023-10-23,0.5,6.0
15840,0.5,503,True,CARMA,pred,4.621740760708304,0.0,0.0,0.0,0.44134631994652007,125927.17619749843,1638.0,33.867444205255765,2023-10-23,0.5,12.0
15840,0.5,503,True,CARMA,pred,4.565564996949516,0.0,0.0,0.0,0.44078969568216453,125927.17619749843,1638.0,48.72149629692623,2023-10-23,0.5,18.0
15840,0.5,503,True,CARMA,pred,4.632531406309945,0.0,0.0,0.0,0.4387399171448772,125927.17619749843,1638.0,19.73985523245135,2023-10-23,0.75,6.0
15840,0.5,503,True,CARMA,pred,4.436567066645788,0.0,0.0,0.0,0.4447212651236243,125927.17619749843,1638.0,35.74111924779299,2023-10-23,0.75,12.0
15840,0.5,503,True,CARMA,pred,4.313110903935812,0.0,0.0,0.0,0.4413903537056994,125927.17619749843,1638.0,51.42464717256286,2023-10-23,0.75,18.0
15840,0.5,503,True,CARMA,pred,4.551767191069744,0.0,0.0,0.0,0.44077009652805405,125927.17619749843,1638.0,20.70981600441514,2023-10-23,1.0,6.0
15840,0.5,503,True,CARMA,pred,4.350286031095673,0.0,0.0,0.0,0.43827504493314673,125927.17619749843,1638.0,36.91747604888102,2023-10-23,1.0,12.0
15840,0.5,503,True,CARMA,pred,4.287401543026541,0.0,0.0,0.0,0.4367345437272362,125927.17619749843,1638.0,59.942248183018265,2023-10-23,1.0,18.0
15840,0.5,503,True,CARMA,pred,4.541903237866605,0.0,0.0,0.0,0.4452291183782103,125927.17619749843,1638.0,19.171279597345443,2023-10-23,1.25,6.0
15840,0.5,503,True,CARMA,pred,4.3097540262574014,0.0,0.0,0.0,0.43951907144166164,125927.17619749843,1638.0,35.90517906696838,2023-10-23,1.25,12.0
15840,0.5,503,True,CARMA,pred,4.291644725270475,0.0,0.0,0.0,0.43850061370978316,125927.17619749843,1638.0,66.44010858294902,2023-10-23,1.25,18.0
16008,0.5,504,True,MPC,pred,2.903040679044241,0.0,0.0,0.0,0.4988635082085785,114743.37890450687,1520.0,5.750726422247681,2023-10-30,,
16008,0.5,504,True,Oracle,truth,2.1432189627000002,0.0,0.0,0.0,0.526139726547906,114743.37890450687,1520.0,,2023-10-30,,
16008,0.5,504,True,CARMA,pred,2.6346626724664617,0.0,0.0,0.0,0.5146534701045364,114743.37890450687,1520.0,18.04589929911263,2023-10-30,0.5,6.0
16008,0.5,504,True,CARMA,pred,2.5335991068782993,0.0,0.0,0.0,0.5154840451211574,114743.37890450687,1520.0,29.646600269070365,2023-10-30,0.5,12.0
16008,0.5,504,True,CARMA,pred,2.496612550258105,0.0,0.0,0.0,0.5167714321857959,114743.37890450687,1520.0,43.785798143487675,2023-10-30,0.5,18.0
16008,0.5,504,True,CARMA,pred,2.509063472845856,0.0,0.0,0.0,0.5211682605105179,114743.37890450687,1520.0,15.048258736608691,2023-10-30,0.75,6.0
16008,0.5,504,True,CARMA,pred,2.3350179079125977,0.0,0.0,0.0,0.5210345584025294,114743.37890450687,1520.0,33.909555430491636,2023-10-30,0.75,12.0
16008,0.5,504,True,CARMA,pred,2.279225376691848,0.0,0.0,0.0,0.5207397503405343,114743.37890450687,1520.0,51.00624253808677,2023-10-30,0.75,18.0
16008,0.5,504,True,CARMA,pred,2.4379622633806814,0.0,0.0,0.0,0.5236478204929361,114743.37890450687,1520.0,20.11866642856067,2023-10-30,1.0,6.0
16008,0.5,504,True,CARMA,pred,2.281500103082128,0.0,0.0,0.0,0.5184129746193874,114743.37890450687,1520.0,37.0660802197477,2023-10-30,1.0,12.0
16008,0.5,504,True,CARMA,pred,2.285277854718352,0.0,0.0,0.0,0.5216115178734192,114743.37890450687,1520.0,50.525277650229434,2023-10-30,1.0,18.0
16008,0.5,504,True,CARMA,pred,2.4114055884577,0.0,0.0,0.0,0.523823451660855,114743.37890450687,1520.0,19.28902177128966,2023-10-30,1.25,6.0
16008,0.5,504,True,CARMA,pred,2.3228709854500313,0.0,0.0,0.0,0.5141415025006528,114743.37890450687,1520.0,35.456574981901824,2023-10-30,1.25,12.0
16008,0.5,504,True,CARMA,pred,2.3456106590610992,0.0,0.0,0.0,0.5110699476051972,114743.37890450687,1520.0,56.06984182351913,2023-10-30,1.25,18.0
16176,0.5,505,True,MPC,pred,3.4613109137579845,0.0,0.0,0.0,0.5097627733843451,113797.0354469592,1521.0,4.249987276136883,2023-11-06,,
16176,0.5,505,True,Oracle,truth,2.708389849,0.0,0.0,0.0,0.5100979983530064,113797.0354469592,1521.0,,2023-11-06,,
16176,0.5,505,True,CARMA,pred,3.181649799603414,0.0,0.0,0.0,0.5279720576290668,113797.0354469592,1521.0,17.899492421749688,2023-11-06,0.5,6.0
16176,0.5,505,True,CARMA,pred,3.067710045412742,0.0,0.0,0.0,0.5272316978857581,113797.0354469592,1521.0,29.222018551105673,2023-11-06,0.5,12.0
16176,0.5,505,True,CARMA,pred,3.044335800497056,0.0,0.0,0.0,0.5225982775135721,113797.0354469592,1521.0,48.778360511100296,2023-11-06,0.5,18.0
16176,0.5,505,True,CARMA,pred,3.074174553460518,0.0,0.0,0.0,0.5309420023681413,113797.0354469592,1521.0,18.174381454149444,2023-11-06,0.75,6.0
16176,0.5,505,True,CARMA,pred,2.8907430859928396,0.0,0.0,0.0,0.5261312677708502,113797.0354469592,1521.0,32.525483209836025,2023-11-06,0.75,12.0
16176,0.5,505,True,CARMA,pred,2.830407335512101,0.0,0.0,0.0,0.5256835185935574,113797.0354469592,1521.0,55.02990879463506,2023-11-06,0.75,18.0
16176,0.5,505,True,CARMA,pred,3.0034760790869197,0.0,0.0,0.0,0.5214236166018736,113797.0354469592,1521.0,16.907100765500427,2023-11-06,1.0,6.0
16176,0.5,505,True,CARMA,pred,2.8334165691890036,0.0,0.0,0.0,0.524279748677069,113797.0354469592,1521.0,34.638904183038576,2023-11-06,1.0,12.0
16176,0.5,505,True,CARMA,pred,2.8328539091997444,0.0,0.0,0.0,0.5119445771367452,113797.0354469592,1521.0,54.87030243943074,2023-11-06,1.0,18.0
16176,0.5,505,True,CARMA,pred,2.9638094116816807,0.0,0.0,0.0,0.5200163871385287,113797.0354469592,1521.0,16.126767318588158,2023-11-06,1.25,6.0
16176,0.5,505,True,CARMA,pred,2.854052669630258,0.0,0.0,0.0,0.506869522036735,113797.0354469592,1521.0,36.24465522420804,2023-11-06,1.25,12.0
16176,0.5,505,True,CARMA,pred,2.8991333144817584,0.0,0.0,0.0,0.5027996132392696,113797.0354469592,1521.0,53.87315372644941,2023-11-06,1.25,18.0
16344,0.5,506,True,MPC,pred,4.775106790395127,0.0,0.0,0.0,0.5254065202481487,114535.07617219127,1534.0,3.8002044553089016,2023-11-13,,
16344,0.5,506,True,Oracle,truth,4.1523753636,0.0,0.0,0.0,0.5479681168207778,114535.07617219127,1534.0,,2023-11-13,,
16344,0.5,506,True,CARMA,pred,4.59905968793856,0.0,0.0,0.0,0.5365443103219921,114535.07617219127,1534.0,14.697619068387306,2023-11-13,0.5,6.0
16344,0.5,506,True,CARMA,pred,4.471484436248999,0.0,0.0,0.0,0.5436950777292074,114535.07617219127,1534.0,30.182585581188604,2023-11-13,0.5,12.0
16344,0.5,506,True,CARMA,pred,4.469388944071073,0.0,0.0,0.0,0.5443788020780644,114535.07617219127,1534.0,45.9185420396244,2023-11-13,0.5,18.0
16344,0.5,506,True,CARMA,pred,4.498371323667506,0.0,0.0,0.0,0.546757701420651,114535.07617219127,1534.0,17.5344419824501,2023-11-13,0.75,6.0
16344,0.5,506,True,CARMA,pred,4.402803977364621,0.0,0.0,0.0,0.5492972015999942,114535.07617219127,1534.0,31.580935448865702,2023-11-13,0.75,12.0
16344,0.5,506,True,CARMA,pred,4.391502270693006,0.0,0.0,0.0,0.5503677981744152,114535.07617219127,1534.0,50.720445156234256,2023-11-13,0.75,18.0
16344,0.5,506,True,CARMA,pred,4.4752770192425375,0.0,0.0,0.0,0.5508463320667538,114535.07617219127,1534.0,18.135697942478597,2023-11-13,1.0,6.0
16344,0.5,506,True,CARMA,pred,4.365091416612365,0.0,0.0,0.0,0.554440830164367,114535.07617219127,1534.0,34.26753513006266,2023-11-13,1.0,12.0
16344,0.5,506,True,CARMA,pred,4.346032384349679,0.0,0.0,0.0,0.5583487349276428,114535.07617219127,1534.0,54.652812556049064,2023-11-13,1.0,18.0
16344,0.5,506,True,CARMA,pred,4.448213216204314,0.0,0.0,0.0,0.547099184209649,114535.07617219127,1534.0,16.223982769910418,2023-11-13,1.25,6.0
16344,0.5,506,True,CARMA,pred,4.373838471634833,0.0,0.0,0.0,0.5507712812616865,114535.07617219127,1534.0,36.22273332433832,2023-11-13,1.25,12.0
16344,0.5,506,True,CARMA,pred,4.341733642332924,0.0,0.0,0.0,0.5403075162862467,114535.07617219127,1534.0,57.08020047297994,2023-11-13,1.25,18.0
16512,0.5,507,True,MPC,pred,3.8205950551843912,0.0,0.0,0.0,0.5179565264811199,115267.9624331729,1500.0,5.2062829401667186,2023-11-20,,
16512,0.5,507,True,Oracle,truth,3.1433910265,0.0,0.0,0.0,0.5267083647392344,115267.9624331729,1500.0,,2023-11-20,,
16512,0.5,507,True,CARMA,pred,3.6522504453969113,0.0,0.0,0.0,0.5231730423172671,115267.9624331729,1500.0,16.23755956709384,2023-11-20,0.5,6.0
16512,0.5,507,True,CARMA,pred,3.556937919320154,0.0,0.0,0.0,0.5225229776217364,115267.9624331729,1500.0,31.325397048661706,2023-11-20,0.5,12.0
16512,0.5,507,True,CARMA,pred,3.522211144831875,0.0,0.0,0.0,0.5211838648479753,115267.9624331729,1500.0,50.617251738927266,2023-11-20,0.5,18.0
16512,0.5,507,True,CARMA,pred,3.5823692885893688,0.0,0.0,0.0,0.5268129204725996,115267.9624331729,1500.0,19.673092320192012,2023-11-20,0.75,6.0
16512,0.5,507,True,CARMA,pred,3.411928124565346,0.0,0.0,0.0,0.5324169089462539,115267.9624331729,1500.0,34.63416020001104,2023-11-20,0.75,12.0
16512,0.5,507,True,CARMA,pred,3.3992640854149965,0.0,0.0,0.0,0.52800934257604,115267.9624331729,1500.0,56.93781758222435,2023-11-20,0.75,18.0
16512,0.5,507,True,CARMA,pred,3.5412983279322163,0.0,0.0,0.0,0.5287053108797379,115267.9624331729,1500.0,17.994726799992755,2023-11-20,1.0,6.0
16512,0.5,507,True,CARMA,pred,3.3473549364054427,0.0,0.0,0.0,0.5388398868968326,115267.9624331729,1500.0,33.152637448899135,2023-11-20,1.0,12.0
16512,0.5,507,True,CARMA,pred,3.34215729269749,0.0,0.0,0.0,0.5336737869316734,115267.9624331729,1500.0,54.41209688789291,2023-11-20,1.0,18.0
16512,0.5,507,True,CARMA,pred,3.458447692836538,0.0,0.0,0.0,0.5393195030966911,115267.9624331729,1500.0,18.961918600006257,2023-11-20,1.25,6.0
16512,0.5,507,True,CARMA,pred,3.326763858425658,0.0,0.0,0.0,0.5312867076658848,115267.9624331729,1500.0,36.07367499102511,2023-11-20,1.25,12.0
16512,0.5,507,True,CARMA,pred,3.439300146163512,0.0,0.0,0.0,0.5186534557815375,115267.9624331729,1500.0,52.60474927930781,2023-11-20,1.25,18.0
16680,0.5,508,True,MPC,pred,8.04144731894857,0.0,0.0,0.0,0.47393599583359325,117195.14939128078,1567.0,3.8864679071966095,2023-11-27,,
16680,0.5,508,True,Oracle,truth,7.4632493519,0.0,0.0,0.0,0.48937153370160674,117195.14939128078,1567.0,,2023-11-27,,
16680,0.5,508,True,CARMA,pred,7.914168446872916,0.0,0.0,0.0,0.47986514783465983,117195.14939128078,1567.0,14.370900033779286,2023-11-27,0.5,6.0
16680,0.5,508,True,CARMA,pred,7.836645903284579,0.0,0.0,0.0,0.47908703032737376,117195.14939128078,1567.0,30.05173774684366,2023-11-27,0.5,12.0
16680,0.5,508,True,CARMA,pred,7.79935369001425,0.0,0.0,0.0,0.48059388285106414,117195.14939128078,1567.0,48.73351391981241,2023-11-27,0.5,18.0
16680,0.5,508,True,CARMA,pred,7.828989317250483,0.0,0.0,0.0,0.48468157827465724,117195.14939128078,1567.0,16.132365139108753,2023-11-27,0.75,6.0
16680,0.5,508,True,CARMA,pred,7.7034061136219405,0.0,0.0,0.0,0.4852626461639829,117195.14939128078,1567.0,33.94573133045924,2023-11-27,0.75,12.0
16680,0.5,508,True,CARMA,pred,7.660426569085726,0.0,0.0,0.0,0.48948849021502355,117195.14939128078,1567.0,54.00773038053582,2023-11-27,0.75,18.0
16680,0.5,508,True,CARMA,pred,7.773468542101951,0.0,0.0,0.0,0.4826650589898176,117195.14939128078,1567.0,19.944624817415626,2023-11-27,1.0,6.0
16680,0.5,508,True,CARMA,pred,7.65343305456475,0.0,0.0,0.0,0.4827647040600339,117195.14939128078,1567.0,37.05941111111113,2023-11-27,1.0,12.0
16680,0.5,508,True,CARMA,pred,7.631566831277493,0.0,0.0,0.0,0.4898206034708327,117195.14939128078,1567.0,55.826797155556655,2023-11-27,1.0,18.0
16680,0.5,508,True,CARMA,pred,7.762587233544175,0.0,0.0,0.0,0.4765610536290561,117195.14939128078,1567.0,17.090408684203684,2023-11-27,1.25,6.0
16680,0.5,508,True,CARMA,pred,7.714522306147792,0.0,0.0,0.0,0.48001781196786747,117195.14939128078,1567.0,38.99396448215344,2023-11-27,1.25,12.0
16680,0.5,508,True,CARMA,pred,7.765886788548632,0.0,0.0,0.0,0.4852320834260187,117195.14939128078,1567.0,58.54686389236607,2023-11-27,1.25,18.0
16848,0.5,509,True,MPC,pred,4.086594726212201,0.0,0.0,0.0,0.5325237989865729,113168.7626501414,1455.0,4.261510537114735,2023-12-04,,
16848,0.5,509,True,Oracle,truth,3.4262656743,0.0,0.0,0.0,0.5415212516677933,113168.7626501414,1455.0,,2023-12-04,,
16848,0.5,509,True,CARMA,pred,3.930616962932518,0.0,0.0,0.0,0.5463676908111925,113168.7626501414,1455.0,15.258425828197499,2023-12-04,0.5,6.0
16848,0.5,509,True,CARMA,pred,3.8947621354857667,0.0,0.0,0.0,0.5440394849789113,113168.7626501414,1455.0,31.31791356890163,2023-12-04,0.5,12.0
16848,0.5,509,True,CARMA,pred,3.8516806020630994,0.0,0.0,0.0,0.544553030471316,113168.7626501414,1455.0,43.49513019555767,2023-12-04,0.5,18.0
16848,0.5,509,True,CARMA,pred,3.944622006731528,0.0,0.0,0.0,0.5407925862219347,113168.7626501414,1455.0,17.440768555548452,2023-12-04,0.75,6.0
16848,0.5,509,True,CARMA,pred,3.782318900101387,0.0,0.0,0.0,0.5431058967556025,113168.7626501414,1455.0,34.46027768445573,2023-12-04,0.75,12.0
16848,0.5,509,True,CARMA,pred,3.6890731670954238,0.0,0.0,0.0,0.5498124925749482,113168.7626501414,1455.0,48.080544706679376,2023-12-04,0.75,18.0
16848,0.5,509,True,CARMA,pred,3.927288274206565,0.0,0.0,0.0,0.538943614072412,113168.7626501414,1455.0,15.87112300889809,2023-12-04,1.0,6.0
16848,0.5,509,True,CARMA,pred,3.72075687649975,0.0,0.0,0.0,0.5443993889043883,113168.7626501414,1455.0,37.82727542342367,2023-12-04,1.0,12.0
16848,0.5,509,True,CARMA,pred,3.674227832312543,0.0,0.0,0.0,0.548178703251596,113168.7626501414,1455.0,54.51989541441984,2023-12-04,1.0,18.0
16848,0.5,509,True,CARMA,pred,3.969133742068686,0.0,0.0,0.0,0.538826219527245,113168.7626501414,1455.0,19.852466219711587,2023-12-04,1.25,6.0
16848,0.5,509,True,CARMA,pred,3.767309653940724,0.0,0.0,0.0,0.5427286708670255,113168.7626501414,1455.0,38.12678781531275,2023-12-04,1.25,12.0
16848,0.5,509,True,CARMA,pred,3.750255706926618,0.0,0.0,0.0,0.5394924466010135,113168.7626501414,1455.0,55.18684689186844,2023-12-04,1.25,18.0
17016,0.5,510,True,MPC,pred,3.227103086604574,0.0,0.0,0.0,0.5341509016713745,113082.6955013234,1510.0,4.211022856529582,2023-12-11,,
17016,0.5,510,True,Oracle,truth,2.7385254352,0.0,0.0,0.0,0.5216758385398552,113082.6955013234,1510.0,,2023-12-11,,
17016,0.5,510,True,CARMA,pred,3.0324615553667456,0.0,0.0,0.0,0.5363273124082777,113082.6955013234,1510.0,17.85378989911965,2023-12-11,0.5,6.0
17016,0.5,510,True,CARMA,pred,2.9410917723686865,0.0,0.0,0.0,0.532222368861944,113082.6955013234,1510.0,29.034518823000244,2023-12-11,0.5,12.0
17016,0.5,510,True,CARMA,pred,2.9323427109812124,0.0,0.0,0.0,0.5307695917371905,113082.6955013234,1510.0,45.17676965486365,2023-12-11,0.5,18.0
17016,0.5,510,True,CARMA,pred,2.968969727378274,0.0,0.0,0.0,0.5344354986334319,113082.6955013234,1510.0,15.64797853099252,2023-12-11,0.75,6.0
17016,0.5,510,True,CARMA,pred,2.9001531181901377,0.0,0.0,0.0,0.5322667869694051,113082.6955013234,1510.0,33.30790302212271,2023-12-11,0.75,12.0
17016,0.5,510,True,CARMA,pred,2.8661859849156635,0.0,0.0,0.0,0.5317656334532979,113082.6955013234,1510.0,52.211085573348505,2023-12-11,0.75,18.0
17016,0.5,510,True,CARMA,pred,2.984836468077575,0.0,0.0,0.0,0.5346272586557141,113082.6955013234,1510.0,18.891150827450264,2023-12-11,1.0,6.0
17016,0.5,510,True,CARMA,pred,2.939269445044919,0.0,0.0,0.0,0.5308497768253974,113082.6955013234,1510.0,34.94164932000584,2023-12-11,1.0,12.0
17016,0.5,510,True,CARMA,pred,2.9299800647490555,0.0,0.0,0.0,0.5306920933411748,113082.6955013234,1510.0,51.31859054909934,2023-12-11,1.0,18.0
17016,0.5,510,True,CARMA,pred,3.0079942303354663,0.0,0.0,0.0,0.532563711332985,113082.6955013234,1510.0,15.98009844247722,2023-12-11,1.25,6.0
17016,0.5,510,True,CARMA,pred,2.974353468313853,0.0,0.0,0.0,0.5223906107126159,113082.6955013234,1510.0,35.56391397309109,2023-12-11,1.25,12.0
17016,0.5,510,True,CARMA,pred,3.1055370958482316,0.0,0.0,0.0,0.5183149814545519,113082.6955013234,1510.0,57.0501996681444,2023-12-11,1.25,18.0
17184,0.5,511,True,MPC,pred,0.9298211348764396,0.0,0.0,0.0,0.5564827548357963,118184.13952197897,1551.0,5.748827774915964,2023-12-18,,
17184,0.5,511,True,Oracle,truth,0.7307290579,0.0,0.0,0.0,0.567344740768116,118184.13952197897,1551.0,,2023-12-18,,
17184,0.5,511,True,CARMA,pred,0.8953277118069182,0.0,0.0,0.0,0.5613057681764895,118184.13952197897,1551.0,17.3961939567109,2023-12-18,0.5,6.0
17184,0.5,511,True,CARMA,pred,0.8738130491155868,0.0,0.0,0.0,0.5612412593664312,118184.13952197897,1551.0,31.55398049564452,2023-12-18,0.5,12.0
17184,0.5,511,True,CARMA,pred,0.8631171602822346,0.0,0.0,0.0,0.5625904697449996,118184.13952197897,1551.0,44.3756220695733,2023-12-18,0.5,18.0
17184,0.5,511,True,CARMA,pred,0.8722695398035527,0.0,0.0,0.0,0.5624317471985231,118184.13952197897,1551.0,17.136812395637723,2023-12-18,0.75,6.0
17184,0.5,511,True,CARMA,pred,0.8065613329932516,0.0,0.0,0.0,0.5658736291997741,118184.13952197897,1551.0,31.30813589474887,2023-12-18,0.75,12.0
17184,0.5,511,True,CARMA,pred,0.7818999631418878,0.0,0.0,0.0,0.5639769939642885,118184.13952197897,1551.0,45.99713757778065,2023-12-18,0.75,18.0
17184,0.5,511,True,CARMA,pred,0.8567058538804856,0.0,0.0,0.0,0.5635835921900484,118184.13952197897,1551.0,18.408686070184206,2023-12-18,1.0,6.0
17184,0.5,511,True,CARMA,pred,0.7967603708997585,0.0,0.0,0.0,0.5634027342776938,118184.13952197897,1551.0,31.115048644436076,2023-12-18,1.0,12.0
17184,0.5,511,True,CARMA,pred,0.8011625472636577,0.0,0.0,0.0,0.566349058307212,118184.13952197897,1551.0,52.302038358758004,2023-12-18,1.0,18.0
17184,0.5,511,True,CARMA,pred,0.8440752809203782,0.0,0.0,0.0,0.561972120417,118184.13952197897,1551.0,18.501855229080103,2023-12-18,1.25,6.0
17184,0.5,511,True,CARMA,pred,0.8163740023594109,0.0,0.0,0.0,0.5534439779451777,118184.13952197897,1551.0,32.277741457384906,2023-12-18,1.25,12.0
17184,0.5,511,True,CARMA,pred,0.8512588981211591,0.0,0.0,0.0,0.5528189708239504,118184.13952197897,1551.0,54.18000621719379,2023-12-18,1.25,18.0
17352,0.5,512,True,MPC,pred,1.0968336222983934,0.0,0.0,0.0,0.46823977107651915,120237.69722299729,1561.0,5.692691906379549,2023-12-25,,
17352,0.5,512,True,Oracle,truth,0.7999891935666665,0.0,0.0,0.0,0.5191934929044862,120237.69722299729,1561.0,,2023-12-25,,
17352,0.5,512,True,CARMA,pred,1.0067923049069918,0.0,0.0,0.0,0.48536729602717016,120237.69722299729,1561.0,16.707532093601294,2023-12-25,0.5,6.0
17352,0.5,512,True,CARMA,pred,0.9861172382005586,0.0,0.0,0.0,0.48822884404222167,120237.69722299729,1561.0,32.35372108936335,2023-12-25,0.5,12.0
17352,0.5,512,True,CARMA,pred,0.9824183936138616,0.0,0.0,0.0,0.4888017677389965,120237.69722299729,1561.0,48.540587344692504,2023-12-25,0.5,18.0
17352,0.5,512,True,CARMA,pred,0.9428261200167318,0.0,0.0,0.0,0.4878537156752271,120237.69722299729,1561.0,19.203976927658122,2023-12-25,0.75,6.0
17352,0.5,512,True,CARMA,pred,0.9120813812192093,0.0,0.0,0.0,0.501242105139284,120237.69722299729,1561.0,34.4338663233952,2023-12-25,0.75,12.0
17352,0.5,512,True,CARMA,pred,0.8893451344917604,0.0,0.0,0.0,0.517262051088988,120237.69722299729,1561.0,51.24461303848175,2023-12-25,0.75,18.0
17352,0.5,512,True,CARMA,pred,0.9048884590671921,0.0,0.0,0.0,0.4912597458161505,120237.69722299729,1561.0,18.04313579914456,2023-12-25,1.0,6.0
17352,0.5,512,True,CARMA,pred,0.8625910795696421,0.0,0.0,0.0,0.5114319477040766,120237.69722299729,1561.0,35.07519652656714,2023-12-25,1.0,12.0
17352,0.5,512,True,CARMA,pred,0.8512560485832568,0.0,0.0,0.0,0.5220010237488591,120237.69722299729,1561.0,59.32096939822041,2023-12-25,1.0,18.0
17352,0.5,512,True,CARMA,pred,0.8947165560852595,0.0,0.0,0.0,0.5039865148131005,120237.69722299729,1561.0,20.919825942747885,2023-12-25,1.25,6.0
17352,0.5,512,True,CARMA,pred,0.8714408219565337,0.0,0.0,0.0,0.5191257811081369,120237.69722299729,1561.0,36.94903128318433,2023-12-25,1.25,12.0
17352,0.5,512,True,CARMA,pred,0.8694972961692035,0.0,0.0,0.0,0.5135186155974878,120237.69722299729,1561.0,62.74608109416301,2023-12-25,1.25,18.0
15336,0.7,500,True,MPC,pred,3.9340904559422274,0.009715143500756888,0.04537121906507791,0.0,0.3269531013380429,166463.55983189825,2182.0,7.841449469584483,2023-10-02,,
15336,0.7,500,True,Oracle,truth,3.0601851000999996,0.0,0.0,0.0,0.31455629119596784,166463.55983189825,2182.0,,2023-10-02,,
15336,0.7,500,True,CARMA,pred,3.826800513219445,0.002489853624543864,0.02612282309807516,0.0,0.33047777823167285,166463.55983189825,2182.0,21.850239183414967,2023-10-02,0.5,6.0
15336,0.7,500,True,CARMA,pred,3.779654393465443,0.001816237048060665,0.016498625114573784,0.0,0.3314088851406007,166463.55983189825,2182.0,43.1495298165963,2023-10-02,0.5,12.0
15336,0.7,500,True,CARMA,pred,3.7135655081080463,0.0008103419090046563,0.01237396883593034,0.0,0.33117495121475304,166463.55983189825,2182.0,66.16984589035575,2023-10-02,0.5,18.0
15336,0.7,500,True,CARMA,pred,3.6929617863061517,0.0002583465385829153,0.00458295142071494,0.0,0.33172633952163477,166463.55983189825,2182.0,25.470802462880517,2023-10-02,0.75,6.0
15336,0.7,500,True,CARMA,pred,3.5467264327814068,0.00025840690427920716,0.005041246562786435,0.0,0.3292969150512625,166463.55983189825,2182.0,52.65873822125173,2023-10-02,0.75,12.0
15336,0.7,500,True,CARMA,pred,3.380878779116137,0.00021685849438441538,0.002749770852428964,0.0,0.32217263092146436,166463.55983189825,2182.0,77.82371751768068,2023-10-02,0.75,18.0
15336,0.7,500,True,CARMA,pred,3.6070601818155157,4.509072670502485e-05,0.0018331805682859762,0.0,0.33239314032857303,166463.55983189825,2182.0,25.133985141559027,2023-10-02,1.0,6.0
15336,0.7,500,True,CARMA,pred,3.450628383787382,1.5539806789028696e-05,0.0018331805682859762,0.0,0.32066951676761524,166463.55983189825,2182.0,52.31885277434416,2023-10-02,1.0,12.0
15336,0.7,500,True,CARMA,pred,3.33198329945444,0.0,0.0,0.0,0.3208394284803633,166463.55983189825,2182.0,76.10808031694815,2023-10-02,1.0,18.0
15336,0.7,500,True,CARMA,pred,3.60936091096988,0.0,0.0,0.0,0.3274276117178381,166463.55983189825,2182.0,27.806223424785,2023-10-02,1.25,6.0
15336,0.7,500,True,CARMA,pred,3.457649438636126,0.0,0.0,0.0,0.31793948690239776,166463.55983189825,2182.0,47.78731558483124,2023-10-02,1.25,12.0
15336,0.7,500,True,CARMA,pred,3.3883261868595165,0.0,0.0,0.0,0.32303321840942845,166463.55983189825,2182.0,78.08988145043341,2023-10-02,1.25,18.0
15504,0.7,501,True,MPC,pred,5.81033661353609,0.016611040156532666,0.06484483557202408,0.0,0.3101379752769921,165587.5406092412,2159.0,6.558087157446471,2023-10-09,,
15504,0.7,501,True,Oracle,truth,4.840947933700001,0.0,0.0,0.0,0.3086714121844232,165587.5406092412,2159.0,,2023-10-09,,
15504,0.7,501,True,CARMA,pred,5.701993550382887,0.011842214413413892,0.047244094488188976,0.0,0.31784761604317335,165587.5406092412,2159.0,24.554340146545233,2023-10-09,0.5,6.0
15504,0.7,501,True,CARMA,pred,5.64500863951361,0.007720047195247879,0.03983325613710051,0.0,0.3226118260154751,165587.5406092412,2159.0,43.11516166232938,2023-10-09,0.5,12.0
15504,0.7,501,True,CARMA,pred,5.6078570273541235,0.004159177520466634,0.02779064381658175,0.0,0.3188033906680709,165587.5406092412,2159.0,60.77171079653048,2023-10-09,0.5,18.0
15504,0.7,501,True,CARMA,pred,5.605924550966139,0.0029702507779680275,0.020379805465493284,0.0,0.32778146133596614,165587.5406092412,2159.0,27.2354802684111,2023-10-09,0.75,6.0
15504,0.7,501,True,CARMA,pred,5.440478071275497,0.0009762908442625363,0.009726725335803613,0.0,0.3198915044604266,165587.5406092412,2159.0,45.11974652423545,2023-10-09,0.75,12.0
15504,0.7,501,True,CARMA,pred,5.299490329996704,0.0013623972131169692,0.010189902732746642,0.0,0.3194636718236118,165587.5406092412,2159.0,66.57468488545555,2023-10-09,0.75,18.0
15504,0.7,501,True,CARMA,pred,5.545942595243484,0.0009552569508807416,0.008337193144974525,0.0,0.321733509293668,165587.5406092412,2159.0,24.126446088108736,2023-10-09,1.0,6.0
15504,0.7,501,True,CARMA,pred,5.284139976290761,0.0,0.0,0.0,0.3158716557260082,165587.5406092412,2159.0,44.41106821236765,2023-10-09,1.0,12.0
15504,0.7,501,True,CARMA,pred,5.236708569839929,0.0006352841909972441,0.007410838351088467,0.0,0.3126353000679694,165587.5406092412,2159.0,73.94031838394304,2023-10-09,1.0,18.0
15504,0.7,501,True,CARMA,pred,5.48705913401601,4.1396480944457926e-05,0.002315886984715146,0.0,0.31744803213796796,165587.5406092412,2159.0,23.724534629966428,2023-10-09,1.25,6.0
15504,0.7,501,True,CARMA,pred,5.352168891206139,0.0,0.0,0.0,0.31034538979861914,165587.5406092412,2159.0,52.66546644888675,2023-10-09,1.25,12.0
15504,0.7,501,True,CARMA,pred,5.452223585150839,0.0,0.0,0.0,0.29943481746953804,165587.5406092412,2159.0,73.05613424776041,2023-10-09,1.25,18.0
15672,0.7,502,True,MPC,pred,6.27572399247393,0.026195706919498293,0.1052393857271906,0.0,0.2981386009361375,168860.153127672,2214.0,7.669403159687655,2023-10-16,,
15672,0.7,502,True,Oracle,truth,5.692398677909523,0.0,0.0,0.0,0.2824221056103307,168860.153127672,2214.0,,2023-10-16,,
15672,0.7,502,True,CARMA,pred,6.215231530712184,0.008018640708590466,0.044715447154471545,0.0,0.2997285678546741,168860.153127672,2214.0,21.905543558829756,2023-10-16,0.5,6.0
15672,0.7,502,True,CARMA,pred,6.156457400607526,0.004609302478245976,0.03026196928635953,0.0,0.30364243475663477,168860.153127672,2214.0,46.68839996118722,2023-10-16,0.5,12.0
15672,0.7,502,True,CARMA,pred,6.113231355591066,0.0022040331438677565,0.014001806684733513,0.0,0.3028222323604896,168860.153127672,2214.0,62.358356225076655,2023-10-16,0.5,18.0
15672,0.7,502,True,CARMA,pred,6.158187466920631,0.0026616946154085232,0.018518518518518517,0.0,0.3038411939683324,168860.153127672,2214.0,23.936111447823272,2023-10-16,0.75,6.0
15672,0.7,502,True,CARMA,pred,6.045698773595876,0.0,0.0,0.0,0.3120951026992503,168860.153127672,2214.0,45.982146369537396,2023-10-16,0.75,12.0
15672,0.7,502,True,CARMA,pred,6.085266907524653,0.0,0.0,0.0,0.30627939163505913,168860.153127672,2214.0,63.30035168557952,2023-10-16,0.75,18.0
15672,0.7,502,True,CARMA,pred,6.132492144034607,0.00044539626843574176,0.005420054200542005,0.0,0.30724332075761,168860.153127672,2214.0,25.63619916956233,2023-10-16,1.0,6.0
15672,0.7,502,True,CARMA,pred,6.074479207831029,0.0,0.0,0.0,0.3100154357454609,168860.153127672,2214.0,47.81704756388307,2023-10-16,1.0,12.0
15672,0.7,502,True,CARMA,pred,6.175261003370983,0.0,0.0,0.0,0.29736845557648656,168860.153127672,2214.0,72.95474572564252,2023-10-16,1.0,18.0
15672,0.7,502,True,CARMA,pred,6.108906523765575,0.0,0.0,0.0,0.3069983179122851,168860.153127672,2214.0,26.12302176856358,2023-10-16,1.25,6.0
15672,0.7,502,True,CARMA,pred,6.187770699857844,0.0,0.0,0.0,0.3000448690677703,168860.153127672,2214.0,51.5544873332975,2023-10-16,1.25,12.0
15672,0.7,502,True,CARMA,pred,6.3769428527816405,0.0,0.0,0.0,0.2863669508162444,168860.153127672,2214.0,77.11511299112924,2023-10-16,1.25,18.0
15840,0.7,503,True,MPC,pred,8.863705157534431,0.03702959906516353,0.1651376146788991,0.0,0.2674555124165135,168786.09957749603,2180.0,7.293907405847338,2023-10-23,,
15840,0.7,503,True,Oracle,truth,7.7955437718,0.0,0.0,0.0,0.24357331618486763,168786.09957749603,2180.0,,2023-10-23,,
15840,0.7,503,True,CARMA,pred,8.669204328774283,0.018176033609279194,0.09495412844036698,0.0,0.2661123896501932,168786.09957749603,2180.0,24.430148282627947,2023-10-23,0.5,6.0
15840,0.7,503,True,CARMA,pred,8.504302765592056,0.013583101495599733,0.08302752293577982,0.0,0.2653540008833986,168786.09957749603,2180.0,44.3612421710333,2023-10-23,0.5,12.0
15840,0.7,503,True,CARMA,pred,8.431336870923147,0.01259878424999316,0.08302752293577982,0.0,0.25960809306982047,168786.09957749603,2180.0,72.64433669163613,2023-10-23,0.5,18.0
15840,0.7,503,True,CARMA,pred,8.550004430090793,0.004792935348947615,0.03990825688073395,0.0,0.26586531917010325,168786.09957749603,2180.0,24.541009716157966,2023-10-23,0.75,6.0
15840,0.7,503,True,CARMA,pred,8.293675985233543,0.0025995200317629826,0.023853211009174313,0.0,0.26019850640569575,168786.09957749603,2180.0,54.09081605334197,2023-10-23,0.75,12.0
15840,0.7,503,True,CARMA,pred,8.203442162259288,0.0017917582843129372,0.027522935779816515,0.0,0.26322759219043196,168786.09957749603,2180.0,84.41547696428741,2023-10-23,0.75,18.0
15840,0.7,503,True,CARMA,pred,8.376447337986198,0.0007610320969593103,0.0045871559633027525,0.0,0.2635983968731939,168786.09957749603,2180.0,32.381461434203885,2023-10-23,1.0,6.0
15840,0.7,503,True,CARMA,pred,8.1464199343513,2.533883432465763e-05,0.001834862385321101,0.0,0.2677391969830626,168786.09957749603,2180.0,63.22596068158896,2023-10-23,1.0,12.0
15840,0.7,503,True,CARMA,pred,8.046660360082573,0.0,0.0,0.0,0.2599386619974026,168786.09957749603,2180.0,85.16343782958458,2023-10-23,1.0,18.0
15840,0.7,503,True,CARMA,pred,8.269969647534596,0.000306221514782878,0.0045871559633027525,0.0,0.25930091661782717,168786.09957749603,2180.0,34.75781178071046,2023-10-23,1.25,6.0
15840,0.7,503,True,CARMA,pred,8.130931203607902,0.0,0.0,0.0,0.26181216416450837,168786.09957749603,2180.0,52.73249538564137,2023-10-23,1.25,12.0
15840,0.7,503,True,CARMA,pred,8.073378902429607,0.0,0.0,0.0,0.26220100874693414,168786.09957749603,2180.0,78.68561559457949,2023-10-23,1.25,18.0
16008,0.7,504,True,MPC,pred,5.6312401779573555,0.013472011053317775,0.06543778801843318,0.0,0.3038163365718119,164554.64009634324,2170.0,7.577908264062241,2023-10-30,,
16008,0.7,504,True,Oracle,truth,4.5436144892999994,0.0,0.0,0.0,0.27398959988975674,164554.64009634324,2170.0,,2023-10-30,,
16008,0.7,504,True,CARMA,pred,5.230298504948919,0.0,0.0,0.0,0.3023947215949696,164554.64009634324,2170.0,22.693472681221543,2023-10-30,0.5,6.0
16008,0.7,504,True,CARMA,pred,4.928403671239826,0.0,0.0,0.0,0.29445879848604284,164554.64009634324,2170.0,40.149506903094434,2023-10-30,0.5,12.0
16008,0.7,504,True,CARMA,pred,4.869627337359489,0.0,0.0,0.0,0.29147716866103185,164554.64009634324,2170.0,60.86223419026033,2023-10-30,0.5,18.0
16008,0.7,504,True,CARMA,pred,4.9426387538818215,0.0,0.0,0.0,0.2889271179473903,164554.64009634324,2170.0,24.29252459032315,2023-10-30,0.75,6.0
16008,0.7,504,True,CARMA,pred,4.742500550590537,0.0,0.0,0.0,0.2886528779575837,164554.64009634324,2170.0,44.79842354665581,2023-10-30,0.75,12.0
16008,0.7,504,True,CARMA,pred,4.73994554308728,0.0,0.0,0.0,0.2808624723271831,164554.64009634324,2170.0,73.49162041333128,2023-10-30,0.75,18.0
16008,0.7,504,True,CARMA,pred,4.832040193808846,0.0,0.0,0.0,0.2856989179118622,164554.64009634324,2170.0,23.230445570803102,2023-10-30,1.0,6.0
16008,0.7,504,True,CARMA,pred,4.765541636613296,0.0,0.0,0.0,0.2822430416514443,164554.64009634324,2170.0,48.05621020179567,2023-10-30,1.0,12.0
16008,0.7,504,True,CARMA,pred,4.813462122085125,0.0,0.0,0.0,0.2786912236832981,164554.64009634324,2170.0,78.4633230627897,2023-10-30,1.0,18.0
16008,0.7,504,True,CARMA,pred,4.825425826958038,0.0,0.0,0.0,0.28925329686708007,164554.64009634324,2170.0,27.778936194670322,2023-10-30,1.25,6.0
16008,0.7,504,True,CARMA,pred,4.829596863020234,0.0,0.0,0.0,0.28327135715383994,164554.64009634324,2170.0,51.117058690575064,2023-10-30,1.25,12.0
16008,0.7,504,True,CARMA,pred,4.9621129507255235,0.0,0.0,0.0,0.2777552948809012,164554.64009634324,2170.0,82.349258301794,2023-10-30,1.25,18.0
16176,0.7,505,True,MPC,pred,6.060434841278113,0.0007902064181931152,0.009259259259259259,0.0,0.3570328206082627,151580.28519375168,2052.0,9.105427832622215,2023-11-06,,
16176,0.7,505,True,Oracle,truth,4.8934421955,0.0,0.0,0.0,0.3310116479584791,151580.28519375168,2052.0,,2023-11-06,,
16176,0.7,505,True,CARMA,pred,5.748759045290359,0.0004437505672072041,0.007309941520467836,0.0,0.350139814662689,151580.28519375168,2052.0,23.802498213345743,2023-11-06,0.5,6.0
16176,0.7,505,True,CARMA,pred,5.563738710640873,0.00040269425488994324,0.001949317738791423,0.0,0.35288955606555744,151580.28519375168,2052.0,43.00983080000151,2023-11-06,0.5,12.0
16176,0.7,505,True,CARMA,pred,5.492187542424453,0.00032122227715296564,0.003898635477582846,0.0,0.3535343748629042,151580.28519375168,2052.0,60.12301588395173,2023-11-06,0.5,18.0
16176,0.7,505,True,CARMA,pred,5.550955756411636,0.0004024418929224453,0.0014619883040935672,0.0,0.35126176260415776,151580.28519375168,2052.0,25.47696635396624,2023-11-06,0.75,6.0
16176,0.7,505,True,CARMA,pred,5.259533369249415,9.734612337604737e-06,0.0014619883040935672,0.0,0.3412810080709406,151580.28519375168,2052.0,40.55760771111535,2023-11-06,0.75,12.0
16176,0.7,505,True,CARMA,pred,5.148436800185467,0.0,0.0,0.0,0.33809778742045593,151580.28519375168,2052.0,66.02541513453747,2023-11-06,0.75,18.0
16176,0.7,505,True,CARMA,pred,5.382217523724457,0.0,0.0,0.0,0.3473910439228803,151580.28519375168,2052.0,23.026414690288767,2023-11-06,1.0,6.0
16176,0.7,505,True,CARMA,pred,5.114595644167888,0.0,0.0,0.0,0.33178872179935476,151580.28519375168,2052.0,44.91973312109002,2023-11-06,1.0,12.0
16176,0.7,505,True,CARMA,pred,5.114825876914613,0.0,0.0,0.0,0.32716333716466567,151580.28519375168,2052.0,70.03449504033512,2023-11-06,1.0,18.0
16176,0.7,505,True,CARMA,pred,5.296359417871759,0.0,0.0,0.0,0.34169248395969964,151580.28519375168,2052.0,25.211916826673487,2023-11-06,1.25,6.0
16176,0.7,505,True,CARMA,pred,5.188888587614783,0.0,0.0,0.0,0.3279812503199625,151580.28519375168,2052.0,46.43790246188265,2023-11-06,1.25,12.0
16176,0.7,505,True,CARMA,pred,5.24248898740851,0.0,0.0,0.0,0.32668472404827076,151580.28519375168,2052.0,75.6247136098766,2023-11-06,1.25,18.0
16344,0.7,506,True,MPC,pred,9.067648359486398,0.02058149638461359,0.08149171270718232,0.0,0.3306490029796729,164038.17798385496,2172.0,7.451743703394626,2023-11-13,,
16344,0.7,506,True,Oracle,truth,7.6418652424,0.0,0.0,0.0,0.3149674705914203,164038.17798385496,2172.0,,2023-11-13,,
16344,0.7,506,True,CARMA,pred,8.617848450121775,0.012856048411176381,0.05064456721915286,0.0,0.3284797820114638,164038.17798385496,2172.0,21.235335473926646,2023-11-13,0.5,6.0
16344,0.7,506,True,CARMA,pred,8.351607201150841,0.00823568450016865,0.02716390423572744,0.0,0.33086671096393677,164038.17798385496,2172.0,39.78775820960476,2023-11-13,0.5,12.0
16344,0.7,506,True,CARMA,pred,8.243754622692052,0.007378710257413372,0.0285451197053407,0.0,0.3301502466231228,164038.17798385496,2172.0,58.217424541481314,2023-11-13,0.5,18.0
16344,0.7,506,True,CARMA,pred,8.386170774724587,0.006638029714494088,0.028084714548802948,0.0,0.3289718920839514,164038.17798385496,2172.0,22.53931275982806,2023-11-13,0.75,6.0
16344,0.7,506,True,CARMA,pred,8.068773064683405,0.005322290740759047,0.02117863720073665,0.0,0.32544314797667795,164038.17798385496,2172.0,38.75635172443354,2023-11-13,0.75,12.0
16344,0.7,506,True,CARMA,pred,8.030549052556978,0.003389215358972487,0.02302025782688766,0.0,0.32319391154311333,164038.17798385496,2172.0,62.66795971877213,2023-11-13,0.75,18.0
16344,0.7,506,True,CARMA,pred,8.258435089836674,0.0014335264917806187,0.010128913443830571,0.0,0.3319470261525951,164038.17798385496,2172.0,20.41356622806776,2023-11-13,1.0,6.0
16344,0.7,506,True,CARMA,pred,7.950182089264954,0.0,0.0,0.0,0.3198275573547817,164038.17798385496,2172.0,45.99539920177592,2023-11-13,1.0,12.0
16344,0.7,506,True,CARMA,pred,7.919108957004165,0.0,0.0,0.0,0.31397181506572375,164038.17798385496,2172.0,67.74647878923655,2023-11-13,1.0,18.0
16344,0.7,506,True,CARMA,pred,8.134852090848828,0.0,0.0,0.0,0.3273654467011604,164038.17798385496,2172.0,24.694006342227414,2023-11-13,1.25,6.0
16344,0.7,506,True,CARMA,pred,7.976982572901331,0.0,0.0,0.0,0.31348202882142473,164038.17798385496,2172.0,46.55773383857631,2023-11-13,1.25,12.0
16344,0.7,506,True,CARMA,pred,8.012775932607552,0.0,0.0,0.0,0.30983412181995557,164038.17798385496,2172.0,73.32536707175343,2023-11-13,1.25,18.0
16512,0.7,507,True,MPC,pred,7.871705531911604,0.03227316118760127,0.11310084825636192,0.0,0.30002554189257646,168956.68822873302,2122.0,8.270957059580434,2023-11-20,,
16512,0.7,507,True,Oracle,truth,6.657011640899999,0.0,0.0,0.0,0.28733156709533614,168956.68822873302,2122.0,,2023-11-20,,
16512,0.7,507,True,CARMA,pred,7.507031884463366,0.018224147396523324,0.06974552309142319,0.0,0.30270251232117207,168956.68822873302,2122.0,25.177458843500457,2023-11-20,0.5,6.0
16512,0.7,507,True,CARMA,pred,7.2731627096351295,0.006545154578993804,0.03770028275212064,0.0,0.30386412765745086,168956.68822873302,2122.0,43.99406434782063,2023-11-20,0.5,12.0
16512,0.7,507,True,CARMA,pred,7.217168921098767,0.005493019627577882,0.03628652214891612,0.0,0.2975489887088932,168956.68822873302,2122.0,60.6723605545633,2023-11-20,0.5,18.0
16512,0.7,507,True,CARMA,pred,7.331042373341622,0.005105634145309462,0.027332704995287466,0.0,0.3035225274453698,168956.68822873302,2122.0,25.4608552999897,2023-11-20,0.75,6.0
16512,0.7,507,True,CARMA,pred,7.081226608048683,0.002328086988819805,0.015551366635249765,0.0,0.2990135432328175,168956.68822873302,2122.0,45.939328906651,2023-11-20,0.75,12.0
16512,0.7,507,True,CARMA,pred,7.049198896577641,0.0021539468370782204,0.012252591894439209,0.0,0.29482665653371676,168956.68822873302,2122.0,71.65957910223773,2023-11-20,0.75,18.0
16512,0.7,507,True,CARMA,pred,7.172848202404897,0.00027537212687936055,0.00235626767200754,0.0,0.3036679346185451,168956.68822873302,2122.0,23.129992634370353,2023-11-20,1.0,6.0
16512,0.7,507,True,CARMA,pred,7.0032459488478604,0.0,0.0,0.0,0.2952691652040017,168956.68822873302,2122.0,46.501062252216606,2023-11-20,1.0,12.0
16512,0.7,507,True,CARMA,pred,7.024645442712454,0.0,0.0,0.0,0.28967670051227856,168956.68822873302,2122.0,79.78487450894127,2023-11-20,1.0,18.0
16512,0.7,507,True,CARMA,pred,7.1180379172288175,0.0,0.0,0.0,0.2984909809169876,168956.68822873302,2122.0,27.008818590303086,2023-11-20,1.25,6.0
16512,0.7,507,True,CARMA,pred,7.0213228016498626,0.0,0.0,0.0,0.28927852914169744,168956.68822873302,2122.0,51.76203668445143,2023-11-20,1.25,12.0
16512,0.7,507,True,CARMA,pred,7.2011160151059235,0.0,0.0,0.0,0.28200637234618614,168956.68822873302,2122.0,81.32856107658267,2023-11-20,1.25,18.0
16680,0.7,508,True,MPC,pred,13.4068395748985,0.024968370974053963,0.10089160018770531,0.0,0.2965894322206521,162106.97118644227,2131.0,8.729036253168607,2023-11-27,,
16680,0.7,508,True,Oracle,truth,12.492652858600001,0.0,0.0,0.0,0.29229069948820807,162106.97118644227,2131.0,,2023-11-27,,
16680,0.7,508,True,CARMA,pred,13.188448374726955,0.010519132770902094,0.05912717034256218,0.0,0.29902498478112,162106.97118644227,2131.0,23.327145952776462,2023-11-27,0.5,6.0
16680,0.7,508,True,CARMA,pred,13.114717662413504,0.007569278143620138,0.04786485218207415,0.0,0.3018059785710928,162106.97118644227,2131.0,38.52406182096676,2023-11-27,0.5,12.0
16680,0.7,508,True,CARMA,pred,13.047195574267372,0.008431059836014205,0.044110746128578134,0.0,0.30291140047287174,162106.97118644227,2131.0,63.82163476856242,2023-11-27,0.5,18.0
16680,0.7,508,True,CARMA,pred,13.122216697719253,0.005069062801195806,0.0323791647114031,0.0,0.2968873948272556,162106.97118644227,2131.0,24.80777930567531,2023-11-27,0.75,6.0
16680,0.7,508,True,CARMA,pred,12.988195249170198,0.005346727182067282,0.0342562177381511,0.0,0.2942280786602391,162106.97118644227,2131.0,45.59116796902715,2023-11-27,0.75,12.0
16680,0.7,508,True,CARMA,pred,12.908818683309441,0.003909600893013699,0.02299389957766307,0.0,0.29269217621470456,162106.97118644227,2131.0,66.81081714161168,2023-11-27,0.75,18.0
16680,0.7,508,True,CARMA,pred,13.040802309584196,0.0022767881108850573,0.015485687470671047,0.0,0.294126091528624,162106.97118644227,2131.0,25.64233533038961,2023-11-27,1.0,6.0
16680,0.7,508,True,CARMA,pred,12.804097538976876,0.0017450505592106883,0.012200844673862036,0.0,0.29076379139762515,162106.97118644227,2131.0,44.03377018223182,2023-11-27,1.0,12.0
16680,0.7,508,True,CARMA,pred,12.835869443839725,0.00138434944481679,0.012670107930549039,0.0,0.2941591908854648,162106.97118644227,2131.0,69.93047609865145,2023-11-27,1.0,18.0
16680,0.7,508,True,CARMA,pred,12.970356086967147,0.0004343165980839186,0.005631159080244017,0.0,0.29641737733966533,162106.97118644227,2131.0,26.320679318573195,2023-11-27,1.25,6.0
16680,0.7,508,True,CARMA,pred,12.8265515296942,0.0002104592515040647,0.005161895823557016,0.0,0.29220833370948573,162106.97118644227,2131.0,46.46490258929451,2023-11-27,1.25,12.0
16680,0.7,508,True,CARMA,pred,12.994985711278487,0.0,0.0,0.0,0.29575178537607816,162106.97118644227,2131.0,72.93490995516142,2023-11-27,1.25,18.0
16848,0.7,509,True,MPC,pred,7.100076100334111,0.007260406887835574,0.04335119337554798,0.0,0.3234522942843522,160840.7205518153,2053.0,6.937073025520921,2023-12-04,,
16848,0.7,509,True,Oracle,truth,6.1109194246,0.0,0.0,0.0,0.3182472686294011,160840.7205518153,2053.0,,2023-12-04,,
16848,0.7,509,True,CARMA,pred,6.79594324051637,0.0,0.0,0.0,0.3218519256448546,160840.7205518153,2053.0,21.885426669579196,2023-12-04,0.5,6.0
16848,0.7,509,True,CARMA,pred,6.541371052850007,0.0,0.0,0.0,0.3258167387419152,160840.7205518153,2053.0,38.19742619216175,2023-12-04,0.5,12.0
16848,0.7,509,True,CARMA,pred,6.482483605316675,0.0,0.0,0.0,0.3264885861856921,160840.7205518153,2053.0,59.60183922566424,2023-12-04,0.5,18.0
16848,0.7,509,True,CARMA,pred,6.587557747268176,0.0,0.0,0.0,0.3242870053412618,160840.7205518153,2053.0,21.10579356771443,2023-12-04,0.75,6.0
16848,0.7,509,True,CARMA,pred,6.412613848065504,0.0,0.0,0.0,0.3251608109649303,160840.7205518153,2053.0,45.947035146671425,2023-12-04,0.75,12.0
16848,0.7,509,True,CARMA,pred,6.4039336591158404,0.0,0.0,0.0,0.3260564608100341,160840.7205518153,2053.0,63.84459537779144,2023-12-04,0.75,18.0
16848,0.7,509,True,CARMA,pred,6.4952875174495315,0.0,0.0,0.0,0.3268193643736741,160840.7205518153,2053.0,24.06391492948964,2023-12-04,1.0,6.0
16848,0.7,509,True,CARMA,pred,6.389401493558481,0.0,0.0,0.0,0.32511804585368687,160840.7205518153,2053.0,43.19947433480869,2023-12-04,1.0,12.0
16848,0.7,509,True,CARMA,pred,6.434743774841482,0.0,0.0,0.0,0.3223697587788248,160840.7205518153,2053.0,67.14172145738846,2023-12-04,1.0,18.0
16848,0.7,509,True,CARMA,pred,6.499353075625138,0.0,0.0,0.0,0.3263599774906163,160840.7205518153,2053.0,26.134730960356364,2023-12-04,1.25,6.0
16848,0.7,509,True,CARMA,pred,6.507225632593547,0.0,0.0,0.0,0.3221279913596038,160840.7205518153,2053.0,44.045643633913706,2023-12-04,1.25,12.0
16848,0.7,509,True,CARMA,pred,6.657931067478938,0.0,0.0,0.0,0.3102946477424115,160840.7205518153,2053.0,67.71490476337964,2023-12-04,1.25,18.0
17016,0.7,510,True,MPC,pred,7.113576841911327,0.014833577248558282,0.09095043201455207,0.0,0.33753572596047926,164594.1368183523,2199.0,6.1964566452998895,2023-12-11,,
17016,0.7,510,True,Oracle,truth,6.0041762888,0.0,0.0,0.0,0.3163901279027426,164594.1368183523,2199.0,,2023-12-11,,
17016,0.7,510,True,CARMA,pred,6.749483145422901,0.002411253480302077,0.02592087312414734,0.0,0.3428776336113314,164594.1368183523,2199.0,19.810934624443316,2023-12-11,0.5,6.0
17016,0.7,510,True,CARMA,pred,6.507520228834488,0.0017838105995118204,0.017735334242837655,0.0,0.33373564519804616,164594.1368183523,2199.0,40.07235033769743,2023-12-11,0.5,12.0
17016,0.7,510,True,CARMA,pred,6.36600775487893,0.001033256965466998,0.011368804001819008,0.0,0.32898764334869735,164594.1368183523,2199.0,61.1732229424735,2023-12-11,0.5,18.0
17016,0.7,510,True,CARMA,pred,6.5510192304724395,0.0006701725648610995,0.010914051841746248,0.0,0.3341744436539068,164594.1368183523,2199.0,22.263079799134424,2023-12-11,0.75,6.0
17016,0.7,510,True,CARMA,pred,6.353440793702924,0.0005826744802132089,0.0068212824010914054,0.0,0.3324216002907034,164594.1368183523,2199.0,45.34593306223542,2023-12-11,0.75,12.0
17016,0.7,510,True,CARMA,pred,6.1670231036108785,0.0002546731365631228,0.005457025920873124,0.0,0.3300732594492542,164594.1368183523,2199.0,63.20515691520053,2023-12-11,0.75,18.0
17016,0.7,510,True,CARMA,pred,6.481854099215875,0.00016079744039422506,0.0036380172805820826,0.0,0.33200555493198536,164594.1368183523,2199.0,24.171110460536894,2023-12-11,1.0,6.0
17016,0.7,510,True,CARMA,pred,6.174575864337497,0.00011428408857980701,0.002728512960436562,0.0,0.3263047250596257,164594.1368183523,2199.0,46.47653069504906,2023-12-11,1.0,12.0
17016,0.7,510,True,CARMA,pred,6.189146723285768,0.0002213016816872692,0.005457025920873124,0.0,0.31796646397156125,164594.1368183523,2199.0,65.9296779147965,2023-12-11,1.0,18.0
17016,0.7,510,True,CARMA,pred,6.394593865463815,0.0,0.0,0.0,0.3285694127636075,164594.1368183523,2199.0,21.982226207934715,2023-12-11,1.25,6.0
17016,0.7,510,True,CARMA,pred,6.208691988185266,0.0,0.0,0.0,0.3145426969237178,164594.1368183523,2199.0,49.136437941725966,2023-12-11,1.25,12.0
17016,0.7,510,True,CARMA,pred,6.269371506303948,0.0,0.0,0.0,0.30672392134641796,164594.1368183523,2199.0,72.51577132283354,2023-12-11,1.25,18.0
17184,0.7,511,True,MPC,pred,2.1543483180077048,0.01765354075106031,0.07507914970601538,0.0,0.3394278887190959,163002.22221512708,2211.0,8.173172409481689,2023-12-18,,
17184,0.7,511,True,Oracle,truth,1.7304609577,0.0,0.0,0.0,0.3358724761908137,163002.22221512708,2211.0,,2023-12-18,,
17184,0.7,511,True,CARMA,pred,2.029921222181468,0.0071785838281714235,0.03075531433740389,0.0,0.3476747208813175,163002.22221512708,2211.0,21.43443883550118,2023-12-18,0.5,6.0
17184,0.7,511,True,CARMA,pred,1.953772904743346,0.0018522665063706969,0.011759384893713252,0.0,0.35094301002212935,163002.22221512708,2211.0,39.87559627074713,2023-12-18,0.5,12.0
17184,0.7,511,True,CARMA,pred,1.8986616913936953,0.0018380834280406608,0.015829941203075532,0.0,0.35244814039381744,163002.22221512708,2211.0,65.06980740612673,2023-12-18,0.5,18.0
17184,0.7,511,True,CARMA,pred,1.9521867584030712,0.000877490076087789,0.006331976481230212,0.0,0.34833740822880027,163002.22221512708,2211.0,24.625784676858903,2023-12-18,0.75,6.0
17184,0.7,511,True,CARMA,pred,1.8113104295452995,0.0008355600638276197,0.0027137042062415195,0.0,0.34820244061108946,163002.22221512708,2211.0,48.70657387224801,2023-12-18,0.75,12.0
17184,0.7,511,True,CARMA,pred,1.8043923418985854,0.0009846575738165493,0.006331976481230212,0.0,0.33995018546631856,163002.22221512708,2211.0,63.3908274133258,2023-12-18,0.75,18.0
17184,0.7,511,True,CARMA,pred,1.8897793965882002,0.0008322386393684732,0.008593396653098146,0.0,0.33968672204488803,163002.22221512708,2211.0,26.33684272246875,2023-12-18,1.0,6.0
17184,0.7,511,True,CARMA,pred,1.8501667478337815,0.0,0.0,0.0,0.33215110516023744,163002.22221512708,2211.0,45.277605013327246,2023-12-18,1.0,12.0
17184,0.7,511,True,CARMA,pred,1.8690772403374283,0.0,0.0,0.0,0.32295261755649146,163002.22221512708,2211.0,61.56304881165452,2023-12-18,1.0,18.0
17184,0.7,511,True,CARMA,pred,1.8685343744616005,0.00019687761200984849,0.004522840343735866,0.0,0.33627115580365485,163002.22221512708,2211.0,25.93220985904075,2023-12-18,1.25,6.0
17184,0.7,511,True,CARMA,pred,1.887201207961298,0.0,0.0,0.0,0.32272497769046016,163002.22221512708,2211.0,43.73783434531338,2023-12-18,1.25,12.0
17184,0.7,511,True,CARMA,pred,1.917907270864768,0.0,0.0,0.0,0.3156458337142489,163002.22221512708,2211.0,67.35742081979411,2023-12-18,1.25,18.0
17352,0.7,512,True,MPC,pred,2.2619655565786223,0.03074665041371691,0.10491803278688525,0.0,0.3016454032811091,167924.7651880073,2135.0,8.08910703797488,2023-12-25,,
17352,0.7,512,True,Oracle,truth,1.7813401192189393,0.0,0.0,0.0,0.2918935152008216,167924.7651880073,2135.0,,2023-12-25,,
17352,0.7,512,True,CARMA,pred,2.1565889808716188,0.013307468286176204,0.03887587822014051,0.0,0.30175723819067807,167924.7651880073,2135.0,19.85819495781424,2023-12-25,0.5,6.0
17352,0.7,512,True,CARMA,pred,2.1166225851901594,0.00912305568649491,0.03887587822014051,0.0,0.3023742479481048,167924.7651880073,2135.0,39.24473447680032,2023-12-25,0.5,12.0
17352,0.7,512,True,CARMA,pred,2.102735557858888,0.007785036619458145,0.03325526932084309,0.0,0.30225371260370965,167924.7651880073,2135.0,60.413659641339116,2023-12-25,0.5,18.0
17352,0.7,512,True,CARMA,pred,2.0461539231349066,0.005006516355980893,0.02576112412177986,0.0,0.3031961394218001,167924.7651880073,2135.0,23.324073543473947,2023-12-25,0.75,6.0
17352,0.7,512,True,CARMA,pred,2.0048957778419254,0.003261077580895286,0.01920374707259953,0.0,0.30572938581609393,167924.7651880073,2135.0,44.39102894272488,2023-12-25,0.75,12.0
17352,0.7,512,True,CARMA,pred,1.9557711689511745,0.002642416745662183,0.01873536299765808,0.0,0.30476831041073343,167924.7651880073,2135.0,66.7964058986864,2023-12-25,0.75,18.0
17352,0.7,512,True,CARMA,pred,1.999733917829508,0.00228891526211701,0.014988290398126464,0.0,0.3029849130484783,167924.7651880073,2135.0,25.119605995601695,2023-12-25,1.0,6.0
17352,0.7,512,True,CARMA,pred,1.9422231860495258,0.0003925957055994904,0.002810304449648712,0.0,0.29823092498422044,167924.7651880073,2135.0,46.829581407081626,2023-12-25,1.0,12.0
17352,0.7,512,True,CARMA,pred,1.9678311197351621,0.00028092606004188105,0.002810304449648712,0.0,0.2962792478990708,167924.7651880073,2135.0,67.31927027874966,2023-12-25,1.0,18.0
17352,0.7,512,True,CARMA,pred,2.0047747992287963,0.0005139595614517045,0.006557377049180328,0.0,0.30348304824952566,167924.7651880073,2135.0,26.167645202639854,2023-12-25,1.25,6.0
17352,0.7,512,True,CARMA,pred,1.968338018392333,0.0,0.0,0.0,0.2935545916330454,167924.7651880073,2135.0,45.53285561948051,2023-12-25,1.25,12.0
17352,0.7,512,True,CARMA,pred,2.0084082137653367,0.0,0.0,0.0,0.2917870082243137,167924.7651880073,2135.0,69.00263368304138,2023-12-25,1.25,18.0
