t0,rho,seed,migrate,regime,policy,cube,K,look,emis_t,late_frac,emis_adj_t,late_jobs,unfinished,mig_frac,work,jobs,ms_per_decision,week
15336,0.3,500,True,st,Scenario-MPC,pred,4,6,0.5022088383883464,0.0,0.5022088383883464,0.0,0.0,0.6999244574145741,70014.13974734378,928.0,68.76652588156854,2023-10-02
15336,0.3,500,True,st,Scenario-MPC,pred,4,12,0.5105274089776272,0.0,0.5105274089776272,0.0,0.0,0.7012160983456489,70014.13974734378,928.0,110.3428070577724,2023-10-02
15336,0.3,500,True,st,Scenario-MPC,pred,8,6,0.505677315098827,0.0,0.505677315098827,0.0,0.0,0.700831936881183,70014.13974734378,928.0,140.27988492921193,2023-10-02
15336,0.3,500,True,st,Scenario-MPC,pred,8,12,0.512327360178672,0.0,0.512327360178672,0.0,0.0,0.6983898139910301,70014.13974734378,928.0,227.57861947557507,2023-10-02
15504,0.3,501,True,st,Scenario-MPC,pred,4,6,0.9385582840136937,0.0,0.9385582840136937,0.0,0.0,0.709333474098759,73719.56346610108,932.0,62.79632612226854,2023-10-09
15504,0.3,501,True,st,Scenario-MPC,pred,4,12,0.9211502152661202,0.0,0.9211502152661202,0.0,0.0,0.7090844515694967,73719.56346610108,932.0,104.29736720087767,2023-10-09
15504,0.3,501,True,st,Scenario-MPC,pred,8,6,0.9361715910929681,0.0,0.9361715910929681,0.0,0.0,0.7112944117568354,73719.56346610108,932.0,139.30580022907324,2023-10-09
15504,0.3,501,True,st,Scenario-MPC,pred,8,12,0.9212774299710116,0.0,0.9212774299710116,0.0,0.0,0.7104456237153207,73719.56346610108,932.0,231.54258984582776,2023-10-09
15672,0.3,502,True,st,Scenario-MPC,pred,4,6,1.0622547976592813,0.0,1.0622547976592813,0.0,0.0,0.682435800764504,70458.17240169305,915.0,68.72666179909815,2023-10-16
15672,0.3,502,True,st,Scenario-MPC,pred,4,12,1.0748268771584453,0.0,1.0748268771584453,0.0,0.0,0.667503028051539,70458.17240169305,915.0,119.82427195088364,2023-10-16
15672,0.3,502,True,st,Scenario-MPC,pred,8,6,1.064999208015312,0.0,1.064999208015312,0.0,0.0,0.6820506322839917,70458.17240169305,915.0,147.3943908839175,2023-10-16
15672,0.3,502,True,st,Scenario-MPC,pred,8,12,1.0744791204139748,0.0,1.0744791204139748,0.0,0.0,0.6717746415700787,70458.17240169305,915.0,247.80026250000282,2023-10-16
15840,0.3,503,True,st,Scenario-MPC,pred,4,6,1.4655217717041518,0.0,1.4655217717041518,0.0,0.0,0.7138061591715616,74318.580238708,981.0,84.99677825777326,2023-10-23
15840,0.3,503,True,st,Scenario-MPC,pred,4,12,1.4334278811312784,0.0,1.4334278811312784,0.0,0.0,0.7206629098123811,74318.580238708,981.0,124.38994311210509,2023-10-23
15840,0.3,503,True,st,Scenario-MPC,pred,8,6,1.4719149507215101,0.0,1.4719149507215101,0.0,0.0,0.7112173701686466,74318.580238708,981.0,174.01785291110275,2023-10-23
15840,0.3,503,True,st,Scenario-MPC,pred,8,12,1.4242571031081295,0.0,1.4242571031081295,0.0,0.0,0.7197487513866041,74318.580238708,981.0,273.2873485560632,2023-10-23
16008,0.3,504,True,st,Scenario-MPC,pred,4,6,0.8236665231749452,0.0,0.8236665231749452,0.0,0.0,0.7076201194846218,67588.57653298903,898.0,77.6239292941184,2023-10-30
16008,0.3,504,True,st,Scenario-MPC,pred,4,12,0.8266482399963164,0.0,0.8266482399963164,0.0,0.0,0.7069104531248017,67588.57653298903,898.0,114.20797323638163,2023-10-30
16008,0.3,504,True,st,Scenario-MPC,pred,8,6,0.8235795163931909,0.0,0.8235795163931909,0.0,0.0,0.7098838588538244,67588.57653298903,898.0,156.7798296425149,2023-10-30
16008,0.3,504,True,st,Scenario-MPC,pred,8,12,0.8244278534968338,0.0,0.8244278534968338,0.0,0.0,0.708809162938719,67588.57653298903,898.0,260.08092105909,2023-10-30
16176,0.3,505,True,st,Scenario-MPC,pred,4,6,0.9943801088651919,0.0,0.9943801088651919,0.0,0.0,0.7413902820562469,62579.85648253633,875.0,66.95913205264628,2023-11-06
16176,0.3,505,True,st,Scenario-MPC,pred,4,12,0.96897233775998,0.0,0.96897233775998,0.0,0.0,0.7345980382230501,62579.85648253633,875.0,111.31766456054162,2023-11-06
16176,0.3,505,True,st,Scenario-MPC,pred,8,6,0.9963909796206778,0.0,0.9963909796206778,0.0,0.0,0.7409810261998514,62579.85648253633,875.0,142.884587916649,2023-11-06
16176,0.3,505,True,st,Scenario-MPC,pred,8,12,0.9725128894890437,0.0,0.9725128894890437,0.0,0.0,0.7392562643766901,62579.85648253633,875.0,239.295546816139,2023-11-06
16344,0.3,506,True,st,Scenario-MPC,pred,4,6,2.094007412220239,0.0,2.094007412220239,0.0,0.0,0.7129216296277464,69689.04399031839,945.0,61.387284026567315,2023-11-13
16344,0.3,506,True,st,Scenario-MPC,pred,4,12,2.067196914214067,0.0,2.067196914214067,0.0,0.0,0.7157626935378646,69689.04399031839,945.0,106.73106613900842,2023-11-13
16344,0.3,506,True,st,Scenario-MPC,pred,8,6,2.098207315484963,0.0,2.098207315484963,0.0,0.0,0.7166154527924441,69689.04399031839,945.0,138.42236560888625,2023-11-13
16344,0.3,506,True,st,Scenario-MPC,pred,8,12,2.066953464740049,0.0,2.066953464740049,0.0,0.0,0.7146271809493856,69689.04399031839,945.0,221.23627960715248,2023-11-13
16512,0.3,507,True,st,Scenario-MPC,pred,4,6,1.2474737216766962,0.0,1.2474737216766962,0.0,0.0,0.6687346861195196,67659.11521947458,904.0,65.54453865196251,2023-11-20
16512,0.3,507,True,st,Scenario-MPC,pred,4,12,1.219787219628502,0.0,1.219787219628502,0.0,0.0,0.6678147447517144,67659.11521947458,904.0,117.12592365778417,2023-11-20
16512,0.3,507,True,st,Scenario-MPC,pred,8,6,1.2442676864290205,0.0,1.2442676864290205,0.0,0.0,0.6707605719252812,67659.11521947458,904.0,148.38035021583957,2023-11-20
16512,0.3,507,True,st,Scenario-MPC,pred,8,12,1.2148525433388357,0.0,1.2148525433388357,0.0,0.0,0.6751716781906008,67659.11521947458,904.0,251.48510509415544,2023-11-20
16680,0.3,508,True,st,Scenario-MPC,pred,4,6,3.3144127070189957,0.0,3.3144127070189957,0.0,0.0,0.6875111942906221,64864.36282189725,893.0,64.40603375337678,2023-11-27
16680,0.3,508,True,st,Scenario-MPC,pred,4,12,3.251403985355276,0.0,3.251403985355276,0.0,0.0,0.6827063866099239,64864.36282189725,893.0,103.99145431533479,2023-11-27
16680,0.3,508,True,st,Scenario-MPC,pred,8,6,3.316653892901237,0.0,3.316653892901237,0.0,0.0,0.690308940201068,64864.36282189725,893.0,128.56612504483687,2023-11-27
16680,0.3,508,True,st,Scenario-MPC,pred,8,12,3.260520048655233,0.0,3.260520048655233,0.0,0.0,0.6836215945766322,64864.36282189725,893.0,244.24104685132644,2023-11-27
16848,0.3,509,True,st,Scenario-MPC,pred,4,6,1.504854183022581,0.0,1.504854183022581,0.0,0.0,0.7195948762205856,69667.54122002251,885.0,66.50286754667428,2023-12-04
16848,0.3,509,True,st,Scenario-MPC,pred,4,12,1.5001500248989224,0.0,1.5001500248989224,0.0,0.0,0.7235580234201778,69667.54122002251,885.0,104.43959199556048,2023-12-04
16848,0.3,509,True,st,Scenario-MPC,pred,8,6,1.5003913333433108,0.0,1.5003913333433108,0.0,0.0,0.7174849128136542,69667.54122002251,885.0,147.40482168000503,2023-12-04
16848,0.3,509,True,st,Scenario-MPC,pred,8,12,1.4976117403850489,0.0,1.4976117403850489,0.0,0.0,0.7207763475791309,69667.54122002251,885.0,242.03360325560064,2023-12-04
17016,0.3,510,True,st,Scenario-MPC,pred,4,6,1.2575226793826353,0.0,1.2575226793826353,0.0,0.0,0.7006090305699367,70788.37691020197,930.0,67.35377436403093,2023-12-11
17016,0.3,510,True,st,Scenario-MPC,pred,4,12,1.2534560721435068,0.0,1.2534560721435068,0.0,0.0,0.6985494103087814,70788.37691020197,930.0,111.26542184442263,2023-12-11
17016,0.3,510,True,st,Scenario-MPC,pred,8,6,1.258472527759083,0.0,1.258472527759083,0.0,0.0,0.6980427937158017,70788.37691020197,930.0,146.51353830266828,2023-12-11
17016,0.3,510,True,st,Scenario-MPC,pred,8,12,1.2552624042736995,0.0,1.2552624042736995,0.0,0.0,0.6976068763650537,70788.37691020197,930.0,244.0320930752276,2023-12-11
17184,0.3,511,True,st,Scenario-MPC,pred,4,6,0.31583086397169197,0.0,0.31583086397169197,0.0,0.0,0.7135613915070464,71042.65994867557,945.0,70.62827820523503,2023-12-18
17184,0.3,511,True,st,Scenario-MPC,pred,4,12,0.3168155608451782,0.0,0.3168155608451782,0.0,0.0,0.7137006536638015,71042.65994867557,945.0,112.88820164864765,2023-12-18
17184,0.3,511,True,st,Scenario-MPC,pred,8,6,0.3168290483867314,0.0,0.3168290483867314,0.0,0.0,0.7126452563982395,71042.65994867557,945.0,145.27721909648034,2023-12-18
17184,0.3,511,True,st,Scenario-MPC,pred,8,12,0.31703187023519214,0.0,0.31703187023519214,0.0,0.0,0.7132413962462317,71042.65994867557,945.0,243.50076898206214,2023-12-18
17352,0.3,512,True,st,Scenario-MPC,pred,4,6,0.43785133281001354,0.0,0.43785133281001354,0.0,0.0,0.6971441667380699,75758.69303508809,958.0,73.69954939908098,2023-12-25
17352,0.3,512,True,st,Scenario-MPC,pred,4,12,0.40104145296426047,0.0,0.40104145296426047,0.0,0.0,0.7039286440943603,75758.69303508809,958.0,113.95229544592718,2023-12-25
17352,0.3,512,True,st,Scenario-MPC,pred,8,6,0.417157099867435,0.0,0.417157099867435,0.0,0.0,0.700191385306618,75758.69303508809,958.0,157.03850861435737,2023-12-25
17352,0.3,512,True,st,Scenario-MPC,pred,8,12,0.4011809050527413,0.0,0.4011809050527413,0.0,0.0,0.7041330395249886,75758.69303508809,958.0,246.90586601795354,2023-12-25
15336,0.5,500,True,st,Scenario-MPC,pred,4,6,1.276715808265306,0.0,1.276715808265306,0.0,0.0,0.5421179389302526,113898.46651379707,1490.0,157.18041636957582,2023-10-02
15336,0.5,500,True,st,Scenario-MPC,pred,4,12,1.2146471415096978,0.0,1.2146471415096978,0.0,0.0,0.5265797959210644,113898.46651379707,1490.0,294.75493372607633,2023-10-02
15336,0.5,500,True,st,Scenario-MPC,pred,8,6,1.2839974172295658,0.0,1.2839974172295658,0.0,0.0,0.5419302028666714,113898.46651379707,1490.0,347.73195030735826,2023-10-02
15336,0.5,500,True,st,Scenario-MPC,pred,8,12,1.2162208267998733,0.0,1.2162208267998733,0.0,0.0,0.5299586428777163,113898.46651379707,1490.0,674.470351676866,2023-10-02
15504,0.5,501,True,st,Scenario-MPC,pred,4,6,2.4403670994672786,0.0,2.4403670994672786,0.0,0.0,0.5347017981350044,116114.4954149879,1494.0,166.14087733624652,2023-10-09
15504,0.5,501,True,st,Scenario-MPC,pred,4,12,2.308404372869638,0.0,2.308404372869638,0.0,0.0,0.5307884243576418,116114.4954149879,1494.0,286.2446865506613,2023-10-09
15504,0.5,501,True,st,Scenario-MPC,pred,8,6,2.4053796185544805,0.0,2.4053796185544805,0.0,0.0,0.5319317994706085,116114.4954149879,1494.0,368.05933421832515,2023-10-09
15504,0.5,501,True,st,Scenario-MPC,pred,8,12,2.293440969349913,0.0,2.293440969349913,0.0,0.0,0.5323999410565188,116114.4954149879,1494.0,654.1336238451348,2023-10-09
15672,0.5,502,True,st,Scenario-MPC,pred,4,6,2.4177057031753124,0.0,2.4177057031753124,0.0,0.0,0.47309756630271904,117710.60274682064,1534.0,162.3828149832627,2023-10-16
15672,0.5,502,True,st,Scenario-MPC,pred,4,12,2.4134342383702956,0.0,2.4134342383702956,0.0,0.0,0.4852604949944598,117710.60274682064,1534.0,304.77069577530966,2023-10-16
15672,0.5,502,True,st,Scenario-MPC,pred,8,6,2.4023932821406015,0.0,2.4023932821406015,0.0,0.0,0.47747731854603825,117710.60274682064,1534.0,369.4010410775946,2023-10-16
15672,0.5,502,True,st,Scenario-MPC,pred,8,12,2.4026492295760615,0.0,2.4026492295760615,0.0,0.0,0.48336836784118353,117710.60274682064,1534.0,696.0859831902695,2023-10-16
15840,0.5,503,True,st,Scenario-MPC,pred,4,6,4.528844802892587,0.0,4.528844802892587,0.0,0.0,0.44621120333521036,125927.17619749843,1638.0,169.8286431057211,2023-10-23
15840,0.5,503,True,st,Scenario-MPC,pred,4,12,4.3420633948845495,0.0,4.3420633948845495,0.0,0.0,0.44217413873660755,125927.17619749843,1638.0,311.49710550223966,2023-10-23
15840,0.5,503,True,st,Scenario-MPC,pred,8,6,4.511900100750987,0.0,4.511900100750987,0.0,0.0,0.44591989653676484,125927.17619749843,1638.0,382.3775021453727,2023-10-23
15840,0.5,503,True,st,Scenario-MPC,pred,8,12,4.329806505431697,0.0,4.329806505431697,0.0,0.0,0.4424406100769703,125927.17619749843,1638.0,710.6367076116028,2023-10-23
16008,0.5,504,True,st,Scenario-MPC,pred,4,6,2.4711879823507537,0.0,2.4711879823507537,0.0,0.0,0.5208335945430626,114743.37890450687,1520.0,172.901770602672,2023-10-30
16008,0.5,504,True,st,Scenario-MPC,pred,4,12,2.2858755348590774,0.0,2.2858755348590774,0.0,0.0,0.5120839628129342,114743.37890450687,1520.0,310.8723150045092,2023-10-30
16008,0.5,504,True,st,Scenario-MPC,pred,8,6,2.4555127436906288,0.0,2.4555127436906288,0.0,0.0,0.525628081857047,114743.37890450687,1520.0,344.01050352231874,2023-10-30
16008,0.5,504,True,st,Scenario-MPC,pred,8,12,2.2534699898347474,0.0,2.2534699898347474,0.0,0.0,0.5142159361874333,114743.37890450687,1520.0,671.5920197973221,2023-10-30
16176,0.5,505,True,st,Scenario-MPC,pred,4,6,3.001562850498515,0.0,3.001562850498515,0.0,0.0,0.5254960390901439,113797.0354469592,1521.0,161.09518034208872,2023-11-06
16176,0.5,505,True,st,Scenario-MPC,pred,4,12,2.838422645249053,0.0,2.838422645249053,0.0,0.0,0.5270399581071239,113797.0354469592,1521.0,283.70976001795316,2023-11-06
16176,0.5,505,True,st,Scenario-MPC,pred,8,6,3.0193594453465424,0.0,3.0193594453465424,0.0,0.0,0.5287367991250254,113797.0354469592,1521.0,322.52568987333456,2023-11-06
16176,0.5,505,True,st,Scenario-MPC,pred,8,12,2.8219438873987355,0.0,2.8219438873987355,0.0,0.0,0.5241843279057462,113797.0354469592,1521.0,633.4747883794874,2023-11-06
16344,0.5,506,True,st,Scenario-MPC,pred,4,6,4.44165654883564,0.0,4.44165654883564,0.0,0.0,0.5510879394518653,114535.07617219127,1534.0,146.03368253945024,2023-11-13
16344,0.5,506,True,st,Scenario-MPC,pred,4,12,4.348338038137613,0.0,4.348338038137613,0.0,0.0,0.5596185702245382,114535.07617219127,1534.0,267.2110921607376,2023-11-13
16344,0.5,506,True,st,Scenario-MPC,pred,8,6,4.4530479700338494,0.0,4.4530479700338494,0.0,0.0,0.5541598045898761,114535.07617219127,1534.0,326.833851513165,2023-11-13
16344,0.5,506,True,st,Scenario-MPC,pred,8,12,4.3620173299189515,0.0,4.3620173299189515,0.0,0.0,0.5575210808678598,114535.07617219127,1534.0,605.1576053660758,2023-11-13
16512,0.5,507,True,st,Scenario-MPC,pred,4,6,3.493640620647991,0.0,3.493640620647991,0.0,0.0,0.531665407771787,115267.9624331729,1500.0,151.3779275840703,2023-11-20
16512,0.5,507,True,st,Scenario-MPC,pred,4,12,3.3361979356340097,0.0,3.3361979356340097,0.0,0.0,0.5369129636798081,115267.9624331729,1500.0,302.6449668206151,2023-11-20
16512,0.5,507,True,st,Scenario-MPC,pred,8,6,3.5008465796133668,0.0,3.5008465796133668,0.0,0.0,0.5312303935861192,115267.9624331729,1500.0,337.28306501778815,2023-11-20
16512,0.5,507,True,st,Scenario-MPC,pred,8,12,3.3522551651100296,0.0,3.3522551651100296,0.0,0.0,0.5329451513802076,115267.9624331729,1500.0,646.8304858250946,2023-11-20
16680,0.5,508,True,st,Scenario-MPC,pred,4,6,7.763495273279274,0.0,7.763495273279274,0.0,0.0,0.48306598838908854,117195.14939128078,1567.0,141.8934689347739,2023-11-27
16680,0.5,508,True,st,Scenario-MPC,pred,4,12,7.625702890237285,0.0,7.625702890237285,0.0,0.0,0.48657017381684425,117195.14939128078,1567.0,292.29495395575776,2023-11-27
16680,0.5,508,True,st,Scenario-MPC,pred,8,6,7.7763270500388435,0.0,7.7763270500388435,0.0,0.0,0.486419479059462,117195.14939128078,1567.0,315.1445893217225,2023-11-27
16680,0.5,508,True,st,Scenario-MPC,pred,8,12,7.621976300227132,0.0,7.621976300227132,0.0,0.0,0.4895225158271556,117195.14939128078,1567.0,648.4904964711071,2023-11-27
16848,0.5,509,True,st,Scenario-MPC,pred,4,6,3.9276750548681565,0.0,3.9276750548681565,0.0,0.0,0.5406080182481546,113168.7626501414,1455.0,150.21311033485014,2023-12-04
16848,0.5,509,True,st,Scenario-MPC,pred,4,12,3.705515768736686,0.0,3.705515768736686,0.0,0.0,0.5490636904710033,113168.7626501414,1455.0,268.46119820627365,2023-12-04
16848,0.5,509,True,st,Scenario-MPC,pred,8,6,3.885964491186817,0.0,3.885964491186817,0.0,0.0,0.5382329773527921,113168.7626501414,1455.0,308.7919706044138,2023-12-04
16848,0.5,509,True,st,Scenario-MPC,pred,8,12,3.6653775486370455,0.0,3.6653775486370455,0.0,0.0,0.5478007996578348,113168.7626501414,1455.0,622.2027271576587,2023-12-04
17016,0.5,510,True,st,Scenario-MPC,pred,4,6,2.9551801534882665,0.0,2.9551801534882665,0.0,0.0,0.5369039130319325,113082.6955013234,1510.0,152.92418191148477,2023-12-11
17016,0.5,510,True,st,Scenario-MPC,pred,4,12,2.897618564141402,0.0,2.897618564141402,0.0,0.0,0.532059730126001,113082.6955013234,1510.0,277.9851453866852,2023-12-11
17016,0.5,510,True,st,Scenario-MPC,pred,8,6,2.9502724015287263,0.0,2.9502724015287263,0.0,0.0,0.5361374186181103,113082.6955013234,1510.0,321.76099258406316,2023-12-11
17016,0.5,510,True,st,Scenario-MPC,pred,8,12,2.8899620323224173,0.0,2.8899620323224173,0.0,0.0,0.5325442533274396,113082.6955013234,1510.0,658.5399700221953,2023-12-11
17184,0.5,511,True,st,Scenario-MPC,pred,4,6,0.8542992875159408,0.0,0.8542992875159408,0.0,0.0,0.5592750543126672,118184.13952197897,1551.0,169.93265121490958,2023-12-18
17184,0.5,511,True,st,Scenario-MPC,pred,4,12,0.8055103345594624,0.0,0.8055103345594624,0.0,0.0,0.5567329105571017,118184.13952197897,1551.0,305.0974221902102,2023-12-18
17184,0.5,511,True,st,Scenario-MPC,pred,8,6,0.8583558831958311,0.0,0.8583558831958311,0.0,0.0,0.5587691689038649,118184.13952197897,1551.0,375.8604203113951,2023-12-18
17184,0.5,511,True,st,Scenario-MPC,pred,8,12,0.7905323813211422,0.0,0.7905323813211422,0.0,0.0,0.5583662682196803,118184.13952197897,1551.0,687.7343711902242,2023-12-18
17352,0.5,512,True,st,Scenario-MPC,pred,4,6,0.9258244278623023,0.0,0.9258244278623023,0.0,0.0,0.4845495822482737,120237.69722299729,1561.0,173.10984727631669,2023-12-25
17352,0.5,512,True,st,Scenario-MPC,pred,4,12,0.8985180581049834,0.0,0.8985180581049834,0.0,0.0,0.4992629622773233,120237.69722299729,1561.0,319.9183347212651,2023-12-25
17352,0.5,512,True,st,Scenario-MPC,pred,8,6,0.9199337569454247,0.0,0.9199337569454247,0.0,0.0,0.48472910825366594,120237.69722299729,1561.0,378.1219517148705,2023-12-25
17352,0.5,512,True,st,Scenario-MPC,pred,8,12,0.891804481610271,0.0,0.891804481610271,0.0,0.0,0.5022557012592802,120237.69722299729,1561.0,738.6835181288714,2023-12-25
15336,0.7,500,True,st,Scenario-MPC,pred,4,6,3.653346346904708,0.0,3.653346346904708,0.0,0.0,0.32893414741042254,166463.55983189825,2182.0,310.4695881579374,2023-10-02
15336,0.7,500,True,st,Scenario-MPC,pred,4,12,3.45477270239931,0.0,3.45477270239931,0.0,0.0,0.3214695218754487,166463.55983189825,2182.0,644.7831512566588,2023-10-02
15336,0.7,500,True,st,Scenario-MPC,pred,8,6,3.66359039926417,0.0,3.66359039926417,0.0,0.0,0.3272731261103424,166463.55983189825,2182.0,698.313146026306,2023-10-02
15336,0.7,500,True,st,Scenario-MPC,pred,8,12,3.4373103158400435,0.0,3.4373103158400435,0.0,0.0,0.3182525252366517,166463.55983189825,2182.0,1466.1419276593194,2023-10-02
15504,0.7,501,True,st,Scenario-MPC,pred,4,6,5.545328039888457,0.0006315584974204127,5.565642358800752,0.0018527095877721167,0.0,0.3192122191107908,165587.5406092412,2159.0,335.02262249783195,2023-10-09
15504,0.7,501,True,st,Scenario-MPC,pred,4,12,5.296521047271986,0.0003533369222910004,5.307886263561887,0.002779064381658175,0.0,0.31652990889265153,165587.5406092412,2159.0,638.8685642212504,2023-10-09
15504,0.7,501,True,st,Scenario-MPC,pred,8,6,5.577665570952253,0.0,5.577665570952253,0.0,0.0,0.3209327144689254,165587.5406092412,2159.0,747.600602013128,2023-10-09
15504,0.7,501,True,st,Scenario-MPC,pred,8,12,5.27382665989181,0.0,5.27382665989181,0.0,0.0,0.3154654049984166,165587.5406092412,2159.0,1451.279574555074,2023-10-09
15672,0.7,502,True,st,Scenario-MPC,pred,4,6,4.646293582105813,0.00019422193170805585,4.653262805445721,0.0009033423667570009,0.0,0.325880804921239,168860.153127672,2214.0,321.28550135501393,2023-10-16
15672,0.7,502,True,st,Scenario-MPC,pred,4,12,4.660083758779264,0.0,4.660083758779264,0.0,0.0,0.31878886515464905,168860.153127672,2214.0,626.191905158593,2023-10-16
15672,0.7,502,True,st,Scenario-MPC,pred,8,6,4.700802548873472,0.0007599699326354927,4.728072384702889,0.0031616982836495033,0.0,0.3258232444190036,168860.153127672,2214.0,729.16276001301,2023-10-16
15672,0.7,502,True,st,Scenario-MPC,pred,8,12,4.60196038282324,0.0,4.60196038282324,0.0,0.0,0.3208779154057153,168860.153127672,2214.0,1458.5622515965001,2023-10-16
15840,0.7,503,True,st,Scenario-MPC,pred,4,6,8.502379110094015,0.0011110094950399776,8.542227738937054,0.0045871559633027525,0.0,0.25238863381105436,168786.09957749603,2180.0,269.46949204798784,2023-10-23
15840,0.7,503,True,st,Scenario-MPC,pred,4,12,8.140300770235797,0.0,8.140300770235797,0.0,0.0,0.2543474543749337,168786.09957749603,2180.0,539.7999984618931,2023-10-23
15840,0.7,503,True,st,Scenario-MPC,pred,8,6,8.467109277625791,0.0004990657799961464,8.4850092929939,0.003211009174311927,0.0,0.24941344807354832,168786.09957749603,2180.0,618.2643914890319,2023-10-23
15840,0.7,503,True,st,Scenario-MPC,pred,8,12,8.133025338341339,0.0,8.133025338341339,0.0,0.0,0.25066763770538986,168786.09957749603,2180.0,1282.9875472197082,2023-10-23
16008,0.7,504,True,st,Scenario-MPC,pred,4,6,4.873437180023491,0.0,4.873437180023491,0.0,0.0,0.28535803577522667,164554.64009634324,2170.0,291.4104407368381,2023-10-30
16008,0.7,504,True,st,Scenario-MPC,pred,4,12,4.728908541030913,0.0,4.728908541030913,0.0,0.0,0.2829468507124116,164554.64009634324,2170.0,556.0473244618743,2023-10-30
16008,0.7,504,True,st,Scenario-MPC,pred,8,6,4.872054101537593,0.0,4.872054101537593,0.0,0.0,0.2800647861528742,164554.64009634324,2170.0,631.4133632907811,2023-10-30
16008,0.7,504,True,st,Scenario-MPC,pred,8,12,4.738399214936938,0.0,4.738399214936938,0.0,0.0,0.28243706683395436,164554.64009634324,2170.0,1313.9170988295828,2023-10-30
16176,0.7,505,True,st,Scenario-MPC,pred,4,6,5.444545880282774,0.0004028457844124486,5.456560119754449,0.001949317738791423,0.0,0.34178736893507855,151580.28519375168,2052.0,269.3873175884804,2023-11-06
16176,0.7,505,True,st,Scenario-MPC,pred,4,12,5.159609301244584,0.0,5.159609301244584,0.0,0.0,0.331087324152179,151580.28519375168,2052.0,534.8187540627515,2023-11-06
16176,0.7,505,True,st,Scenario-MPC,pred,8,6,5.415147479536081,0.0,5.415147479536081,0.0,0.0,0.3420046941129523,151580.28519375168,2052.0,585.6308108141576,2023-11-06
16176,0.7,505,True,st,Scenario-MPC,pred,8,12,5.152409834248106,0.0,5.152409834248106,0.0,0.0,0.3331492485213477,151580.28519375168,2052.0,1229.2648995426011,2023-11-06
16344,0.7,506,True,st,Scenario-MPC,pred,4,6,8.262202215086843,0.0,8.262202215086843,0.0,0.0,0.3268751255056637,164038.17798385496,2172.0,291.9688345676758,2023-11-13
16344,0.7,506,True,st,Scenario-MPC,pred,4,12,7.92284339860685,0.0,7.92284339860685,0.0,0.0,0.315910587358247,164038.17798385496,2172.0,557.9576867085134,2023-11-13
16344,0.7,506,True,st,Scenario-MPC,pred,8,6,8.288689023493902,0.0,8.288689023493902,0.0,0.0,0.32609908483660754,164038.17798385496,2172.0,630.4346356113352,2023-11-13
16344,0.7,506,True,st,Scenario-MPC,pred,8,12,7.9019241049004965,0.0,7.9019241049004965,0.0,0.0,0.31695133483621385,164038.17798385496,2172.0,1261.1718598520238,2023-11-13
16512,0.7,507,True,st,Scenario-MPC,pred,4,6,7.289803692060935,0.0,7.289803692060935,0.0,0.0,0.3005521220831875,168956.68822873302,2122.0,297.8632778815968,2023-11-20
16512,0.7,507,True,st,Scenario-MPC,pred,4,12,7.048797188467321,0.0,7.048797188467321,0.0,0.0,0.2909537983766669,168956.68822873302,2122.0,580.2498224400188,2023-11-20
16512,0.7,507,True,st,Scenario-MPC,pred,8,6,7.252186804680563,0.0,7.252186804680563,0.0,0.0,0.2974242277173598,168956.68822873302,2122.0,659.9348675087298,2023-11-20
16512,0.7,507,True,st,Scenario-MPC,pred,8,12,7.019895509882248,0.0,7.019895509882248,0.0,0.0,0.2903070556278218,168956.68822873302,2122.0,1328.8018783510859,2023-11-20
16680,0.7,508,True,st,Scenario-MPC,pred,4,6,13.023562368949468,0.0012433837095108945,13.065335920845737,0.005161895823557016,0.0,0.28928946259459987,162106.97118644227,2131.0,257.64105028820387,2023-11-27
16680,0.7,508,True,st,Scenario-MPC,pred,4,12,12.817955935720823,0.0006023939397915531,12.838194365992504,0.0018770530267480056,0.0,0.289122121328293,162106.97118644227,2131.0,545.0198517333249,2023-11-27
16680,0.7,508,True,st,Scenario-MPC,pred,8,6,13.043881091469675,0.0002715616530563514,13.053004658651883,0.0014077897700610043,0.0,0.2889756671459478,162106.97118644227,2131.0,569.1037903012949,2023-11-27
16680,0.7,508,True,st,Scenario-MPC,pred,8,12,12.813873162772907,0.00027156165305635365,12.822996729955115,0.0009385265133740028,0.0,0.28645208905361014,162106.97118644227,2131.0,1226.6965852621836,2023-11-27
16848,0.7,509,True,st,Scenario-MPC,pred,4,6,6.486966958347731,0.0,6.486966958347731,0.0,0.0,0.3235099853626787,160840.7205518153,2053.0,283.7355429956245,2023-12-04
16848,0.7,509,True,st,Scenario-MPC,pred,4,12,6.361223933938578,0.0,6.361223933938578,0.0,0.0,0.32438447473487914,160840.7205518153,2053.0,580.2754594732075,2023-12-04
16848,0.7,509,True,st,Scenario-MPC,pred,8,6,6.49256907300037,0.0,6.49256907300037,0.0,0.0,0.3211143344095568,160840.7205518153,2053.0,649.3014441674167,2023-12-04
16848,0.7,509,True,st,Scenario-MPC,pred,8,12,6.342454502789476,0.0,6.342454502789476,0.0,0.0,0.323373006428916,160840.7205518153,2053.0,1283.788684495509,2023-12-04
17016,0.7,510,True,st,Scenario-MPC,pred,4,6,6.508515616384507,3.994685814856686e-06,6.508641034864981,0.00045475216007276033,0.0,0.33060285935398664,164594.1368183523,2199.0,299.86247427634004,2023-12-11
17016,0.7,510,True,st,Scenario-MPC,pred,4,12,6.174584188358299,0.0,6.174584188358299,0.0,0.0,0.3222357938061919,164594.1368183523,2199.0,604.2496779327358,2023-12-11
17016,0.7,510,True,st,Scenario-MPC,pred,8,6,6.468118391831494,0.0,6.468118391831494,0.0,0.0,0.3294303121780789,164594.1368183523,2199.0,655.4120444210072,2023-12-11
17016,0.7,510,True,st,Scenario-MPC,pred,8,12,6.169873444502158,0.0,6.169873444502158,0.0,0.0,0.3256469861772283,164594.1368183523,2199.0,1347.6461189865252,2023-12-11
17184,0.7,511,True,st,Scenario-MPC,pred,4,6,1.9129384768895694,6.022261414108125e-05,1.9142784182103694,0.0009045680687471732,0.0,0.3396264080340732,163002.22221512708,2211.0,308.0262213070694,2023-12-18
17184,0.7,511,True,st,Scenario-MPC,pred,4,12,1.8248482890939308,3.787510494347298e-05,1.8256910027301159,0.0004522840343735866,0.0,0.33637581549649775,163002.22221512708,2211.0,624.4016185288639,2023-12-18
17184,0.7,511,True,st,Scenario-MPC,pred,8,6,1.9026625191718258,0.0007616118186049364,1.9196082323513903,0.0027137042062415195,0.0,0.33954515770283683,163002.22221512708,2211.0,713.6345783376846,2023-12-18
17184,0.7,511,True,st,Scenario-MPC,pred,8,12,1.8193009112770118,0.0006073860482724631,1.8328151313978962,0.004070556309362279,0.0,0.3326660256750518,163002.22221512708,2211.0,1435.6728962711347,2023-12-18
17352,0.7,512,True,st,Scenario-MPC,pred,4,6,1.9997644102408982,0.0007752173076728137,2.0183473460583787,0.00468384074941452,0.0,0.29018066181728847,167924.7651880073,2135.0,297.4461004605353,2023-12-25
17352,0.7,512,True,st,Scenario-MPC,pred,4,12,1.980775673876232,0.00013699389095461908,1.984059590086306,0.000468384074941452,0.0,0.29137287552262253,167924.7651880073,2135.0,600.425591151784,2023-12-25
17352,0.7,512,True,st,Scenario-MPC,pred,8,6,1.990771275674638,0.0007127614702347797,2.0078570663599726,0.003278688524590164,0.0,0.29123201540377247,167924.7651880073,2135.0,687.7414300131597,2023-12-25
17352,0.7,512,True,st,Scenario-MPC,pred,8,12,1.9810708186793307,0.0,1.9810708186793307,0.0,0.0,0.2892764676956178,167924.7651880073,2135.0,1313.4114814419443,2023-12-25
