rho,q,sigma,episodes,mean_ratio,max_ratio,bound_holds,bound_over_opt,late
0.5,0.0,0,26,0.9999986814058446,1.0000000000000002,1.0,1.0,0.0
0.5,0.0,25,26,1.010869266691763,1.0309681107033941,1.0,37.71969540985037,0.0
0.5,0.0,100,26,1.0610000453199246,1.2565127507232974,1.0,139.6488383581049,0.0
0.5,0.1,0,26,1.0092605003653363,1.072328666673786,1.0,6.441245062398021,0.0
0.5,0.3,0,26,1.0656460654130877,1.3646684398441822,1.0,17.862527073599303,0.0
0.5,0.3,100,26,1.094183715655814,1.3316575294191477,1.0,160.19507311300606,0.0
0.9,0.0,0,26,0.9999924819709113,0.9999988552584613,1.0,1.0,0.0
0.9,0.0,25,26,1.0006132037184778,1.0027710021259888,1.0,19.261809160226985,0.0
0.9,0.0,100,26,1.0040190348577875,1.0148664711920707,1.0,69.34395267678386,0.0
0.9,0.1,0,26,1.001119676511909,1.0108689361507253,1.0,3.552133074968883,0.0
0.9,0.3,0,26,1.009581309627619,1.112035380944591,1.0,9.065260341520037,0.0
0.9,0.3,100,26,1.0099386155195655,1.0293184036245866,1.0,78.18854893140794,0.0
