t0,rho,q,sigma,opt,alg,bound,late,work,U,L,ratio,holds
17520,0.5,0.0,0,0.20507817,0.20507816999999995,0.20507817,0.0,16224.80883182322,99.6,0.96,0.9999999999999998,True
17520,0.5,0.1,0,0.20507817,0.21991120060000002,1.9943876900008448,0.0,16224.80883182322,99.6,0.96,1.072328666673786,True
17520,0.5,0.3,0,0.20507817,0.27986370629999996,6.744335227667405,0.0,16224.80883182322,99.6,0.96,1.3646684398441822,True
17520,0.5,0.0,25,0.20507817,0.20907345110000003,15.692668248188028,0.0,16224.80883182322,99.6,0.96,1.019481747374672,True
17520,0.5,0.0,100,0.20507817,0.2576833355,58.169132451956735,0.0,16224.80883182322,99.6,0.96,1.2565127507232974,True
17520,0.5,0.3,100,0.20507817,0.2730938892,66.23271437642592,0.0,16224.80883182322,99.6,0.96,1.3316575294191477,True
17520,0.9,0.0,0,1.3081460318,1.3081378846999998,1.3081460318,0.0,31677.75367046454,99.6,0.96,0.9999937720255979,True
17520,0.9,0.1,0,1.3081460318,1.3082074157,5.637064882460045,0.0,31677.75367046454,99.6,0.96,1.0000469243482821,True
17520,0.9,0.3,0,1.3081460318,1.3086807400999998,11.926483495969743,0.0,31677.75367046454,99.6,0.96,1.0004087527592498,True
17520,0.9,0.0,25,1.3081460318,1.3110471370999999,32.11542438027039,0.0,31677.75367046454,99.6,0.96,1.002217722814943,True
17520,0.9,0.0,100,1.3081460318,1.3158463322999998,115.99435156916512,0.0,31677.75367046454,99.6,0.96,1.0058864227026736,True
17520,0.9,0.3,100,1.3081460318,1.3246306918,127.60010611944891,0.0,31677.75367046454,99.6,0.96,1.0126015441695888,True
17592,0.5,0.0,0,0.7202825833,0.7202799724,0.7202825833,0.0,14635.73774696222,191.5,4.08,0.9999963751726607,True
17592,0.5,0.1,0,0.7202825833,0.7224727904,2.2286649884511442,0.0,14635.73774696222,191.5,4.08,1.00304076087744,True
17592,0.5,0.3,0,0.7202825833,0.7422896236000001,8.123036373764858,0.0,14635.73774696222,191.5,4.08,1.0305533422718263,True
17592,0.5,0.0,25,0.7202825833,0.7223141398999999,15.372840735839185,0.0,14635.73774696222,191.5,4.08,1.002820499408291,True
17592,0.5,0.0,100,0.7202825833,0.7361657737,53.24131609458392,0.0,14635.73774696222,191.5,4.08,1.0220513320303133,True
17592,0.5,0.3,100,0.7202825833,0.7301432392,61.52393625314986,0.0,14635.73774696222,191.5,4.08,1.0136899824161,True
17592,0.9,0.0,0,2.3363124376,2.33627477,2.3363124376,0.0,28069.10734563224,191.5,4.08,0.9999838773276237,True
17592,0.9,0.1,0,2.3363124376,2.3367863670999998,7.495181072900464,0.0,28069.10734563224,191.5,4.08,1.0002028536476424,True
17592,0.9,0.3,0,2.3363124376,2.3415537896000003,17.202720451229222,0.0,28069.10734563224,191.5,4.08,1.0022434293956781,True
17592,0.9,0.0,25,2.3363124376,2.3365807576,27.853122282986767,0.0,28069.10734563224,191.5,4.08,1.0001148476529431,True
17592,0.9,0.0,100,2.3363124376,2.3381440261,99.17361870375052,0.0,28069.10734563224,191.5,4.08,1.0007839655649318,True
17592,0.9,0.3,100,2.3363124376,2.3444694177,115.14810668600026,0.0,28069.10734563224,191.5,4.08,1.003491390949568,True
18192,0.5,0.0,0,0.6762356943,0.6762340927000001,0.6762356943,0.0,14831.205923104273,200.7,5.06,0.9999976315949995,True
18192,0.5,0.1,0,0.6762356943,0.6795830307,3.208063720244798,0.0,14831.205923104273,200.7,5.06,1.0049499552126793,True
18192,0.5,0.3,0,0.6762356943,0.7008085811999999,11.782843385773246,0.0,14831.205923104273,200.7,5.06,1.0363377548791421,True
18192,0.5,0.0,25,0.6762356943,0.683678657,16.321005934503514,0.0,14831.205923104273,200.7,5.06,1.0110064623366333,True
18192,0.5,0.0,100,0.6762356943,0.7352582733,57.44045980209534,0.0,14831.205923104273,200.7,5.06,1.0872810759584302,True
18192,0.5,0.3,100,0.6762356943,0.7117605284999999,71.19726437003503,0.0,14831.205923104273,200.7,5.06,1.0525332136405092,True
18192,0.9,0.0,0,2.500680779,2.5006627814000004,2.500680779,0.0,28851.68295326789,200.7,5.06,0.9999928029198486,True
18192,0.9,0.1,0,2.500680779,2.5069875305,9.945991852011097,0.0,28851.68295326789,200.7,5.06,1.0025220138263797,True
18192,0.9,0.3,0,2.500680779,2.5341172903,24.89066169997818,0.0,28851.68295326789,200.7,5.06,1.013370963451549,True
18192,0.9,0.0,25,2.500680779,2.5013733852999995,31.743964544598477,0.0,28851.68295326789,200.7,5.06,1.000276967098646,True
18192,0.9,0.0,100,2.500680779,2.5129711191000004,114.65339519684743,0.0,28851.68295326789,200.7,5.06,1.0049147976835793,True
18192,0.9,0.3,100,2.500680779,2.5364225969000005,138.88077064245556,0.0,28851.68295326789,200.7,5.06,1.0142928350552178,True
18264,0.5,0.0,0,0.21436524819999997,0.21436441980000004,0.21436524819999997,0.0,14320.369738450336,135.27,1.38,0.9999961355676497,True
18264,0.5,0.1,0,0.21436524819999997,0.21660218890000002,2.801576113800346,0.0,14320.369738450336,135.27,1.38,1.0104351834953818,True
18264,0.5,0.3,0,0.21436524819999997,0.24357371769999994,7.580950738660219,0.0,14320.369738450336,135.27,1.38,1.1362556186007764,True
18264,0.5,0.0,25,0.21436524819999997,0.21791106979999997,13.301997781967478,0.0,14320.369738450336,135.27,1.38,1.016541028127338,True
18264,0.5,0.0,100,0.21436524819999997,0.22442980809999996,50.26003700003905,0.0,14320.369738450336,135.27,1.38,1.0469505201263307,True
18264,0.5,0.3,100,0.21436524819999997,0.24469825660000002,58.54460473497412,0.0,14320.369738450336,135.27,1.38,1.1415015197412024,True
18264,0.9,0.0,0,1.5089681246000002,1.5089519000000002,1.5089681246000002,0.0,29097.50502954953,135.27,1.38,0.9999892478842094,True
18264,0.9,0.1,0,1.5089681246000002,1.5089986577,5.123804602451534,0.0,29097.50502954953,135.27,1.38,1.0000202344234461,True
18264,0.9,0.3,0,1.5089681246000002,1.5103478206,15.527752516335676,0.0,29097.50502954953,135.27,1.38,1.0009143307784354,True
18264,0.9,0.0,25,1.5089681246000002,1.5095981628000001,27.120703992432084,0.0,29097.50502954953,135.27,1.38,1.000417529164287,True
18264,0.9,0.0,100,1.5089681246000002,1.5105013111999999,99.36961139324274,0.0,29097.50502954953,135.27,1.38,1.0010160496931677,True
18264,0.9,0.3,100,1.5089681246000002,1.5136716528,114.81823372901557,0.0,29097.50502954953,135.27,1.38,1.0031170494083477,True
18864,0.5,0.0,0,0.7017749024000001,0.7017740708999999,0.7017749024000001,0.0,15259.479756816721,145.92,4.6,0.99999881514714,True
18864,0.5,0.1,0,0.7017749024000001,0.7050229938000001,3.9387948609478403,0.0,15259.479756816721,145.92,4.6,1.0046283949296162,True
18864,0.5,0.3,0,0.7017749024000001,0.7534890014999999,8.156242426927431,0.0,15259.479756816721,145.92,4.6,1.0736904368097844,True
18864,0.5,0.0,25,0.7017749024000001,0.7053334490000001,15.263983957437738,0.0,15259.479756816721,145.92,4.6,1.0050707806560624,True
18864,0.5,0.0,100,0.7017749024000001,0.7288438038,54.943523786583796,0.0,15259.479756816721,145.92,4.6,1.0385720568054329,True
18864,0.5,0.3,100,0.7017749024000001,0.7170153047,64.02996421542184,0.0,15259.479756816721,145.92,4.6,1.0217169383628273,True
18864,0.9,0.0,0,2.1221739916000004,2.1221522646999995,2.1221739916000004,0.0,28546.70474835265,145.92,4.6,0.9999897619610424,True
18864,0.9,0.1,0,2.1221739916000004,2.1223703689,7.527600116433335,0.0,28546.70474835265,145.92,4.6,1.0000925359092971,True
18864,0.9,0.3,0,2.1221739916000004,2.123470177,18.95833601857757,0.0,28546.70474835265,145.92,4.6,1.0006107818704453,True
18864,0.9,0.0,25,2.1221739916000004,2.1232936423999997,30.51781208467401,0.0,28546.70474835265,145.92,4.6,1.000527596136995,True
18864,0.9,0.0,100,2.1221739916000004,2.1276799964,108.02659899603951,0.0,28546.70474835265,145.92,4.6,1.0025945114876507,True
18864,0.9,0.3,100,2.1221739916000004,2.1317891095,126.85099697808919,0.0,28546.70474835265,145.92,4.6,1.0045307867960207,True
18936,0.5,0.0,0,0.9947907492000002,0.9947895471000001,0.9947907492000002,0.0,19337.70965026634,129.68,2.76,0.9999987916051681,True
18936,0.5,0.1,0,0.9947907492000002,1.0002879797,4.467237059604071,0.0,19337.70965026634,129.68,2.76,1.0055260169079985,True
18936,0.5,0.3,0,0.9947907492000002,1.0033237315,9.570253522809647,0.0,19337.70965026634,129.68,2.76,1.0085776655109249,True
18936,0.5,0.0,25,0.9947907492000002,0.9968635647999998,21.978767037655118,0.0,19337.70965026634,129.68,2.76,1.0020836699594025,True
18936,0.5,0.0,100,0.9947907492000002,1.0113115603,75.78435238255777,0.0,19337.70965026634,129.68,2.76,1.0166073228096317,True
18936,0.5,0.3,100,0.9947907492000002,1.0323726135000002,85.38798582199838,0.0,19337.70965026634,129.68,2.76,1.0377786628295678,True
18936,0.9,0.0,0,2.3442840174,2.3442684772999995,2.3442840174,0.0,32322.608735287595,129.68,2.76,0.9999933710677182,True
18936,0.9,0.1,0,2.3442840174,2.3442645869,6.095887284102014,0.0,32322.608735287595,129.68,2.76,0.9999917115418372,True
18936,0.9,0.3,0,2.3442840174,2.3452119404,16.11546540164971,0.0,32322.608735287595,129.68,2.76,1.0003958236259398,True
18936,0.9,0.0,25,2.3442840174,2.3447242891999993,35.585333872616765,0.0,32322.608735287595,129.68,2.76,1.0001878065101035,True
18936,0.9,0.0,100,2.3442840174,2.3542721802,122.0443067783857,0.0,32322.608735287595,129.68,2.76,1.0042606453509322,True
18936,0.9,0.3,100,2.3442840174,2.3584237014999996,136.28758510585286,0.0,32322.608735287595,129.68,2.76,1.0060315576078027,True
19536,0.5,0.0,0,0.5834445035999999,0.5834412171,0.5834445035999999,0.0,15787.315792045978,159.64,3.5999999999999996,0.9999943670735097,True
19536,0.5,0.1,0,0.5834445035999999,0.5969537354,3.665658518690798,0.0,15787.315792045978,159.64,3.5999999999999996,1.0231542704004317,True
19536,0.5,0.3,0,0.5834445035999999,0.6960110796999999,13.901847622610566,0.0,15787.315792045978,159.64,3.5999999999999996,1.1929345043194952,True
19536,0.5,0.0,25,0.5834445035999999,0.5850299251,15.718229077212982,0.0,15787.315792045978,159.64,3.5999999999999996,1.0027173475629947,True
19536,0.5,0.0,100,0.5834445035999999,0.6158915342,58.77085791806353,0.0,15787.315792045978,159.64,3.5999999999999996,1.0556128824589035,True
19536,0.5,0.3,100,0.5834445035999999,0.662518455,73.69177238800128,0.0,15787.315792045978,159.64,3.5999999999999996,1.1355295163671846,True
19536,0.9,0.0,0,1.9383621272999998,1.9383351319000004,1.9383621272999998,0.0,28827.551001541382,159.64,3.5999999999999996,0.9999860730873663,True
19536,0.9,0.1,0,1.9383621272999998,1.9400934295999996,7.1979064971527205,0.0,28827.551001541382,159.64,3.5999999999999996,1.0008931779442118,True
19536,0.9,0.3,0,1.9383621272999998,1.9412636865,18.35390592055323,0.0,28827.551001541382,159.64,3.5999999999999996,1.0014969128622224,True
19536,0.9,0.0,25,1.9383621272999998,1.9392987288999994,28.33045350096826,0.0,28827.551001541382,159.64,3.5999999999999996,1.0004831922718715,True
19536,0.9,0.0,100,1.9383621272999998,1.9401400833,102.78643371833734,0.0,28827.551001541382,159.64,3.5999999999999996,1.0009172465634566,True
19536,0.9,0.3,100,1.9383621272999998,1.9672910545000004,120.23127750638477,0.0,28827.551001541382,159.64,3.5999999999999996,1.014924418297574,True
19608,0.5,0.0,0,0.18657970670000001,0.18657970670000001,0.18657970670000001,0.0,15865.727216208365,77.39,1.92,1.0,True
19608,0.5,0.1,0,0.18657970670000001,0.1888389922,0.9298378765230816,0.0,15865.727216208365,77.39,1.92,1.0121089562201568,True
19608,0.5,0.3,0,0.18657970670000001,0.22964993909999998,5.60299083059809,0.0,15865.727216208365,77.39,1.92,1.230840926710493,True
19608,0.5,0.0,25,0.18657970670000001,0.18986334289999998,14.407327827410127,0.0,15865.727216208365,77.39,1.92,1.0175991068807912,True
19608,0.5,0.0,100,0.18657970670000001,0.20585473569999999,52.822278726613945,0.0,15865.727216208365,77.39,1.92,1.103307210311956,True
19608,0.5,0.3,100,0.18657970670000001,0.22199364670000002,59.963106001239574,0.0,15865.727216208365,77.39,1.92,1.189805958141749,True
19608,0.9,0.0,0,0.7987191701999999,0.7987114848000001,0.7987191701999999,0.0,27548.88597940837,77.39,1.92,0.9999903778445709,True
19608,0.9,0.1,0,0.7987191701999999,0.7997606361,3.570016575670029,0.0,27548.88597940837,77.39,1.92,1.0013039199994904,True
19608,0.9,0.3,0,0.7987191701999999,0.8021093776,10.630852544086556,0.0,27548.88597940837,77.39,1.92,1.0042445549405696,True
19608,0.9,0.0,25,0.7987191701999999,0.7993510062,27.12740178687869,0.0,27548.88597940837,77.39,1.92,1.000791061518959,True
19608,0.9,0.0,100,0.7987191701999999,0.8032152709000001,98.31074182348937,0.0,27548.88597940837,77.39,1.92,1.00562913833516,True
19608,0.9,0.3,100,0.7987191701999999,0.8083177694,109.2365118991405,0.0,27548.88597940837,77.39,1.92,1.0120174894482583,True
20208,0.5,0.0,0,0.8591744775000001,0.8591744775000001,0.8591744775000001,0.0,16706.292254246222,166.18,5.9799999999999995,1.0,True
20208,0.5,0.1,0,0.8591744775000001,0.8626819563999999,4.751500567697525,0.0,16706.292254246222,166.18,5.9799999999999995,1.0040823825565743,True
20208,0.5,0.3,0,0.8591744775000001,0.8760224832,10.05901021821749,0.0,16706.292254246222,166.18,5.9799999999999995,1.0196095276817623,True
20208,0.5,0.0,25,0.8591744775000001,0.8610337170000001,17.10038806322686,0.0,16706.292254246222,166.18,5.9799999999999995,1.0021639836246183,True
20208,0.5,0.0,100,0.8591744775000001,0.8782620970999999,63.96373650896507,0.0,16706.292254246222,166.18,5.9799999999999995,1.0222162320923922,True
20208,0.5,0.3,100,0.8591744775000001,0.9177424283000001,74.8976922091325,0.0,16706.292254246222,166.18,5.9799999999999995,1.0681677032241685,True
20208,0.9,0.0,0,2.2030833479,2.2030726517000003,2.2030833479,0.0,27493.23809460024,166.18,5.9799999999999995,0.999995144895444,True
20208,0.9,0.1,0,2.2030833479,2.2159687383,7.226145215489892,0.0,27493.23809460024,166.18,5.9799999999999995,1.0058487984180364,True
20208,0.9,0.3,0,2.2030833479,2.2287313962,16.610514835314664,0.0,27493.23809460024,166.18,5.9799999999999995,1.011641887414041,True
20208,0.9,0.0,25,2.2030833479,2.2034039761999997,30.237704334587626,0.0,27493.23809460024,166.18,5.9799999999999995,1.0001455361642606,True
20208,0.9,0.0,100,2.2030833479,2.2066650873,105.6161365966169,0.0,27493.23809460024,166.18,5.9799999999999995,1.0016257847908543,True
20208,0.9,0.3,100,2.2030833479,2.2061633947,120.72894673658809,0.0,27493.23809460024,166.18,5.9799999999999995,1.001398061858593,True
20280,0.5,0.0,0,0.4763209195,0.4763198145,0.4763209195,0.0,12322.177159688523,161.05,7.129999999999999,0.9999976801354827,True
20280,0.5,0.1,0,0.4763209195,0.47652406439999995,4.1397375778294805,0.0,12322.177159688523,161.05,7.129999999999999,1.0004264874618842,True
20280,0.5,0.3,0,0.4763209195,0.4848732795000001,8.984723667939168,0.0,12322.177159688523,161.05,7.129999999999999,1.0179550375595043,True
20280,0.5,0.0,25,0.4763209195,0.4821450303000001,12.265230164755842,0.0,12322.177159688523,161.05,7.129999999999999,1.012227283248684,True
20280,0.5,0.0,100,0.4763209195,0.5139109693,47.950218956219224,0.0,12322.177159688523,161.05,7.129999999999999,1.0789174866379136,True
20280,0.5,0.3,100,0.4763209195,0.5506950108999998,57.875719450907845,0.0,12322.177159688523,161.05,7.129999999999999,1.156142819589094,True
20280,0.9,0.0,0,2.156752418,2.1567485692,2.156752418,0.0,26810.187371887783,161.05,7.129999999999999,0.9999982154650817,True
20280,0.9,0.1,0,2.156752418,2.1601931399999996,9.184423890256019,0.0,26810.187371887783,161.05,7.129999999999999,1.0015953254398993,True
20280,0.9,0.3,0,2.156752418,2.1657758988,18.196227390950312,0.0,26810.187371887783,161.05,7.129999999999999,1.0041838278351707,True
20280,0.9,0.0,25,2.156752418,2.15871266,28.62256317414947,0.0,26810.187371887783,161.05,7.129999999999999,1.000908885963748,True
20280,0.9,0.0,100,2.156752418,2.1694964331,106.36816644213192,0.0,26810.187371887783,161.05,7.129999999999999,1.0059088910686456,True
20280,0.9,0.3,100,2.156752418,2.1812761730000005,122.82392515897276,0.0,26810.187371887783,161.05,7.129999999999999,1.011370686220323,True
20880,0.5,0.0,0,0.7297258041999999,0.7297250424,0.7297258041999999,0.0,15701.376685098494,121.81,13.11,0.9999989560462361,True
20880,0.5,0.1,0,0.7297258041999999,0.7306336409,2.9325112192771714,0.0,15701.376685098494,121.81,13.11,1.0012440792072517,True
20880,0.5,0.3,0,0.7297258041999999,0.7360776748000001,5.869112368736774,0.0,15701.376685098494,121.81,13.11,1.0087044620917083,True
20880,0.5,0.0,25,0.7297258041999999,0.7318859176000002,15.788767603159528,0.0,15701.376685098494,121.81,13.11,1.0029601713240337,True
20880,0.5,0.0,100,0.7297258041999999,0.7506645305000001,59.24214862255024,0.0,15701.376685098494,121.81,13.11,1.028693964471978,True
20880,0.5,0.3,100,0.7297258041999999,0.7523882706,64.76141725932669,0.0,15701.376685098494,121.81,13.11,1.0310561395383915,True
20880,0.9,0.0,0,1.7616029267,1.7615896402,1.7616029267,0.0,27654.22003297571,121.81,13.11,0.9999924577214316,True
20880,0.9,0.1,0,1.7616029267,1.7623977313,6.787674264864293,0.0,27654.22003297571,121.81,13.11,1.000451182606451,True
20880,0.9,0.3,0,1.7616029267,1.7901091183,12.719804733847253,0.0,27654.22003297571,121.81,13.11,1.0161819619892438,True
20880,0.9,0.0,25,1.7616029267,1.7616980464,28.329629245571912,0.0,27654.22003297571,121.81,13.11,1.000053996106931,True
20880,0.9,0.0,100,1.7616029267,1.7669685526,104.35866778620839,0.0,27654.22003297571,121.81,13.11,1.0030458770354405,True
20880,0.9,0.3,100,1.7616029267,1.7741781937999999,116.45515719487828,0.0,27654.22003297571,121.81,13.11,1.0071385366755476,True
20952,0.5,0.0,0,0.3560587364,0.35605835480000003,0.3560587364,0.0,15852.19248762194,92.63000000000001,2.53,0.9999989282667129,True
20952,0.5,0.1,0,0.3560587364,0.35653384940000005,1.2785820501289844,0.0,15852.19248762194,92.63000000000001,2.53,1.0013343669216033,True
20952,0.5,0.3,0,0.3560587364,0.357212862,4.480987625277988,0.0,15852.19248762194,92.63000000000001,2.53,1.0032413910459521,True
20952,0.5,0.0,25,0.3560587364,0.35939952270000003,14.124698806661428,0.0,15852.19248762194,92.63000000000001,2.53,1.0093826831319397,True
20952,0.5,0.0,100,0.3560587364,0.3688164554999999,54.629712644038555,0.0,15852.19248762194,92.63000000000001,2.53,1.0358303779567082,True
20952,0.5,0.3,100,0.3560587364,0.3804284452,59.3534291842316,0.0,15852.19248762194,92.63000000000001,2.53,1.0684429458083085,True
20952,0.9,0.0,0,1.2484876383,1.2484747593,1.2484876383,0.0,30076.719242370003,92.63000000000001,2.53,0.9999896843191675,True
20952,0.9,0.1,0,1.2484876383,1.2488533932,2.903372271662287,0.0,30076.719242370003,92.63000000000001,2.53,1.0002929583672113,True
20952,0.9,0.3,0,1.2484876383,1.2581887886,9.051403548387302,0.0,30076.719242370003,92.63000000000001,2.53,1.0077703214692695,True
20952,0.9,0.0,25,1.2484876383,1.2519472002,29.4968114264677,0.0,30076.719242370003,92.63000000000001,2.53,1.0027710021259888,True
20952,0.9,0.0,100,1.2484876383,1.2537876389000002,107.30476443123491,0.0,30076.719242370003,92.63000000000001,2.53,1.0042451366256353,True
20952,0.9,0.3,100,1.2484876383,1.2576441592,116.32278943658582,0.0,30076.719242370003,92.63000000000001,2.53,1.007334090157647,True
21552,0.5,0.0,0,0.5292887827999999,0.5292879899999998,0.5292887827999999,0.0,14722.626930718938,117.93,8.4,0.9999985021409373,True
21552,0.5,0.1,0,0.5292887827999999,0.5318682391999999,3.579755760623012,0.0,14722.626930718938,117.93,8.4,1.0048734386290115,True
21552,0.5,0.3,0,0.5292887827999999,0.5387480114,6.843578241005879,0.0,14722.626930718938,117.93,8.4,1.0178715833537215,True
21552,0.5,0.0,25,0.5292887827999999,0.5328268995000001,15.422932065453193,0.0,14722.626930718938,117.93,8.4,1.0066846621635983,True
21552,0.5,0.0,100,0.5292887827999999,0.5473690840000001,54.78882190285425,0.0,14722.626930718938,117.93,8.4,1.0341596152942316,True
21552,0.5,0.3,100,0.5292887827999999,0.5740005056,62.43308284393859,0.0,14722.626930718938,117.93,8.4,1.0844750998943713,True
21552,0.9,0.0,0,1.4152534339999998,1.4152429551999999,1.4152534339999998,0.0,25413.08136589785,117.93,8.4,0.9999925958137615,True
21552,0.9,0.1,0,1.4152534339999998,1.4154481595000001,5.157614979776132,0.0,25413.08136589785,117.93,8.4,1.0001375905511496,True
21552,0.9,0.3,0,1.4152534339999998,1.4308821687,11.159380053448016,0.0,25413.08136589785,117.93,8.4,1.011043064319461,True
21552,0.9,0.0,25,1.4152534339999998,1.4155988122000003,25.346679074188533,0.0,25413.08136589785,117.93,8.4,1.0002440398247432,True
21552,0.9,0.0,100,1.4152534339999998,1.4212494606,88.08487805326315,0.0,25413.08136589785,117.93,8.4,1.0042367158107175,True
21552,0.9,0.3,100,1.4152534339999998,1.4214059287999998,98.4927283470531,0.0,25413.08136589785,117.93,8.4,1.0043472742423318,True
21624,0.5,0.0,0,0.6430551871999999,0.6430546444999999,0.6430551871999999,0.0,15403.971505538922,122.06,5.75,0.9999991560599918,True
21624,0.5,0.1,0,0.6430551871999999,0.6451959695999999,1.8312901832451602,0.0,15403.971505538922,122.06,5.75,1.0033290803691695,True
21624,0.5,0.3,0,0.6430551871999999,0.667141234,8.359683859051906,0.0,15403.971505538922,122.06,5.75,1.0374556449888477,True
21624,0.5,0.0,25,0.6430551871999999,0.6528501772,17.386430567463965,0.0,15403.971505538922,122.06,5.75,1.0152319586171907,True
21624,0.5,0.0,100,0.6430551871999999,0.6644072455000002,62.61442343808396,0.0,15403.971505538922,122.06,5.75,1.0332040837629688,True
21624,0.5,0.3,100,0.6430551871999999,0.6828173054,72.35975972883995,0.0,15403.971505538922,122.06,5.75,1.0618331349959758,True
21624,0.9,0.0,0,1.9690098119000001,1.9689903089999998,1.9690098119000001,0.0,29355.459559131355,122.06,5.75,0.9999900950722123,True
21624,0.9,0.1,0,1.9690098119000001,1.9691529648,4.251983103621581,0.0,29355.459559131355,122.06,5.75,1.0000727029896623,True
21624,0.9,0.3,0,1.9690098119000001,1.9814060651,13.66322774856247,0.0,29355.459559131355,122.06,5.75,1.0062956787340933,True
21624,0.9,0.0,25,1.9690098119000001,1.96963708,32.46580921991247,0.0,29355.459559131355,122.06,5.75,1.000318570327181,True
21624,0.9,0.0,100,1.9690098119000001,1.9749321430000002,116.70848141812844,0.0,29355.459559131355,122.06,5.75,1.0030077712483745,True
21624,0.9,0.3,100,1.9690098119000001,1.9744846873000002,129.30211709454852,0.0,29355.459559131355,122.06,5.75,1.0027805221522574,True
22224,0.5,0.0,0,0.7788569908,0.7788564863,0.7788569908,0.0,14873.394595798858,122.68,10.559999999999999,0.9999993522559264,True
22224,0.5,0.1,0,0.7788569908,0.7810735894999998,1.7980087146271233,0.0,14873.394595798858,122.68,10.559999999999999,1.0028459636700737,True
22224,0.5,0.3,0,0.7788569908,0.7994670714000001,6.952252654597755,0.0,14873.394595798858,122.68,10.559999999999999,1.0264619575139595,True
22224,0.5,0.0,25,0.7788569908,0.7854648849,16.63349066485623,0.0,14873.394595798858,122.68,10.559999999999999,1.0084840916600268,True
22224,0.5,0.0,100,0.7788569908,0.8257003090999999,57.56396389920682,0.0,14873.394595798858,122.68,10.559999999999999,1.0601436706010496,True
22224,0.5,0.3,100,0.7788569908,0.8364918053000001,65.20288729766317,0.0,14873.394595798858,122.68,10.559999999999999,1.0739992260206854,True
22224,0.9,0.0,0,2.2776221611,2.2776158964,2.2776221611,0.0,30368.877327158785,122.68,10.559999999999999,0.9999972494559866,True
22224,0.9,0.1,0,2.2776221611,2.2781407069,6.884807925671977,0.0,30368.877327158785,122.68,10.559999999999999,1.0002276698079497,True
22224,0.9,0.3,0,2.2776221611,2.2804289412,15.56424855908589,0.0,30368.877327158785,122.68,10.559999999999999,1.001232329114081,True
22224,0.9,0.0,25,2.2776221611,2.2797365078999996,33.88464575662145,0.0,30368.877327158785,122.68,10.559999999999999,1.000928313236546,True
22224,0.9,0.0,100,2.2776221611,2.2888692312,112.43784715419291,0.0,30368.877327158785,122.68,10.559999999999999,1.0049380754596136,True
22224,0.9,0.3,100,2.2776221611,2.2964016787,126.49131646750297,0.0,30368.877327158785,122.68,10.559999999999999,1.0082452295735174,True
22296,0.5,0.0,0,0.45129147979999995,0.45129017460000004,0.45129147979999995,0.0,15474.156713307206,146.07000000000002,4.32,0.9999971078558796,True
22296,0.5,0.1,0,0.45129147979999995,0.4623586391,4.007395696553634,0.0,15474.156713307206,146.07000000000002,4.32,1.024523306544375,True
22296,0.5,0.3,0,0.45129147979999995,0.49025006409999994,10.91563419304104,0.0,15474.156713307206,146.07000000000002,4.32,1.086326877514429,True
22296,0.5,0.0,25,0.45129147979999995,0.45393367580000005,16.975430096579622,0.0,15474.156713307206,146.07000000000002,4.32,1.0058547438147316,True
22296,0.5,0.0,100,0.45129147979999995,0.47296494920000004,64.846378142029,0.0,15474.156713307206,146.07000000000002,4.32,1.0480254344921494,True
22296,0.5,0.3,100,0.45129147979999995,0.5065558645,76.334315131903,0.0,15474.156713307206,146.07000000000002,4.32,1.1224582939710976,True
22296,0.9,0.0,0,1.8763110061000003,1.8763046095,1.8763110061000003,0.0,29024.079462800975,146.07000000000002,4.32,0.999996590863679,True
22296,0.9,0.1,0,1.8763110061000003,1.8763157653000002,5.271604272806605,0.0,29024.079462800975,146.07000000000002,4.32,1.0000025364664944,True
22296,0.9,0.3,0,1.8763110061000003,1.8830840860000002,19.306492565716844,0.0,29024.079462800975,146.07000000000002,4.32,1.00360978530637,True
22296,0.9,0.0,25,1.8763110061000003,1.8765931616000004,32.511200225271274,0.0,29024.079462800975,146.07000000000002,4.32,1.0001503777886942,True
22296,0.9,0.0,100,1.8763110061000003,1.8851158943000004,120.72258740262619,0.0,29024.079462800975,146.07000000000002,4.32,1.0046926592507184,True
22296,0.9,0.3,100,1.8763110061000003,1.8920680813000001,139.54462370199468,0.0,29024.079462800975,146.07000000000002,4.32,1.00839790159988,True
22896,0.5,0.0,0,0.31088560579999996,0.3108856058,0.31088560579999996,0.0,15535.299781876558,88.54,2.9899999999999998,1.0000000000000002,True
22896,0.5,0.1,0,0.31088560579999996,0.3165136983,1.9648967735150042,0.0,15535.299781876558,88.54,2.9899999999999998,1.0181034193767746,True
22896,0.5,0.3,0,0.31088560579999996,0.3192732979000001,4.921456881562094,0.0,15535.299781876558,88.54,2.9899999999999998,1.0269799950319864,True
22896,0.5,0.0,25,0.31088560579999996,0.31640504980000006,15.826238925821169,0.0,15535.299781876558,88.54,2.9899999999999998,1.0177539387383245,True
22896,0.5,0.0,100,0.31088560579999996,0.34042630300000004,56.89764595097559,0.0,15535.299781876558,88.54,2.9899999999999998,1.0950211159631633,True
22896,0.5,0.3,100,0.31088560579999996,0.33786458180000006,62.42480210057041,0.0,15535.299781876558,88.54,2.9899999999999998,1.0867810393812711,True
22896,0.9,0.0,0,0.9074537482,0.9074527094,0.9074537482,0.0,26878.6140694124,88.54,2.9899999999999998,0.9999988552584613,True
22896,0.9,0.1,0,0.9074537482,0.9075979266000002,2.393800516024251,0.0,26878.6140694124,88.54,2.9899999999999998,1.0001588823675984,True
22896,0.9,0.3,0,0.9074537482,0.9080966174000001,8.541410323651355,0.0,26878.6140694124,88.54,2.9899999999999998,1.0007084319187345,True
22896,0.9,0.0,25,0.9074537482,0.9084689977000001,27.850301175102704,0.0,26878.6140694124,88.54,2.9899999999999998,1.0011187892518092,True
22896,0.9,0.0,100,0.9074537482,0.9114811988000001,95.65942659101846,0.0,26878.6140694124,88.54,2.9899999999999998,1.0044381882911264,True
22896,0.9,0.3,100,0.9074537482,0.914038392,104.48921219797197,0.0,26878.6140694124,88.54,2.9899999999999998,1.0072561756597085,True
22968,0.5,0.0,0,0.1992476215,0.1992476215,0.1992476215,0.0,14608.12170712685,94.34,2.9899999999999998,1.0,True
22968,0.5,0.1,0,0.1992476215,0.1996581581,2.8518842076433066,0.0,14608.12170712685,94.34,2.9899999999999998,1.0020604341317068,True
22968,0.5,0.3,0,0.1992476215,0.2009922241,6.5093667870846526,0.0,14608.12170712685,94.34,2.9899999999999998,1.008755951949971,True
22968,0.5,0.0,25,0.1992476215,0.20541794389999996,14.965177954789981,0.0,14608.12170712685,94.34,2.9899999999999998,1.0309681107033941,True
22968,0.5,0.0,100,0.1992476215,0.21304242339999999,58.7525906955332,0.0,14608.12170712685,94.34,2.9899999999999998,1.0692344621037295,True
22968,0.5,0.3,100,0.1992476215,0.2350564639,68.35948286190533,0.0,14608.12170712685,94.34,2.9899999999999998,1.179720300450362,True
22968,0.9,0.0,0,0.7833585994,0.7833538823999999,0.7833585994,0.0,28614.111500818097,94.34,2.9899999999999998,0.9999939784920934,True
22968,0.9,0.1,0,0.7833585994,0.7918728740000001,3.333932395510824,0.0,28614.111500818097,94.34,2.9899999999999998,1.0108689361507253,True
22968,0.9,0.3,0,0.7833585994,0.8711224785000002,10.215862926534184,0.0,28614.111500818097,94.34,2.9899999999999998,1.112035380944591,True
22968,0.9,0.0,25,0.7833585994,0.7840203985000002,28.200386744758713,0.0,28614.111500818097,94.34,2.9899999999999998,1.0008448226655162,True
22968,0.9,0.0,100,0.7833585994,0.7868219344999997,108.4054677640722,0.0,28614.111500818097,94.34,2.9899999999999998,1.0044211362492892,True
22968,0.9,0.3,100,0.7833585994,0.806325423,118.99860591595046,0.0,28614.111500818097,94.34,2.9899999999999998,1.0293184036245866,True
23568,0.5,0.0,0,0.20084235239999998,0.200842334,0.20084235239999998,0.0,15619.08759440576,82.92,0.45999999999999996,0.9999999083858572,True
23568,0.5,0.1,0,0.20084235239999998,0.2008462164,1.331434421535125,0.0,15619.08759440576,82.92,0.45999999999999996,1.000019238970037,True
23568,0.5,0.3,0,0.20084235239999998,0.2064665453,4.672528369622388,0.0,15619.08759440576,82.92,0.45999999999999996,1.0280030224342265,True
23568,0.5,0.0,25,0.20084235239999998,0.20597178979999997,15.268241322701805,0.0,15619.08759440576,82.92,0.45999999999999996,1.025539620198155,True
23568,0.5,0.0,100,0.20084235239999998,0.21533116850000003,56.69448624948041,0.0,15619.08759440576,82.92,0.45999999999999996,1.0721402429660052,True
23568,0.5,0.3,100,0.20084235239999998,0.2250111665,61.68434297725417,0.0,15619.08759440576,82.92,0.45999999999999996,1.120337238690897,True
23568,0.9,0.0,0,0.8377766208999999,0.8377600393000001,0.8377766208999999,0.0,28117.999942881906,82.92,0.45999999999999996,0.9999802076119264,True
23568,0.9,0.1,0,0.8377766208999999,0.8378892321000001,4.043964419411284,0.0,28117.999942881906,82.92,0.45999999999999996,1.000134416737339,True
23568,0.9,0.3,0,0.8377766208999999,0.8489582988999999,9.37608261505894,0.0,28117.999942881906,82.92,0.45999999999999996,1.0133468489344901,True
23568,0.9,0.0,25,0.8377766208999999,0.8383046657000001,26.436919427053436,0.0,28117.999942881906,82.92,0.45999999999999996,1.0006302930719562,True
23568,0.9,0.0,100,0.8377766208999999,0.8502314029000001,95.74664303520693,0.0,28117.999942881906,82.92,0.45999999999999996,1.0148664711920707,True
23568,0.9,0.3,100,0.8377766208999999,0.8588268709,105.77215105540338,0.0,28117.999942881906,82.92,0.45999999999999996,1.0251263278001077,True
23640,0.5,0.0,0,0.3365601995,0.33656019950000005,0.3365601995,0.0,13667.241189435636,111.19,1.15,1.0000000000000002,True
23640,0.5,0.1,0,0.3365601995,0.3374271164,2.349850661861694,0.0,13667.241189435636,111.19,1.15,1.002575815266594,True
23640,0.5,0.3,0,0.3365601995,0.35029097449999996,6.213469436178359,0.0,13667.241189435636,111.19,1.15,1.040797381925726,True
23640,0.5,0.0,25,0.3365601995,0.3446404582,13.984188120836173,0.0,13667.241189435636,111.19,1.15,1.024008360798467,True
23640,0.5,0.0,100,0.3365601995,0.3635992512,51.52568841433447,0.0,13667.241189435636,111.19,1.15,1.0803394214175346,True
23640,0.5,0.3,100,0.3365601995,0.3766302123,58.87420531038344,0.0,13667.241189435636,111.19,1.15,1.1190574906347475,True
23640,0.9,0.0,0,1.2583119972,1.2582986614,1.2583119972,0.0,26798.86985711358,111.19,1.15,0.9999894018335439,True
23640,0.9,0.1,0,1.2583119972,1.2620008840999999,6.007080689535354,0.0,26798.86985711358,111.19,1.15,1.0029316154564276,True
23640,0.9,0.3,0,1.2583119972,1.2661204338000003,14.570280659941345,0.0,26798.86985711358,111.19,1.15,1.0062054852988571,True
23640,0.9,0.0,25,1.2583119972,1.2586382497,26.612005861502716,0.0,26798.86985711358,111.19,1.15,1.0002592779062154,True
23640,0.9,0.0,100,1.2583119972,1.2641561686,97.94837607895121,0.0,26798.86985711358,111.19,1.15,1.0046444533732528,True
23640,0.9,0.3,100,1.2583119972,1.294571202,113.59463729449642,0.0,26798.86985711358,111.19,1.15,1.0288157506887672,True
24240,0.5,0.0,0,0.7192488894,0.7192470135999999,0.7192488894,0.0,18109.348459736077,147.77,0.69,0.9999973920015341,True
24240,0.5,0.1,0,0.7192488894,0.7230708517000001,4.1946112156424284,0.0,18109.348459736077,147.77,0.69,1.0053138244025492,True
24240,0.5,0.3,0,0.7192488894,0.7733487375,10.863004222520381,0.0,18109.348459736077,147.77,0.69,1.0752171451319588,True
24240,0.5,0.0,25,0.7192488894,0.7287195866000002,18.327111341988108,0.0,18109.348459736077,147.77,0.69,1.013167482549609,True
24240,0.5,0.0,100,0.7192488894,0.747910442,66.60168787446958,0.0,18109.348459736077,147.77,0.69,1.0398492830818407,True
24240,0.5,0.3,100,0.7192488894,0.7619351079999999,78.19693152243927,0.0,18109.348459736077,147.77,0.69,1.0593483274414353,True
24240,0.9,0.0,0,1.6256654704,1.6256595596,1.6256654704,0.0,26744.38432093592,147.77,0.69,0.9999963640736009,True
24240,0.9,0.1,0,1.6256654704,1.6260624556,7.217483594080052,0.0,26744.38432093592,147.77,0.69,1.0002441985803527,True
24240,0.9,0.3,0,1.6256654704,1.6385147939999998,20.591449964654313,0.0,26744.38432093592,147.77,0.69,1.0079040391974605,True
24240,0.9,0.0,25,1.6256654704,1.6257129823,27.82406620220776,0.0,26744.38432093592,147.77,0.69,1.0000292261236183,True
24240,0.9,0.0,100,1.6256654704,1.6322302777,98.45879131471499,0.0,26744.38432093592,147.77,0.69,1.0040382276793913,True
24240,0.9,0.3,100,1.6256654704,1.6368690421,118.5363831399505,0.0,26744.38432093592,147.77,0.69,1.0068916833776653,True
24312,0.5,0.0,0,0.7383103696000001,0.7383103696,0.7383103696000001,0.0,19108.158832550893,123.28,0.45999999999999996,0.9999999999999999,True
24312,0.5,0.1,0,0.7383103696000001,0.75311175,3.3906364475041078,0.0,19108.158832550893,123.28,0.45999999999999996,1.0200476398672538,True
24312,0.5,0.3,0,0.7383103696000001,0.7834428153,9.808377239997904,0.0,19108.158832550893,123.28,0.45999999999999996,1.0611293672123985,True
24312,0.5,0.0,25,0.7383103696000001,0.7416849363999999,19.899573851067064,0.0,19108.158832550893,123.28,0.45999999999999996,1.0045706615252175,True
24312,0.5,0.0,100,0.7383103696000001,0.7860138669000002,71.69716482039502,0.0,19108.158832550893,123.28,0.45999999999999996,1.0646117124507473,True
24312,0.5,0.3,100,0.7383103696000001,0.7782463164000001,82.68724328138128,0.0,19108.158832550893,123.28,0.45999999999999996,1.054091000809912,True
24312,0.9,0.0,0,2.0767739135,2.0767468098000004,2.0767739135,0.0,33145.11326151168,123.28,0.45999999999999996,0.9999869491330649,True
24312,0.9,0.1,0,2.0767739135,2.0775219578,7.018065219564569,0.0,33145.11326151168,123.28,0.45999999999999996,1.0003601953468009,True
24312,0.9,0.3,0,2.0767739135,2.0787821561,14.91992999177662,0.0,33145.11326151168,123.28,0.45999999999999996,1.000967001071684,True
24312,0.9,0.0,25,2.0767739135,2.0768122702999996,35.994141029138,0.0,33145.11326151168,123.28,0.45999999999999996,1.0000184694153516,True
24312,0.9,0.0,100,2.0767739135,2.080984182,126.26189610776503,0.0,33145.11326151168,123.28,0.45999999999999996,1.0020273119151928,True
24312,0.9,0.3,100,2.0767739135,2.0907157184000003,140.4803348802749,0.0,33145.11326151168,123.28,0.45999999999999996,1.0067132030161647,True
24912,0.5,0.0,0,1.2044392944,1.2044367718,1.2044392944,0.0,17216.94994334639,166.45000000000002,15.6,0.9999979055814504,True
24912,0.5,0.1,0,1.2044392944,1.2054697564,3.926018304851944,0.0,17216.94994334639,166.45000000000002,15.6,1.0008555532892287,True
24912,0.5,0.3,0,1.2044392944,1.2135873602000002,10.958565327107348,0.0,17216.94994334639,166.45000000000002,15.6,1.0075952900594773,True
24912,0.5,0.0,25,1.2044392944,1.2123584191,18.5622560809947,0.0,17216.94994334639,166.45000000000002,15.6,1.0065749471449659,True
24912,0.5,0.0,100,1.2044392944,1.2201436980000002,66.37727739729638,0.0,17216.94994334639,166.45000000000002,15.6,1.0130387672280516,True
24912,0.5,0.3,100,1.2044392944,1.2275167603000001,77.4014959612494,0.0,17216.94994334639,166.45000000000002,15.6,1.0191603395931186,True
24912,0.9,0.0,0,2.7154073375,2.7154023439999997,2.7154073375,0.0,27800.11216791731,166.45000000000002,15.6,0.9999981610493824,True
24912,0.9,0.1,0,2.7154073375,2.715870977,6.582581101512793,0.0,27800.11216791731,166.45000000000002,15.6,1.0001707439961574,True
24912,0.9,0.3,0,2.7154073375,2.7327285701,18.07904326545219,0.0,27800.11216791731,166.45000000000002,15.6,1.006378870809102,True
24912,0.9,0.0,25,2.7154073375,2.7156040488,30.99985075246856,0.0,27800.11216791731,166.45000000000002,15.6,1.0000724426487635,True
24912,0.9,0.0,100,2.7154073375,2.7184516784,109.20979260680684,0.0,27800.11216791731,166.45000000000002,15.6,1.001121135992364,True
24912,0.9,0.3,100,2.7154073375,2.726101266,125.56597368423755,0.0,27800.11216791731,166.45000000000002,15.6,1.0039382409969644,True
24984,0.5,0.0,0,0.6175827812,0.6175827812,0.6175827812,0.0,15069.853314017397,168.27,0.69,1.0,True
24984,0.5,0.1,0,0.6175827812,0.6192395012,5.915864945838638,0.0,15069.853314017397,168.27,0.69,1.0026825877444008,True
24984,0.5,0.3,0,0.6175827812,0.6497706519,12.546918177534943,0.0,15069.853314017397,168.27,0.69,1.0521191193793602,True
24984,0.5,0.0,25,0.6175827812,0.6208222716,15.10209389247119,0.0,15069.853314017397,168.27,0.69,1.0052454351037856,True
24984,0.5,0.0,100,0.6175827812,0.6374848154,57.860538394850266,0.0,15069.853314017397,168.27,0.69,1.0322256947665043,True
24984,0.5,0.3,100,0.6175827812,0.6615460849,70.7129526712368,0.0,15069.853314017397,168.27,0.69,1.0711860904129755,True
24984,0.9,0.0,0,2.7642614096,2.7642479812000005,2.7642614096,0.0,30598.722519635623,168.27,0.69,0.9999951421381665,True
24984,0.9,0.1,0,2.7642614096,2.7643724265000005,11.05411402347491,0.0,30598.722519635623,168.27,0.69,1.0000401615055707,True
24984,0.9,0.3,0,2.7642614096,2.7689127096999995,22.29735103727292,0.0,30598.722519635623,168.27,0.69,1.0016826556576184,True
24984,0.9,0.0,25,2.7642614096,2.765778512,34.437702203961436,0.0,30598.722519635623,168.27,0.69,1.0005488273991494,True
24984,0.9,0.0,100,2.7642614096,2.7705880334,127.62650558039923,0.0,30598.722519635623,168.27,0.69,1.0022887212396152,True
24984,0.9,0.3,100,2.7642614096,2.7796240040999995,148.7983847182278,0.0,30598.722519635623,168.27,0.69,1.0055575765904943,True
25584,0.5,0.0,0,0.8094310031,0.8094301048999999,0.8094310031,0.0,17069.478093799604,140.7,0.9199999999999999,0.9999988903316074,True
25584,0.5,0.1,0,0.8094310031,0.8151569329000001,4.7447463795824945,0.0,17069.478093799604,140.7,0.9199999999999999,1.0070740183883131,True
25584,0.5,0.3,0,0.8094310031,0.8323598792000001,9.95274793194046,0.0,17069.478093799604,140.7,0.9199999999999999,1.0283271532869211,True
25584,0.5,0.0,25,0.8094310031,0.8129491962999998,18.615197239172762,0.0,17069.478093799604,140.7,0.9199999999999999,1.0043465016616928,True
25584,0.5,0.0,100,0.8094310031,0.8402522569,63.055929544413786,0.0,17069.478093799604,140.7,0.9199999999999999,1.0380776788657207,True
25584,0.5,0.3,100,0.8094310031,0.8506537987000001,74.2503154374473,0.0,17069.478093799604,140.7,0.9199999999999999,1.0509281154812737,True
25584,0.9,0.0,0,2.0770044721,2.0769960300999997,2.0770044721,0.0,29626.40833923276,140.7,0.9199999999999999,0.9999959354926223,True
25584,0.9,0.1,0,2.0770044721,2.0779598048,7.652381585630656,0.0,29626.40833923276,140.7,0.9199999999999999,1.0004599569778654,True
25584,0.9,0.3,0,2.0770044721,2.0833674574000005,18.61648911473836,0.0,29626.40833923276,140.7,0.9199999999999999,1.0030635395279468,True
25584,0.9,0.0,25,2.0770044721,2.0778880573,33.00228163659833,0.0,29626.40833923276,140.7,0.9199999999999999,1.0004254132390513,True
25584,0.9,0.0,100,2.0770044721,2.0801275806,111.37337771835439,0.0,29626.40833923276,140.7,0.9199999999999999,1.0015036599785663,True
25584,0.9,0.3,100,2.0770044721,2.0884613683,128.7726800083165,0.0,29626.40833923276,140.7,0.9199999999999999,1.0055160671793915,True
25656,0.5,0.0,0,0.20316695889999997,0.20316692260000002,0.20316695889999997,0.0,14053.415104394877,84.07,1.38,0.9999998213292154,True
25656,0.5,0.1,0,0.20316695889999997,0.20381895580000003,1.9240474094255406,0.0,14053.415104394877,84.07,1.38,1.0032091679844506,True
25656,0.5,0.3,0,0.20316695889999997,0.2207181672,4.430178729298919,0.0,14053.415104394877,84.07,1.38,1.0863881036317469,True
25656,0.5,0.0,25,0.20316695889999997,0.20522212590000002,13.747777893531229,0.0,14053.415104394877,84.07,1.38,1.0101156556712139,True
25656,0.5,0.0,100,0.20316695889999997,0.22620137510000005,52.35705987922326,0.0,14053.415104394877,84.07,1.38,1.1133767829410577,True
25656,0.5,0.3,100,0.20316695889999997,0.222950947,58.69922821163707,0.0,14053.415104394877,84.07,1.38,1.0973779801947907,True
25656,0.9,0.0,0,0.9333934023,0.9333917394,0.9333934023,0.0,25675.99217971125,84.07,1.38,0.9999982184360893,True
25656,0.9,0.1,0,0.9333934023,0.9334310609,3.136432888223405,0.0,25675.99217971125,84.07,1.38,1.0000403459033536,True
25656,0.9,0.3,0,0.9333934023,0.9438263053999999,8.614541603159283,0.0,25675.99217971125,84.07,1.38,1.011177391091786,True
25656,0.9,0.0,25,0.9333934023,0.9347545608,26.70981393450455,0.0,25675.99217971125,84.07,1.38,1.0014582902521552,True
25656,0.9,0.0,100,0.9333934023,0.9403396336000001,99.01110874210417,0.0,25675.99217971125,84.07,1.38,1.0074419117200568,True
25656,0.9,0.3,100,0.9333934023,0.9494955589,107.65156424931543,0.0,25675.99217971125,84.07,1.38,1.017251200362379,True
