rho,policy,emis,red,gap,gap_adj,late,mig,ms,n,p_raw,wins,weeks,dgap,dgap_lo,dgap_hi,dgap_lo_b2,dgap_hi_b2,p_raw_b2,dgap_lo_b8,dgap_hi_b8,p_raw_b8,p,p_b2,p_b8
0.3,ASAP-Local,5.200006797709203,0.0,206.5420173117234,206.542239588739,4.730541819644522e-05,0.0,0.0330469468554017,104,9.99990000099999e-06,52.0,52.0,202.92762891589743,183.27992225666662,220.08756106584934,187.4092168586451,217.44741831058494,9.99990000099999e-06,178.71921310933212,220.65996200806444,9.99990000099999e-06,0.00023999760002399976,0.00023999760002399976,0.00023999760002399976
0.3,Greedy-Spatial,1.9331404720194325,62.466072689363045,12.657109434171433,12.657109071352208,0.0,82.96530617067046,0.1031453010928223,104,9.99990000099999e-06,52.0,52.0,9.042721038345409,7.8595671822979245,10.366566830394854,8.07479956350027,10.080626546144783,9.99990000099999e-06,7.852253921966128,10.665815203677946,9.99990000099999e-06,0.00023999760002399976,0.00023999760002399976,0.00023999760002399976
0.3,Forecast-Reserve,1.892584820325017,63.25603843712046,10.244535354988255,10.244535056614485,0.0,82.83482072067521,0.36829636365630036,104,9.99990000099999e-06,52.0,52.0,6.630146959162232,5.7991826284106915,7.598211702632431,5.950797471484565,7.381195195616497,9.99990000099999e-06,5.8455701414862045,7.7622938295892,9.99990000099999e-06,0.00023999760002399976,0.00023999760002399976,0.00023999760002399976
0.3,MPC,1.8363077665789143,64.3545853577273,6.892327032313779,6.892326765040379,0.0,66.96076311205825,2.126894968867663,104,9.99990000099999e-06,52.0,52.0,3.277938636487756,2.7012697252011,4.027431010389782,2.7626261378235704,3.861742421601655,9.99990000099999e-06,2.773655403430392,4.1520317652407455,9.99990000099999e-06,0.00023999760002399976,0.00023999760002399976,0.00023999760002399976
0.3,MPC-Protect,1.8718879082962978,63.66476550857361,8.968285851279134,8.968285555529908,0.0,80.04159072417458,1.6222502290915175,104,9.99990000099999e-06,52.0,52.0,5.35389745545311,4.497371917242523,6.788791250606211,4.563034289771093,6.412360723006014,9.99990000099999e-06,4.57487134316923,7.0812683125750535,9.99990000099999e-06,0.00023999760002399976,0.00023999760002399976,0.00023999760002399976
0.3,MPC+conformal,1.8129487261945485,64.81248722483897,5.493573199889686,5.493572934498714,0.0,67.53126070413256,2.092626125139281,104,9.99990000099999e-06,49.0,52.0,1.8791848040636607,1.3387283282017428,2.600270502109593,1.3943436440359973,2.4173727154427223,9.99990000099999e-06,1.4301425799509588,2.76972199856335,9.99990000099999e-06,0.00023999760002399976,0.00023999760002399976,0.00023999760002399976
0.3,MPC-Perfect,1.8282271033778033,64.51628883002095,6.429525833681085,6.429525563353258,0.0,66.87982598288917,2.1335095767630317,104,9.99990000099999e-06,51.0,52.0,2.81513743785506,2.2808046604654213,3.536011123457214,2.3203889533831448,3.391078709684135,9.99990000099999e-06,2.354429146581168,3.632752105582098,9.99990000099999e-06,0.00023999760002399976,0.00023999760002399976,0.00023999760002399976
0.3,CARMA,1.7819252770801992,65.4357850828944,3.6143883958260243,3.6143881258100596,0.0,67.83794079021119,22.605977089556212,104,,,,,,,,,,,,,,,
0.3,CARMA-Perfect,1.765315639880265,65.76182561642989,2.6444917264505863,2.6444914645498443,0.0,67.83819857059493,22.80198136249438,104,9.99990000099999e-06,3.0,52.0,-0.9698966693754384,-1.1438131116497328,-0.8345783847254663,-1.1298030749979715,-0.8208190776648997,9.99990000099999e-06,-1.167073358708532,-0.8342835111802734,9.99990000099999e-06,0.00023999760002399976,0.00023999760002399976,0.00023999760002399976
0.3,Oracle,1.7213317502059613,66.63243320326015,0.0,0.0,0.0,69.1227675755897,,104,,,,,,,,,,,,,,,
0.5,ASAP-Local,8.800633351209033,0.0,133.38268010501318,133.58049964823556,0.03666879051912223,0.0,0.05012542574692724,104,9.99990000099999e-06,52.0,52.0,129.39418765987674,109.84725370461045,145.4391928466496,115.10197812279162,142.41222501655457,9.99990000099999e-06,103.73016083434709,145.98598717206664,9.99990000099999e-06,0.00023999760002399976,0.00023999760002399976,0.00023999760002399976
0.5,Greedy-Spatial,4.481965706925824,48.57276004786833,17.26566034829298,17.265658510618746,0.0,79.25992273763059,0.16696806213032145,104,9.99990000099999e-06,52.0,52.0,13.277167903156522,11.8310273460094,14.590653669264427,12.12688469462933,14.382958117754313,9.99990000099999e-06,11.462495628759735,14.567367255834935,9.99990000099999e-06,0.00023999760002399976,0.00023999760002399976,0.00023999760002399976
0.5,Forecast-Reserve,4.340728333560393,50.15106048660429,13.428217258355044,13.44230991473117,0.0026302410967545733,78.8056809894768,0.6559902349590346,104,9.99990000099999e-06,52.0,52.0,9.439724813218586,8.72433055120489,10.26801351929246,8.844670589210464,10.107959277618878,9.99990000099999e-06,8.498111452246473,10.38535473016003,9.99990000099999e-06,0.00023999760002399976,0.00023999760002399976,0.00023999760002399976
0.5,MPC,4.176923398081099,52.03935554669032,9.166377267857696,9.170118666806488,0.000598899067025577,50.558817929245606,4.106611216683437,104,9.99990000099999e-06,52.0,52.0,5.177884822721236,4.302853038158162,6.222057718983352,4.498171064261548,5.93189490059309,9.99990000099999e-06,4.02133825850749,6.368636646999799,9.99990000099999e-06,0.00023999760002399976,0.00023999760002399976,0.00023999760002399976
0.5,MPC-Protect,4.089492311478633,52.99867754331479,6.822455622163589,6.822453966065895,0.0,62.79465527514877,4.988970173282218,104,9.99990000099999e-06,52.0,52.0,2.833963177027128,2.40044034258876,3.2967446778126765,2.466095303691483,3.211401226557587,9.99990000099999e-06,2.296617720062768,3.3540175519983215,9.99990000099999e-06,0.00023999760002399976,0.00023999760002399976,0.00023999760002399976
0.5,MPC+conformal,4.104437846675792,52.83869801200566,7.196130826784174,7.196129159864112,0.0,51.13380962058823,4.296576599523539,104,9.99990000099999e-06,52.0,52.0,3.2076383816477128,2.6645213304015285,3.878896981165306,2.7536985494443282,3.7202648744245677,9.99990000099999e-06,2.526528140507281,4.001526769225014,9.99990000099999e-06,0.00023999760002399976,0.00023999760002399976,0.00023999760002399976
0.5,MPC-Perfect,4.163859108397208,52.19362175928201,8.823360034353492,8.82391558860527,0.00011224995312990383,50.542504455931805,4.211203533972787,104,9.99990000099999e-06,52.0,52.0,4.834867589217031,3.930751920588252,5.876287377595772,4.128404743032166,5.6035358093073295,9.99990000099999e-06,3.6461550927999298,6.036238715928361,9.99990000099999e-06,0.00023999760002399976,0.00023999760002399976,0.00023999760002399976
0.5,CARMA,3.9822907493230746,54.211338382325884,3.9884924451364605,3.988490833840243,0.0,50.17946282523778,33.27894392709215,104,,,,,,,,,,,,,,,
0.5,CARMA-Perfect,3.958013008241561,54.50454914797969,3.351463947419608,3.3514623412240536,0.0,50.10715796893486,33.419075154746096,104,9.99990000099999e-06,6.0,52.0,-0.6370284977168521,-0.8078750656340062,-0.4763713725515432,-0.8040450315372651,-0.4902754175437114,9.99990000099999e-06,-0.8120198844273032,-0.5056534852939041,9.99990000099999e-06,0.00023999760002399976,0.00023999760002399976,0.00023999760002399976
0.5,Oracle,3.830145341735192,55.98737187797721,0.0,0.0,0.0,52.022725299272324,,104,,,,,,,,,,,,,,,
0.7,ASAP-Local,12.53835900586847,0.0,77.82219708482948,100.67079206403817,5.867409164145976,0.0,0.07809955926544676,104,9.99990000099999e-06,52.0,52.0,71.8114385094792,59.023800834903106,81.93822089624146,62.86848907123067,79.70985666638315,9.99990000099999e-06,54.758301688652885,82.15531309924177,9.99990000099999e-06,0.00023999760002399976,0.00023999760002399976,0.00023999760002399976
0.7,Greedy-Spatial,8.497707958367435,31.69127481361845,19.722361997555883,19.722361782580204,0.0,74.88710703641655,0.22987914518864533,104,9.99990000099999e-06,52.0,52.0,13.711603422205608,11.773484083261476,15.295133150480405,12.304613855197957,14.883059769395084,9.99990000099999e-06,11.116828434275451,15.413096073298739,9.99990000099999e-06,0.00023999760002399976,0.00023999760002399976,0.00023999760002399976
0.7,Forecast-Reserve,8.336726956824727,32.9542267442188,17.33881563756812,19.76995475726167,0.6303094834552491,74.10048948969656,1.028046535549928,104,9.99990000099999e-06,52.0,52.0,11.328057062217844,10.111549267220585,12.403747368382207,10.418146404189153,12.138953679516732,9.99990000099999e-06,9.72437529808144,12.597580846463325,9.99990000099999e-06,0.00023999760002399976,0.00023999760002399976,0.00023999760002399976
0.7,MPC,8.037843933467322,35.37277183742889,13.132859309582223,14.9601782192323,0.46851687222400534,34.26878086723253,6.2286091443103135,104,9.99990000099999e-06,52.0,52.0,7.122100734231948,5.8875751339210245,8.337437756996481,6.186842966123961,8.001907058710538,9.99990000099999e-06,5.453164021403239,8.60783883036353,9.99990000099999e-06,0.00023999760002399976,0.00023999760002399976,0.00023999760002399976
0.7,MPC-Protect,7.868548255522392,36.702629642578465,10.7011067388066,11.160963401218394,0.11914408271162359,46.07781191215125,8.276129338346552,104,9.99990000099999e-06,52.0,52.0,4.690348163456323,3.821045988158011,5.586635514411278,4.029331923270751,5.3282402506689825,9.99990000099999e-06,3.5467842888560286,5.847485812124747,9.99990000099999e-06,0.00023999760002399976,0.00023999760002399976,0.00023999760002399976
0.7,MPC+conformal,7.941132875611258,36.151245312897295,11.73174832979325,12.547066897020954,0.19819414704920985,34.796378894061114,6.452113237172669,104,9.99990000099999e-06,52.0,52.0,5.720989754442976,4.639590766058497,6.851065632025523,4.8840752399551155,6.5472892594734295,9.99990000099999e-06,4.2913181636611695,7.125318028502522,9.99990000099999e-06,0.00023999760002399976,0.00023999760002399976,0.00023999760002399976
0.7,MPC-Perfect,8.031818820478673,35.42943496795917,13.036997913206221,15.163005022603064,0.5393619370805173,34.29416901934511,6.1973622326677935,104,9.99990000099999e-06,52.0,52.0,7.026239337855945,5.791102838294919,8.175775767781461,6.092734185253491,7.875542893085928,9.99990000099999e-06,5.363116664730016,8.423626936888292,9.99990000099999e-06,0.00023999760002399976,0.00023999760002399976,0.00023999760002399976
0.7,CARMA,7.539624623114756,39.29062189677984,6.010758575350274,6.010758373723888,0.0,33.216638946218836,43.572676161728026,104,,,,,,,,,,,,,,,
0.7,CARMA-Perfect,7.5188764136983135,39.48290019015284,5.715014638144935,5.715014438617559,0.0,33.19774561982328,43.784520913453434,104,0.005339946600533995,17.0,52.0,-0.29574393720533887,-0.4997353987069072,-0.09018567381747518,-0.47929127471477084,-0.10653350126206093,0.002029979700202998,-0.5561204802039881,-0.10774908850540367,0.012729872701272987,0.005339946600533995,0.002029979700202998,0.012729872701272987
0.7,Oracle,7.117830882516153,42.632635117774875,0.0,0.0,0.0,36.643193333603605,,104,,,,,,,,,,,,,,,
