model,h,site,mae,rmse
Persistence,1,France,1.2761305094447624,2.292640723764977
Persistence,1,New Zealand,3.693176874642244,5.400132394654221
Persistence,1,Brazil South,3.1840297653119634,5.181902261477924
Persistence,1,California,15.863434459072693,26.079810643150743
Persistence,2,France,2.31310968628349,3.9369296323604774
Persistence,2,New Zealand,6.1939088619189375,8.900263849350013
Persistence,2,Brazil South,5.557201740325167,8.947533634505096
Persistence,2,California,28.614827112434163,44.30423375067541
Persistence,3,France,3.1821825260506125,5.166377174471226
Persistence,3,New Zealand,8.163689453795946,11.571860278427435
Persistence,3,Brazil South,7.488835451734799,11.84478059890354
Persistence,3,California,39.21060345814726,56.67868889922328
Persistence,4,France,3.918873110398534,6.135945211391356
Persistence,4,New Zealand,9.736486486486486,13.64796392789064
Persistence,4,Brazil South,9.132764544205223,14.16220246639053
Persistence,4,California,47.7951786532295,65.48370995935728
Persistence,5,France,4.516069178788226,6.880731396559363
Persistence,5,New Zealand,10.976841140762797,15.214121035025322
Persistence,5,Brazil South,10.496529607146948,16.006387741048236
Persistence,5,California,54.75647692131486,71.99050956172502
Persistence,6,France,4.979828178694158,7.403835961282553
Persistence,6,New Zealand,11.911580756013747,16.360943596635234
Persistence,6,Brazil South,11.658453608247422,17.537416292534093
Persistence,6,California,60.847216494845355,77.22575836382748
Persistence,7,France,5.290995532134265,7.72820510106244
Persistence,7,New Zealand,12.582495131171957,17.09849915599491
Persistence,7,Brazil South,12.633428800549892,18.800634155680633
Persistence,7,California,66.34040554473594,81.7048410680669
Persistence,8,France,5.475126031164069,7.8981222895819725
Persistence,8,New Zealand,12.996207607699358,17.522839587099853
Persistence,8,Brazil South,13.433386801099907,19.820628333028203
Persistence,8,California,71.11810265811182,85.48085248261685
Persistence,9,France,5.56602497994729,7.973253889523373
Persistence,9,New Zealand,13.21843703449066,17.693092298074387
Persistence,9,Brazil South,14.093101867766702,20.66002204327148
Persistence,9,California,74.97154806921048,88.22102344614194
Persistence,10,France,5.611987164794866,8.016341177662685
Persistence,10,New Zealand,13.358984643593857,17.735890952267695
Persistence,10,Brazil South,14.582065092826037,21.307175793997104
Persistence,10,California,77.24005271602108,89.71214912649167
Persistence,11,France,5.662830945558739,8.094635387899645
Persistence,11,New Zealand,13.499862464183382,17.79538960285721
Persistence,11,Brazil South,14.906830945558738,21.741790190499014
Persistence,11,California,78.71319197707737,90.58956789215992
Persistence,12,France,5.757434368909777,8.247977251430337
Persistence,12,New Zealand,13.659245672360427,17.944264723812893
Persistence,12,Brazil South,15.068565860369139,21.9517268945648
Persistence,12,California,79.28475295196607,91.07685677723991
Persistence,13,France,5.88796009631923,8.485234955279791
Persistence,13,New Zealand,13.826602453847034,18.203344341430917
Persistence,13,Brazil South,15.04615296410962,21.940786325361344
Persistence,13,California,78.68408439399153,90.90670310751186
Persistence,14,France,6.055912375272394,8.779190654823099
Persistence,14,New Zealand,14.033845624498223,18.562899367813134
Persistence,14,Brazil South,14.902098864548686,21.75928987173034
Persistence,14,California,77.30542493405207,90.35330380853829
Persistence,15,France,6.230320064242285,9.083033094268659
Persistence,15,New Zealand,14.281977744636919,18.946759420934704
Persistence,15,Brazil South,14.664620855799011,21.435361962357142
Persistence,15,California,75.36838361821727,89.21057864387748
Persistence,16,France,6.3647045324153755,9.336237397557198
Persistence,16,New Zealand,14.455502008032129,19.20735979016917
Persistence,16,Brazil South,14.356741250717155,20.99443966493321
Persistence,16,California,72.01348250143431,86.884718611329
Persistence,17,France,6.4214621829450245,9.503720329602189
Persistence,17,New Zealand,14.449558131527603,19.229473354002256
Persistence,17,Brazil South,13.9591415126822,20.445365524294573
Persistence,17,California,67.88284173074716,83.60306759767298
Persistence,18,France,6.388761336241534,9.561967086133905
Persistence,18,New Zealand,14.292274136149695,19.01577911512694
Persistence,18,Brazil South,13.422328090919526,19.759506865887516
Persistence,18,California,63.26192170818505,79.71679087739389
Persistence,19,France,6.260213572166725,9.502279703023053
Persistence,19,New Zealand,13.918096222298772,18.526575766859743
Persistence,19,Brazil South,12.791640831323917,18.991393521860637
Persistence,19,California,58.31813066942244,75.24582651605066
Persistence,20,France,6.065969909268404,9.35170535341617
Persistence,20,New Zealand,13.34330998047548,17.824497191403047
Persistence,20,Brazil South,12.136683128517284,18.188766115854957
Persistence,20,California,52.79553233030895,69.7449456726566
Persistence,21,France,5.853658816771971,9.160354166456173
Persistence,21,New Zealand,12.650568638713382,16.954641315822364
Persistence,21,Brazil South,11.468902929350948,17.360881310726235
Persistence,21,California,46.0847673750718,62.43908300681363
Persistence,22,France,5.634367459496725,8.966384488024419
Persistence,22,New Zealand,11.861679880500974,16.01737695354708
Persistence,22,Brazil South,10.821440882454326,16.616340357070253
Persistence,22,California,38.34930483741238,52.696375517166395
Persistence,23,France,5.468647281921618,8.82311933375106
Persistence,23,New Zealand,11.143213423744397,15.258034033728485
Persistence,23,Brazil South,10.252246868176073,16.055376815830595
Persistence,23,California,30.059223077807147,40.468979082936734
Persistence,24,France,5.4464421197838835,8.831897274784911
Persistence,24,New Zealand,10.869076905391426,15.018874319151266
Persistence,24,Brazil South,10.037165191401309,15.912778449742008
Persistence,24,California,24.71655362685366,32.90632174880309
Seasonal naive (24 h),1,France,5.441499713795078,8.82289672288604
Seasonal naive (24 h),1,New Zealand,10.849776760160276,14.993578323933365
Seasonal naive (24 h),1,Brazil South,10.057618775042931,15.913605580989257
Seasonal naive (24 h),1,California,24.786491127647395,33.039477522892064
Seasonal naive (24 h),2,France,5.442500572475384,8.823681886459447
Seasonal naive (24 h),2,New Zealand,10.85020609113808,14.99405786432868
Seasonal naive (24 h),2,Brazil South,10.057591023585985,15.91417551643057
Seasonal naive (24 h),2,California,24.77873826425464,33.025205191267915
Seasonal naive (24 h),3,France,5.443284094812779,8.824313585117132
Seasonal naive (24 h),3,New Zealand,10.850406504065042,14.994343374046933
Seasonal naive (24 h),3,Brazil South,10.057357151036298,15.91471505472536
Seasonal naive (24 h),3,California,24.78236573915035,33.03363050443014
Seasonal naive (24 h),4,France,5.44388456252863,8.824882963645122
Seasonal naive (24 h),4,New Zealand,10.850732936326157,14.994773100616863
Seasonal naive (24 h),4,Brazil South,10.057226294090702,15.915204796085046
Seasonal naive (24 h),4,California,24.785719193770042,33.04120796066286
Seasonal naive (24 h),5,France,5.44450807467644,8.825470085560907
Seasonal naive (24 h),5,New Zealand,10.851906998052915,14.995656989723068
Seasonal naive (24 h),5,Brazil South,10.056030237086244,15.914862826272275
Seasonal naive (24 h),5,California,24.78861527889131,33.04878444431884
Seasonal naive (24 h),6,France,5.445211912943871,8.8260979899034
Seasonal naive (24 h),6,New Zealand,10.853253150057274,14.996678479138097
Seasonal naive (24 h),6,Brazil South,10.05335624284078,15.913045359082878
Seasonal naive (24 h),6,California,24.791947308132876,33.0600209657268
Seasonal naive (24 h),7,France,5.4457898957498,8.826677517331158
Seasonal naive (24 h),7,New Zealand,10.855997250544164,14.999269925334572
Seasonal naive (24 h),7,Brazil South,10.049616221789439,15.909759086324998
Seasonal naive (24 h),7,California,24.797399473020963,33.07731665818032
Seasonal naive (24 h),8,France,5.446035747021082,8.82709275202179
Seasonal naive (24 h),8,New Zealand,10.858707607699357,15.00189011922845
Seasonal naive (24 h),8,Brazil South,10.046746104491293,15.90768273018354
Seasonal naive (24 h),8,California,24.804193400549956,33.09643060913182
Seasonal naive (24 h),9,France,5.446075398189526,8.82744315877702
Seasonal naive (24 h),9,New Zealand,10.860330010312824,15.003661178034955
Seasonal naive (24 h),9,Brazil South,10.045135785493295,15.906745864468684
Seasonal naive (24 h),9,California,24.806027271685576,33.10466988355273
Seasonal naive (24 h),10,France,5.446309878523952,8.827823295138256
Seasonal naive (24 h),10,New Zealand,10.86025670410268,15.003974567017272
Seasonal naive (24 h),10,Brazil South,10.044579417831768,15.906685254981763
Seasonal naive (24 h),10,California,24.796183818473526,33.07961896235318
Seasonal naive (24 h),11,France,5.446269340974212,8.828162217445703
Seasonal naive (24 h),11,New Zealand,10.861432664756448,15.005445735438775
Seasonal naive (24 h),11,Brazil South,10.043977077363897,15.906894830602937
Seasonal naive (24 h),11,California,24.78755300859599,33.05684457212912
Seasonal naive (24 h),12,France,5.4465206924223315,8.82891134683837
Seasonal naive (24 h),12,New Zealand,10.8616072452138,15.006129589440203
Seasonal naive (24 h),12,Brazil South,10.042806373953914,15.90676441612411
Seasonal naive (24 h),12,California,24.778493637510028,33.03662171609671
Seasonal naive (24 h),13,France,5.446829492030731,8.829667833827473
Seasonal naive (24 h),13,New Zealand,10.86188510491916,15.00709280764678
Seasonal naive (24 h),13,Brazil South,10.042667125329665,15.906983557638851
Seasonal naive (24 h),13,California,24.77113863089095,33.01923466427517
Seasonal naive (24 h),14,France,5.44710402569102,8.830406094694878
Seasonal naive (24 h),14,New Zealand,10.861566693428145,15.00763807520686
Seasonal naive (24 h),14,Brazil South,10.042848950567727,15.908054571578592
Seasonal naive (24 h),14,California,24.76365408877165,33.001889288941065
Seasonal naive (24 h),15,France,5.447447516347367,8.831189058955834
Seasonal naive (24 h),15,New Zealand,10.861592290925778,15.008395608471691
Seasonal naive (24 h),15,Brazil South,10.041264196397846,15.90773150898877
Seasonal naive (24 h),15,California,24.75571871056556,32.98468387291545
Seasonal naive (24 h),16,France,5.447928858290304,8.83202116278323
Seasonal naive (24 h),16,New Zealand,10.861904761904762,15.00927290352099
Seasonal naive (24 h),16,Brazil South,10.03942627653471,15.907105330637627
Seasonal naive (24 h),16,California,24.745370051635113,32.96287863273991
Seasonal naive (24 h),17,France,5.4482726959715375,8.83283122106255
Seasonal naive (24 h),17,New Zealand,10.862217376334213,15.010164007367191
Seasonal naive (24 h),17,Brazil South,10.03826466199931,15.907285605595966
Seasonal naive (24 h),17,California,24.73311144267187,32.93365080303645
Seasonal naive (24 h),18,France,5.4485363333715995,8.833586151095727
Seasonal naive (24 h),18,New Zealand,10.862621972219031,15.011149072845825
Seasonal naive (24 h),18,Brazil South,10.0382734473654,15.908348451471937
Seasonal naive (24 h),18,California,24.722729881758696,32.905340540940415
Seasonal naive (24 h),19,France,5.448777127109886,8.834291453030778
Seasonal naive (24 h),19,New Zealand,10.864163509013665,15.012735359944031
Seasonal naive (24 h),19,Brazil South,10.03805258927546,15.909249106794356
Seasonal naive (24 h),19,California,24.722758066368126,32.90686417338442
Seasonal naive (24 h),20,France,5.448995061444815,8.834940864826946
Seasonal naive (24 h),20,New Zealand,10.866463764786953,15.014448422164714
Seasonal naive (24 h),20,Brazil South,10.037808659699092,15.909614995864665
Seasonal naive (24 h),20,California,24.723130814287355,32.9084594565218
Seasonal naive (24 h),21,France,5.449178632969557,8.83553728569681
Seasonal naive (24 h),21,New Zealand,10.867524411257898,15.01581643637818
Seasonal naive (24 h),21,Brazil South,10.037702469844916,15.910420111416578
Seasonal naive (24 h),21,California,24.722205628948878,32.908994875421385
Seasonal naive (24 h),22,France,5.4487073422957595,8.835288330874846
Seasonal naive (24 h),22,New Zealand,10.86841319085373,15.01695988620303
Seasonal naive (24 h),22,Brazil South,10.037331954498448,15.911143700334506
Seasonal naive (24 h),22,California,24.721337469837987,32.90959105640698
Seasonal naive (24 h),23,France,5.447615216641765,8.833751463765097
Seasonal naive (24 h),23,New Zealand,10.869267900241352,15.018203374370541
Seasonal naive (24 h),23,Brazil South,10.03680036777382,15.911784670230869
Seasonal naive (24 h),23,California,24.71931961843466,32.90853759914207
Seasonal naive (24 h),24,France,5.4464421197838835,8.831897274784911
Seasonal naive (24 h),24,New Zealand,10.869076905391426,15.018874319151266
Seasonal naive (24 h),24,Brazil South,10.037165191401309,15.912778449742008
Seasonal naive (24 h),24,California,24.71655362685366,32.90632174880309
GBM (proposed),1,France,1.1109044691188286,1.9288137239530463
GBM (proposed),1,New Zealand,3.4595783745852544,4.9124182762602455
GBM (proposed),1,Brazil South,2.515258050250716,3.984622718767878
GBM (proposed),1,California,9.911653157171083,14.335444109692041
GBM (proposed),2,France,2.049632528331573,3.311009352162755
GBM (proposed),2,New Zealand,5.476411209437006,7.47566148316454
GBM (proposed),2,Brazil South,4.145616713676651,6.331748998679249
GBM (proposed),2,California,13.949830014903497,18.839719260525637
GBM (proposed),3,France,2.811723328845428,4.256283870817984
GBM (proposed),3,New Zealand,6.683930713985841,9.010651498955376
GBM (proposed),3,Brazil South,5.229741154456595,7.885308883936182
GBM (proposed),3,California,15.665886155066055,20.542465066257684
GBM (proposed),4,France,3.429831031047841,4.942523824226259
GBM (proposed),4,New Zealand,7.681646743961695,10.305331421012887
GBM (proposed),4,Brazil South,6.0588483403179305,9.122773597958012
GBM (proposed),4,California,17.40834691446738,22.626196081933475
GBM (proposed),5,France,3.7617878716110766,5.39199306839506
GBM (proposed),5,New Zealand,8.230414405454786,11.066739369523106
GBM (proposed),5,Brazil South,6.5697759129392885,9.892929504714164
GBM (proposed),5,California,18.53964163457103,23.914014487965385
GBM (proposed),6,France,4.080621109076095,5.828980551942343
GBM (proposed),6,New Zealand,8.682218228989008,11.755732472983581
GBM (proposed),6,Brazil South,7.036585920422312,10.630167742832752
GBM (proposed),6,California,19.444093165984032,25.09735917056104
GBM (proposed),7,France,4.3424717034879246,6.144321881379352
GBM (proposed),7,New Zealand,8.97364962377739,12.231237360759971
GBM (proposed),7,Brazil South,7.356468531843097,11.024866009886786
GBM (proposed),7,California,20.238542410080687,26.081127578334616
GBM (proposed),8,France,4.395415018764742,6.258126698087387
GBM (proposed),8,New Zealand,9.217351523740833,12.574348731202566
GBM (proposed),8,Brazil South,7.595279591772687,11.29837570771467
GBM (proposed),8,California,20.87006131164586,27.1104179655289
GBM (proposed),9,France,4.591749934554041,6.5343230061055655
GBM (proposed),9,New Zealand,9.49710586068885,12.922455425136542
GBM (proposed),9,Brazil South,7.789498197326818,11.582561605693487
GBM (proposed),9,California,21.218782288314124,27.715625247667056
GBM (proposed),10,France,4.924742682325752,6.816701695988105
GBM (proposed),10,New Zealand,9.656794942723973,13.15525774831004
GBM (proposed),10,Brazil South,8.325138105163974,12.234904240299059
GBM (proposed),10,California,21.34392427386123,28.01213136119328
GBM (proposed),11,France,4.943974074143281,6.940231158586669
GBM (proposed),11,New Zealand,9.860754654917278,13.400754773890908
GBM (proposed),11,Brazil South,8.357825736086943,12.235784625685568
GBM (proposed),11,California,21.4791405138793,28.34674856998348
GBM (proposed),12,France,5.149226737570089,7.196344408945139
GBM (proposed),12,New Zealand,9.961244962668411,13.483888530385189
GBM (proposed),12,Brazil South,8.630924084444127,12.79389447384521
GBM (proposed),12,California,21.800768194841886,28.76293947485354
GBM (proposed),13,France,5.28134962292182,7.399491844886554
GBM (proposed),13,New Zealand,10.144226898335692,13.699519322463184
GBM (proposed),13,Brazil South,8.381986565914008,12.541737062365828
GBM (proposed),13,California,22.205861414947584,29.426883161419337
GBM (proposed),14,France,5.355965709325177,7.556072567115308
GBM (proposed),14,New Zealand,10.227775833049702,13.816889997945808
GBM (proposed),14,Brazil South,8.604521877358083,12.784054932683604
GBM (proposed),14,California,22.337444001465986,29.593607494889955
GBM (proposed),15,France,5.550860693454264,7.8004595139082635
GBM (proposed),15,New Zealand,10.311365089262551,13.95006288145733
GBM (proposed),15,Brazil South,8.974873534032762,13.26764742632743
GBM (proposed),15,California,22.648460881355067,30.030607342541508
GBM (proposed),16,France,5.747705288961657,8.00884031582012
GBM (proposed),16,New Zealand,10.373044120033192,14.061853744170161
GBM (proposed),16,Brazil South,8.895342849883743,13.158004923662405
GBM (proposed),16,California,22.706293586330602,30.078154056679686
GBM (proposed),17,France,5.708814608147218,8.088914773331647
GBM (proposed),17,New Zealand,10.52087141582364,14.195174259656397
GBM (proposed),17,Brazil South,9.175932598128663,13.567925039525365
GBM (proposed),17,California,22.610468816653704,29.81758709991826
GBM (proposed),18,France,5.94687414523671,8.297949669016477
GBM (proposed),18,New Zealand,10.59861530426018,14.308207818636687
GBM (proposed),18,Brazil South,8.828437042321431,13.126321281368005
GBM (proposed),18,California,22.608750402750506,29.62385005269412
GBM (proposed),19,France,5.967384621220059,8.344652741288437
GBM (proposed),19,New Zealand,10.50503486344464,14.208106044713068
GBM (proposed),19,Brazil South,8.97465755498019,13.353627249936544
GBM (proposed),19,California,22.68956369469347,29.815650943506977
GBM (proposed),20,France,6.14351348929667,8.458063739545993
GBM (proposed),20,New Zealand,10.462265123803746,14.21286447280156
GBM (proposed),20,Brazil South,8.664481357347793,12.866355855481773
GBM (proposed),20,California,22.688191333570785,29.72110654497398
GBM (proposed),21,France,5.931876697852257,8.30155941498864
GBM (proposed),21,New Zealand,10.53765620299592,14.245813530610091
GBM (proposed),21,Brazil South,8.718798427466595,12.897426542868711
GBM (proposed),21,California,22.778851235327995,29.802769626371457
GBM (proposed),22,France,6.032960024258026,8.422531630848916
GBM (proposed),22,New Zealand,10.46589037202915,14.250815372315273
GBM (proposed),22,Brazil South,8.597988581349428,12.831713214121926
GBM (proposed),22,California,22.53419179504396,29.611356696434918
GBM (proposed),23,France,6.174188492064919,8.56395650052144
GBM (proposed),23,New Zealand,10.44829542744863,14.254396841706143
GBM (proposed),23,Brazil South,8.559220304650381,12.804278726706185
GBM (proposed),23,California,22.598759213840644,29.473380841615995
GBM (proposed),24,France,6.279446846552855,8.709590635539959
GBM (proposed),24,New Zealand,10.616181653835008,14.382815401632852
GBM (proposed),24,Brazil South,8.785145036435933,12.947183993357546
GBM (proposed),24,California,22.336344056075994,29.23237495094634
